Using pre-set license
Built from '2022.2/staging' branch; Version is '2022.2.21f1 (4907324dc95b) revision 4785970'; Using compiler version '192829333'; Build Type 'Release'
OS: 'Windows 11  (10.0.26100) 64bit Core' Language: 'es' Physical Memory: 8044 MB
BatchMode: 1, IsHumanControllingUs: 0, StartBugReporterOnCrash: 0, Is64bit: 1, IsPro: 1

COMMAND LINE ARGUMENTS:
C:\Program Files\Unity\Hub\Editor\2022.2.21f1\Editor\Unity.exe
-adb2
-batchMode
-noUpm
-name
AssetImportWorker0
-projectPath
C:/Users/aleza/My project (1)
-logFile
Logs/AssetImportWorker0.log
-srvPort
51711
Successfully changed project path to: C:/Users/aleza/My project (1)
C:/Users/aleza/My project (1)
[UnityMemory] Configuration Parameters - Can be set up in boot.config
    "memorysetup-bucket-allocator-granularity=16"
    "memorysetup-bucket-allocator-bucket-count=8"
    "memorysetup-bucket-allocator-block-size=33554432"
    "memorysetup-bucket-allocator-block-count=8"
    "memorysetup-main-allocator-block-size=16777216"
    "memorysetup-thread-allocator-block-size=16777216"
    "memorysetup-gfx-main-allocator-block-size=16777216"
    "memorysetup-gfx-thread-allocator-block-size=16777216"
    "memorysetup-cache-allocator-block-size=4194304"
    "memorysetup-typetree-allocator-block-size=2097152"
    "memorysetup-profiler-bucket-allocator-granularity=16"
    "memorysetup-profiler-bucket-allocator-bucket-count=8"
    "memorysetup-profiler-bucket-allocator-block-size=33554432"
    "memorysetup-profiler-bucket-allocator-block-count=8"
    "memorysetup-profiler-allocator-block-size=16777216"
    "memorysetup-profiler-editor-allocator-block-size=1048576"
    "memorysetup-temp-allocator-size-main=16777216"
    "memorysetup-job-temp-allocator-block-size=2097152"
    "memorysetup-job-temp-allocator-block-size-background=1048576"
    "memorysetup-job-temp-allocator-reduction-small-platforms=262144"
    "memorysetup-allocator-temp-initial-block-size-main=262144"
    "memorysetup-allocator-temp-initial-block-size-worker=262144"
    "memorysetup-temp-allocator-size-background-worker=32768"
    "memorysetup-temp-allocator-size-job-worker=262144"
    "memorysetup-temp-allocator-size-preload-manager=33554432"
    "memorysetup-temp-allocator-size-nav-mesh-worker=65536"
    "memorysetup-temp-allocator-size-audio-worker=65536"
    "memorysetup-temp-allocator-size-cloud-worker=32768"
    "memorysetup-temp-allocator-size-gi-baking-worker=262144"
    "memorysetup-temp-allocator-size-gfx=262144"
Player connection [20648] Host "[IP] 192.168.20.25 [Port] 0 [Flags] 2 [Guid] 1346046328 [EditorId] 1346046328 [Version] 1048832 [Id] WindowsEditor(7,alexander) [Debug] 1 [PackageName] WindowsEditor [ProjectName] Editor" joined multi-casting on [225.0.0.222:54997]...

Player connection [20648] Host "[IP] 192.168.20.25 [Port] 0 [Flags] 2 [Guid] 1346046328 [EditorId] 1346046328 [Version] 1048832 [Id] WindowsEditor(7,alexander) [Debug] 1 [PackageName] WindowsEditor [ProjectName] Editor" joined alternative multi-casting on [225.0.0.222:34997]...

Refreshing native plugins compatible for Editor in 15.24 ms, found 3 plugins.
Preloading 0 native plugins for Editor in 0.00 ms.
Initialize engine version: 2022.2.21f1 (4907324dc95b)
[Subsystems] Discovering subsystems at path C:/Program Files/Unity/Hub/Editor/2022.2.21f1/Editor/Data/Resources/UnitySubsystems
[Subsystems] Discovering subsystems at path C:/Users/aleza/My project (1)/Assets
GfxDevice: creating device client; threaded=0; jobified=0
Direct3D:
    Version:  Direct3D 11.0 [level 11.1]
    Renderer: NVIDIA GeForce GTX 1650 (ID=0x1f91)
    Vendor:   NVIDIA
    VRAM:     3935 MB
    Driver:   32.0.15.5597
Initialize mono
Mono path[0] = 'C:/Program Files/Unity/Hub/Editor/2022.2.21f1/Editor/Data/Managed'
Mono path[1] = 'C:/Program Files/Unity/Hub/Editor/2022.2.21f1/Editor/Data/MonoBleedingEdge/lib/mono/unityjit-win32'
Mono config path = 'C:/Program Files/Unity/Hub/Editor/2022.2.21f1/Editor/Data/MonoBleedingEdge/etc'
Using monoOptions --debugger-agent=transport=dt_socket,embedding=1,server=y,suspend=n,address=127.0.0.1:56604
Begin MonoManager ReloadAssembly
Registering precompiled unity dll's ...
Register platform support module: C:/Program Files/Unity/Hub/Editor/2022.2.21f1/Editor/Data/PlaybackEngines/WindowsStandaloneSupport/UnityEditor.WindowsStandalone.Extensions.dll
Registered in 0.006978 seconds.
- Loaded All Assemblies, in  0.436 seconds
Native extension for WindowsStandalone target not found
Mono: successfully reloaded assembly
- Finished resetting the current domain, in  0.427 seconds
Domain Reload Profiling:
	ReloadAssembly (216ms)
		BeginReloadAssembly (101ms)
			ExecutionOrderSort (0ms)
			DisableScriptedObjects (0ms)
			BackupInstance (0ms)
			ReleaseScriptingObjects (0ms)
			CreateAndSetChildDomain (1ms)
		LoadAllAssembliesAndSetupDomain (0ms)
			LoadAssemblies (99ms)
			RebuildTransferFunctionScriptingTraits (0ms)
			SetupTypeCache (210ms)
				TypeCache.Initialize (209ms)
					TypeCache.ScanAssembly (207ms)
				ResolveRequiredComponents (0ms)
		FinalizeReload (0ms)
			ReleaseScriptCaches (0ms)
			RebuildScriptCaches (0ms)
			SetupLoadedEditorAssemblies (338ms)
				LogAssemblyErrors (0ms)
				InitializePlatformSupportModulesInManaged (10ms)
				SetLoadedEditorAssemblies (8ms)
				RefreshPlugins (0ms)
				BeforeProcessingInitializeOnLoad (1ms)
				ProcessInitializeOnLoadAttributes (239ms)
				ProcessInitializeOnLoadMethodAttributes (79ms)
				AfterProcessingInitializeOnLoad (0ms)
				EditorAssembliesLoaded (0ms)
			ExecutionOrderSort2 (0ms)
			AwakeInstancesAfterBackupRestoration (0ms)
========================================================================
Worker process is ready to serve import requests
Begin MonoManager ReloadAssembly
Symbol file LoadedFromMemory doesn't match image C:\Users\aleza\My project (1)\Library\PackageCache\com.unity.visualscripting@1.8.0\Editor\VisualScripting.Core\Dependencies\YamlDotNet\Unity.VisualScripting.YamlDotNet.dll
Symbol file LoadedFromMemory doesn't match image C:\Users\aleza\My project (1)\Library\PackageCache\com.unity.visualscripting@1.8.0\Editor\VisualScripting.Core\Dependencies\DotNetZip\Unity.VisualScripting.IonicZip.dll
- Loaded All Assemblies, in  0.868 seconds
Refreshing native plugins compatible for Editor in 4.09 ms, found 3 plugins.
Native extension for WindowsStandalone target not found
Mono: successfully reloaded assembly
- Finished resetting the current domain, in  0.659 seconds
Domain Reload Profiling:
	ReloadAssembly (248ms)
		BeginReloadAssembly (151ms)
			ExecutionOrderSort (0ms)
			DisableScriptedObjects (6ms)
			BackupInstance (0ms)
			ReleaseScriptingObjects (0ms)
			CreateAndSetChildDomain (24ms)
		LoadAllAssembliesAndSetupDomain (617ms)
			LoadAssemblies (337ms)
			RebuildTransferFunctionScriptingTraits (0ms)
			SetupTypeCache (356ms)
				TypeCache.Initialize (334ms)
					TypeCache.ScanAssembly (327ms)
				ResolveRequiredComponents (5ms)
		FinalizeReload (0ms)
			ReleaseScriptCaches (0ms)
			RebuildScriptCaches (0ms)
			SetupLoadedEditorAssemblies (473ms)
				LogAssemblyErrors (0ms)
				InitializePlatformSupportModulesInManaged (5ms)
				SetLoadedEditorAssemblies (3ms)
				RefreshPlugins (0ms)
				BeforeProcessingInitializeOnLoad (56ms)
				ProcessInitializeOnLoadAttributes (380ms)
				ProcessInitializeOnLoadMethodAttributes (22ms)
				AfterProcessingInitializeOnLoad (6ms)
				EditorAssembliesLoaded (0ms)
			ExecutionOrderSort2 (0ms)
			AwakeInstancesAfterBackupRestoration (7ms)
Launched and connected shader compiler UnityShaderCompiler.exe after 0.08 seconds
Refreshing native plugins compatible for Editor in 3.52 ms, found 3 plugins.
Preloading 0 native plugins for Editor in 0.00 ms.
Unloading 3125 Unused Serialized files (Serialized files now loaded: 0)
Unloading 29 unused Assets / (56.3 KB). Loaded Objects now: 3590.
Memory consumption went from 108.8 MB to 108.7 MB.
Total: 3.455900 ms (FindLiveObjects: 0.272600 ms CreateObjectMapping: 0.247800 ms MarkObjects: 2.832200 ms  DeleteObjects: 0.102500 ms)

AssetImportParameters requested are different than current active one (requested -> active):
  custom:container-demuxer-ogg: 62fdf1f143b41e24485cea50d1cbac27 -> 
  custom:video-codec-MediaFoundation-h265: 746d11721c4dcdbdad8f713fa42b33f4 -> 
  custom:video-decoder-ogg-theora: a1e56fd34408186e4bbccfd4996cb3dc -> 
  custom:framework-win-MediaFoundation: 216162199b28c13a410421893ffa2e32 -> 
  custom:container-demuxer-webm: 4f35f7cbe854078d1ac9338744f61a02 -> 
  custom:container-muxer-webm: aa71ff27fc2769a1b78a27578f13a17b -> 
  custom:video-decoder-webm-vp8: 9c59270c3fd7afecdb556c50c9e8de78 -> 
  custom:AudioImporter_EditorPlatform: d09bf68614088b80899f8185d706f6e7 -> 
  custom:video-encoder-webm-vp8: eb34c28f22e8b96e1ab97ce403110664 -> 
  custom:audio-decoder-ogg-vorbis: bf7c407c2cedff20999df2af8eb42d56 -> 
  custom:audio-encoder-webm-vorbis: bf7c407c2cedff20999df2af8eb42d56 -> 
========================================================================
Received Import Request.
  Time since last request: 10526.533237 seconds.
  path: Assets/Scripts/Move.cs
  artifactKey: Guid(166a968bce16d064bb8e864ababc4f2e) Importer(815301076,1909f56bfc062723c751e8b465ee728b)
Start importing Assets/Scripts/Move.cs using Guid(166a968bce16d064bb8e864ababc4f2e) Importer(815301076,1909f56bfc062723c751e8b465ee728b)  -> (artifact id: '7584cef789a0d08ea04c8b886f8892c4') in 0.002558 seconds
Number of updated asset objects reloaded before import = 0
Number of asset objects unloaded after import = 0
========================================================================
Received Prepare
Begin MonoManager ReloadAssembly
Symbol file LoadedFromMemory doesn't match image C:\Users\aleza\My project (1)\Library\PackageCache\com.unity.visualscripting@1.8.0\Editor\VisualScripting.Core\Dependencies\YamlDotNet\Unity.VisualScripting.YamlDotNet.dll
Symbol file LoadedFromMemory doesn't match image C:\Users\aleza\My project (1)\Library\PackageCache\com.unity.visualscripting@1.8.0\Editor\VisualScripting.Core\Dependencies\DotNetZip\Unity.VisualScripting.IonicZip.dll
- Loaded All Assemblies, in  0.785 seconds
Refreshing native plugins compatible for Editor in 2.74 ms, found 3 plugins.
Native extension for WindowsStandalone target not found
Mono: successfully reloaded assembly
- Finished resetting the current domain, in  1.163 seconds
Domain Reload Profiling:
	ReloadAssembly (258ms)
		BeginReloadAssembly (176ms)
			ExecutionOrderSort (0ms)
			DisableScriptedObjects (6ms)
			BackupInstance (0ms)
			ReleaseScriptingObjects (0ms)
			CreateAndSetChildDomain (60ms)
		LoadAllAssembliesAndSetupDomain (525ms)
			LoadAssemblies (266ms)
			RebuildTransferFunctionScriptingTraits (0ms)
			SetupTypeCache (329ms)
				TypeCache.Initialize (324ms)
					TypeCache.ScanAssembly (319ms)
				ResolveRequiredComponents (4ms)
		FinalizeReload (0ms)
			ReleaseScriptCaches (0ms)
			RebuildScriptCaches (0ms)
			SetupLoadedEditorAssemblies (542ms)
				LogAssemblyErrors (0ms)
				InitializePlatformSupportModulesInManaged (8ms)
				SetLoadedEditorAssemblies (6ms)
				RefreshPlugins (0ms)
				BeforeProcessingInitializeOnLoad (81ms)
				ProcessInitializeOnLoadAttributes (409ms)
				ProcessInitializeOnLoadMethodAttributes (30ms)
				AfterProcessingInitializeOnLoad (8ms)
				EditorAssembliesLoaded (0ms)
			ExecutionOrderSort2 (0ms)
			AwakeInstancesAfterBackupRestoration (14ms)
Refreshing native plugins compatible for Editor in 7.61 ms, found 3 plugins.
Preloading 0 native plugins for Editor in 0.00 ms.
Unloading 3117 Unused Serialized files (Serialized files now loaded: 0)
Unloading 20 unused Assets / (30.6 KB). Loaded Objects now: 3593.
Memory consumption went from 107.6 MB to 107.6 MB.
Total: 6.578400 ms (FindLiveObjects: 0.754500 ms CreateObjectMapping: 0.429200 ms MarkObjects: 5.313800 ms  DeleteObjects: 0.078900 ms)

Prepare: number of updated asset objects reloaded= 0
AssetImportParameters requested are different than current active one (requested -> active):
  custom:container-demuxer-ogg: 62fdf1f143b41e24485cea50d1cbac27 -> 
  custom:video-codec-MediaFoundation-h265: 746d11721c4dcdbdad8f713fa42b33f4 -> 
  custom:video-decoder-ogg-theora: a1e56fd34408186e4bbccfd4996cb3dc -> 
  custom:framework-win-MediaFoundation: 216162199b28c13a410421893ffa2e32 -> 
  custom:container-demuxer-webm: 4f35f7cbe854078d1ac9338744f61a02 -> 
  custom:container-muxer-webm: aa71ff27fc2769a1b78a27578f13a17b -> 
  custom:video-decoder-webm-vp8: 9c59270c3fd7afecdb556c50c9e8de78 -> 
  custom:AudioImporter_EditorPlatform: d09bf68614088b80899f8185d706f6e7 -> 
  custom:video-encoder-webm-vp8: eb34c28f22e8b96e1ab97ce403110664 -> 
  custom:audio-decoder-ogg-vorbis: bf7c407c2cedff20999df2af8eb42d56 -> 
  custom:audio-encoder-webm-vorbis: bf7c407c2cedff20999df2af8eb42d56 -> 
========================================================================
Received Import Request.
  Time since last request: 256.586054 seconds.
  path: Assets/Prefabs/bala.prefab
  artifactKey: Guid(0295a8eba3e21574b9385de076b64668) Importer(815301076,1909f56bfc062723c751e8b465ee728b)
Start importing Assets/Prefabs/bala.prefab using Guid(0295a8eba3e21574b9385de076b64668) Importer(815301076,1909f56bfc062723c751e8b465ee728b)  -> (artifact id: 'a284deed32c3f98a3f7cc4c3673334ac') in 0.195304 seconds
Number of updated asset objects reloaded before import = 0
Number of asset objects unloaded after import = 9
========================================================================
Received Import Request.
  Time since last request: 41.858653 seconds.
  path: Assets/Prefabs/bala.prefab
  artifactKey: Guid(0295a8eba3e21574b9385de076b64668) Importer(815301076,1909f56bfc062723c751e8b465ee728b)
Start importing Assets/Prefabs/bala.prefab using Guid(0295a8eba3e21574b9385de076b64668) Importer(815301076,1909f56bfc062723c751e8b465ee728b)  -> (artifact id: '6ade9529ac9b728a525afce248c37880') in 0.011263 seconds
Number of updated asset objects reloaded before import = 0
Number of asset objects unloaded after import = 9
========================================================================
Received Prepare
Begin MonoManager ReloadAssembly
Symbol file LoadedFromMemory doesn't match image C:\Users\aleza\My project (1)\Library\PackageCache\com.unity.visualscripting@1.8.0\Editor\VisualScripting.Core\Dependencies\YamlDotNet\Unity.VisualScripting.YamlDotNet.dll
Symbol file LoadedFromMemory doesn't match image C:\Users\aleza\My project (1)\Library\PackageCache\com.unity.visualscripting@1.8.0\Editor\VisualScripting.Core\Dependencies\DotNetZip\Unity.VisualScripting.IonicZip.dll
- Loaded All Assemblies, in  0.808 seconds
Refreshing native plugins compatible for Editor in 3.30 ms, found 3 plugins.
Native extension for WindowsStandalone target not found
Mono: successfully reloaded assembly
- Finished resetting the current domain, in  1.236 seconds
Domain Reload Profiling:
	ReloadAssembly (251ms)
		BeginReloadAssembly (172ms)
			ExecutionOrderSort (0ms)
			DisableScriptedObjects (6ms)
			BackupInstance (0ms)
			ReleaseScriptingObjects (0ms)
			CreateAndSetChildDomain (59ms)
		LoadAllAssembliesAndSetupDomain (554ms)
			LoadAssemblies (280ms)
			RebuildTransferFunctionScriptingTraits (0ms)
			SetupTypeCache (339ms)
				TypeCache.Initialize (334ms)
					TypeCache.ScanAssembly (329ms)
				ResolveRequiredComponents (4ms)
		FinalizeReload (0ms)
			ReleaseScriptCaches (0ms)
			RebuildScriptCaches (0ms)
			SetupLoadedEditorAssemblies (583ms)
				LogAssemblyErrors (0ms)
				InitializePlatformSupportModulesInManaged (10ms)
				SetLoadedEditorAssemblies (5ms)
				RefreshPlugins (0ms)
				BeforeProcessingInitializeOnLoad (84ms)
				ProcessInitializeOnLoadAttributes (435ms)
				ProcessInitializeOnLoadMethodAttributes (37ms)
				AfterProcessingInitializeOnLoad (12ms)
				EditorAssembliesLoaded (0ms)
			ExecutionOrderSort2 (0ms)
			AwakeInstancesAfterBackupRestoration (13ms)
Refreshing native plugins compatible for Editor in 5.29 ms, found 3 plugins.
Preloading 0 native plugins for Editor in 0.00 ms.
Unloading 3117 Unused Serialized files (Serialized files now loaded: 0)
Unloading 20 unused Assets / (30.5 KB). Loaded Objects now: 3605.
Memory consumption went from 112.3 MB to 112.2 MB.
Total: 4.719500 ms (FindLiveObjects: 0.305800 ms CreateObjectMapping: 0.639400 ms MarkObjects: 3.711200 ms  DeleteObjects: 0.061700 ms)

Prepare: number of updated asset objects reloaded= 0
AssetImportParameters requested are different than current active one (requested -> active):
  custom:container-demuxer-ogg: 62fdf1f143b41e24485cea50d1cbac27 -> 
  custom:video-codec-MediaFoundation-h265: 746d11721c4dcdbdad8f713fa42b33f4 -> 
  custom:video-decoder-ogg-theora: a1e56fd34408186e4bbccfd4996cb3dc -> 
  custom:framework-win-MediaFoundation: 216162199b28c13a410421893ffa2e32 -> 
  custom:container-demuxer-webm: 4f35f7cbe854078d1ac9338744f61a02 -> 
  custom:container-muxer-webm: aa71ff27fc2769a1b78a27578f13a17b -> 
  custom:video-decoder-webm-vp8: 9c59270c3fd7afecdb556c50c9e8de78 -> 
  custom:AudioImporter_EditorPlatform: d09bf68614088b80899f8185d706f6e7 -> 
  custom:video-encoder-webm-vp8: eb34c28f22e8b96e1ab97ce403110664 -> 
  custom:audio-decoder-ogg-vorbis: bf7c407c2cedff20999df2af8eb42d56 -> 
  custom:audio-encoder-webm-vorbis: bf7c407c2cedff20999df2af8eb42d56 -> 
========================================================================
Received Prepare
Begin MonoManager ReloadAssembly
Symbol file LoadedFromMemory doesn't match image C:\Users\aleza\My project (1)\Library\PackageCache\com.unity.visualscripting@1.8.0\Editor\VisualScripting.Core\Dependencies\YamlDotNet\Unity.VisualScripting.YamlDotNet.dll
Symbol file LoadedFromMemory doesn't match image C:\Users\aleza\My project (1)\Library\PackageCache\com.unity.visualscripting@1.8.0\Editor\VisualScripting.Core\Dependencies\DotNetZip\Unity.VisualScripting.IonicZip.dll
- Loaded All Assemblies, in  1.004 seconds
Refreshing native plugins compatible for Editor in 3.05 ms, found 3 plugins.
Native extension for WindowsStandalone target not found
Mono: successfully reloaded assembly
- Finished resetting the current domain, in  0.996 seconds
Domain Reload Profiling:
	ReloadAssembly (313ms)
		BeginReloadAssembly (200ms)
			ExecutionOrderSort (0ms)
			DisableScriptedObjects (8ms)
			BackupInstance (0ms)
			ReleaseScriptingObjects (0ms)
			CreateAndSetChildDomain (62ms)
		LoadAllAssembliesAndSetupDomain (687ms)
			LoadAssemblies (341ms)
			RebuildTransferFunctionScriptingTraits (0ms)
			SetupTypeCache (429ms)
				TypeCache.Initialize (417ms)
					TypeCache.ScanAssembly (409ms)
				ResolveRequiredComponents (8ms)
		FinalizeReload (0ms)
			ReleaseScriptCaches (0ms)
			RebuildScriptCaches (0ms)
			SetupLoadedEditorAssemblies (459ms)
				LogAssemblyErrors (0ms)
				InitializePlatformSupportModulesInManaged (8ms)
				SetLoadedEditorAssemblies (4ms)
				RefreshPlugins (0ms)
				BeforeProcessingInitializeOnLoad (64ms)
				ProcessInitializeOnLoadAttributes (351ms)
				ProcessInitializeOnLoadMethodAttributes (25ms)
				AfterProcessingInitializeOnLoad (7ms)
				EditorAssembliesLoaded (0ms)
			ExecutionOrderSort2 (0ms)
			AwakeInstancesAfterBackupRestoration (7ms)
Refreshing native plugins compatible for Editor in 2.75 ms, found 3 plugins.
Preloading 0 native plugins for Editor in 0.00 ms.
Unloading 3118 Unused Serialized files (Serialized files now loaded: 0)
Unloading 20 unused Assets / (30.5 KB). Loaded Objects now: 3608.
Memory consumption went from 112.5 MB to 112.5 MB.
Total: 2.752100 ms (FindLiveObjects: 0.245600 ms CreateObjectMapping: 0.227400 ms MarkObjects: 2.231900 ms  DeleteObjects: 0.046200 ms)

Prepare: number of updated asset objects reloaded= 0
AssetImportParameters requested are different than current active one (requested -> active):
  custom:container-demuxer-ogg: 62fdf1f143b41e24485cea50d1cbac27 -> 
  custom:video-codec-MediaFoundation-h265: 746d11721c4dcdbdad8f713fa42b33f4 -> 
  custom:video-decoder-ogg-theora: a1e56fd34408186e4bbccfd4996cb3dc -> 
  custom:framework-win-MediaFoundation: 216162199b28c13a410421893ffa2e32 -> 
  custom:container-demuxer-webm: 4f35f7cbe854078d1ac9338744f61a02 -> 
  custom:container-muxer-webm: aa71ff27fc2769a1b78a27578f13a17b -> 
  custom:video-decoder-webm-vp8: 9c59270c3fd7afecdb556c50c9e8de78 -> 
  custom:AudioImporter_EditorPlatform: d09bf68614088b80899f8185d706f6e7 -> 
  custom:video-encoder-webm-vp8: eb34c28f22e8b96e1ab97ce403110664 -> 
  custom:audio-decoder-ogg-vorbis: bf7c407c2cedff20999df2af8eb42d56 -> 
  custom:audio-encoder-webm-vorbis: bf7c407c2cedff20999df2af8eb42d56 -> 
========================================================================
Received Prepare
Begin MonoManager ReloadAssembly
Symbol file LoadedFromMemory doesn't match image C:\Users\aleza\My project (1)\Library\PackageCache\com.unity.visualscripting@1.8.0\Editor\VisualScripting.Core\Dependencies\YamlDotNet\Unity.VisualScripting.YamlDotNet.dll
Symbol file LoadedFromMemory doesn't match image C:\Users\aleza\My project (1)\Library\PackageCache\com.unity.visualscripting@1.8.0\Editor\VisualScripting.Core\Dependencies\DotNetZip\Unity.VisualScripting.IonicZip.dll
- Loaded All Assemblies, in  0.807 seconds
Refreshing native plugins compatible for Editor in 3.04 ms, found 3 plugins.
Native extension for WindowsStandalone target not found
Mono: successfully reloaded assembly
- Finished resetting the current domain, in  1.202 seconds
Domain Reload Profiling:
	ReloadAssembly (252ms)
		BeginReloadAssembly (160ms)
			ExecutionOrderSort (0ms)
			DisableScriptedObjects (6ms)
			BackupInstance (0ms)
			ReleaseScriptingObjects (0ms)
			CreateAndSetChildDomain (49ms)
		LoadAllAssembliesAndSetupDomain (552ms)
			LoadAssemblies (275ms)
			RebuildTransferFunctionScriptingTraits (0ms)
			SetupTypeCache (343ms)
				TypeCache.Initialize (339ms)
					TypeCache.ScanAssembly (328ms)
				ResolveRequiredComponents (4ms)
		FinalizeReload (0ms)
			ReleaseScriptCaches (0ms)
			RebuildScriptCaches (0ms)
			SetupLoadedEditorAssemblies (552ms)
				LogAssemblyErrors (0ms)
				InitializePlatformSupportModulesInManaged (10ms)
				SetLoadedEditorAssemblies (6ms)
				RefreshPlugins (0ms)
				BeforeProcessingInitializeOnLoad (90ms)
				ProcessInitializeOnLoadAttributes (405ms)
				ProcessInitializeOnLoadMethodAttributes (32ms)
				AfterProcessingInitializeOnLoad (8ms)
				EditorAssembliesLoaded (0ms)
			ExecutionOrderSort2 (0ms)
			AwakeInstancesAfterBackupRestoration (13ms)
Refreshing native plugins compatible for Editor in 10.77 ms, found 3 plugins.
Preloading 0 native plugins for Editor in 0.00 ms.
Unloading 3118 Unused Serialized files (Serialized files now loaded: 0)
Unloading 20 unused Assets / (30.5 KB). Loaded Objects now: 3611.
Memory consumption went from 112.5 MB to 112.5 MB.
Total: 6.907300 ms (FindLiveObjects: 0.963300 ms CreateObjectMapping: 0.556200 ms MarkObjects: 5.223400 ms  DeleteObjects: 0.162600 ms)

Prepare: number of updated asset objects reloaded= 0
AssetImportParameters requested are different than current active one (requested -> active):
  custom:container-demuxer-ogg: 62fdf1f143b41e24485cea50d1cbac27 -> 
  custom:video-codec-MediaFoundation-h265: 746d11721c4dcdbdad8f713fa42b33f4 -> 
  custom:video-decoder-ogg-theora: a1e56fd34408186e4bbccfd4996cb3dc -> 
  custom:framework-win-MediaFoundation: 216162199b28c13a410421893ffa2e32 -> 
  custom:container-demuxer-webm: 4f35f7cbe854078d1ac9338744f61a02 -> 
  custom:container-muxer-webm: aa71ff27fc2769a1b78a27578f13a17b -> 
  custom:video-decoder-webm-vp8: 9c59270c3fd7afecdb556c50c9e8de78 -> 
  custom:AudioImporter_EditorPlatform: d09bf68614088b80899f8185d706f6e7 -> 
  custom:video-encoder-webm-vp8: eb34c28f22e8b96e1ab97ce403110664 -> 
  custom:audio-decoder-ogg-vorbis: bf7c407c2cedff20999df2af8eb42d56 -> 
  custom:audio-encoder-webm-vorbis: bf7c407c2cedff20999df2af8eb42d56 -> 
========================================================================
Received Prepare
Begin MonoManager ReloadAssembly
Symbol file LoadedFromMemory doesn't match image C:\Users\aleza\My project (1)\Library\PackageCache\com.unity.visualscripting@1.8.0\Editor\VisualScripting.Core\Dependencies\YamlDotNet\Unity.VisualScripting.YamlDotNet.dll
Symbol file LoadedFromMemory doesn't match image C:\Users\aleza\My project (1)\Library\PackageCache\com.unity.visualscripting@1.8.0\Editor\VisualScripting.Core\Dependencies\DotNetZip\Unity.VisualScripting.IonicZip.dll
- Loaded All Assemblies, in  1.007 seconds
Refreshing native plugins compatible for Editor in 3.07 ms, found 3 plugins.
Native extension for WindowsStandalone target not found
Mono: successfully reloaded assembly
- Finished resetting the current domain, in  0.947 seconds
Domain Reload Profiling:
	ReloadAssembly (329ms)
		BeginReloadAssembly (201ms)
			ExecutionOrderSort (0ms)
			DisableScriptedObjects (12ms)
			BackupInstance (0ms)
			ReleaseScriptingObjects (0ms)
			CreateAndSetChildDomain (56ms)
		LoadAllAssembliesAndSetupDomain (675ms)
			LoadAssemblies (308ms)
			RebuildTransferFunctionScriptingTraits (0ms)
			SetupTypeCache (443ms)
				TypeCache.Initialize (434ms)
					TypeCache.ScanAssembly (427ms)
				ResolveRequiredComponents (5ms)
		FinalizeReload (0ms)
			ReleaseScriptCaches (0ms)
			RebuildScriptCaches (0ms)
			SetupLoadedEditorAssemblies (454ms)
				LogAssemblyErrors (0ms)
				InitializePlatformSupportModulesInManaged (9ms)
				SetLoadedEditorAssemblies (5ms)
				RefreshPlugins (0ms)
				BeforeProcessingInitializeOnLoad (78ms)
				ProcessInitializeOnLoadAttributes (333ms)
				ProcessInitializeOnLoadMethodAttributes (23ms)
				AfterProcessingInitializeOnLoad (7ms)
				EditorAssembliesLoaded (0ms)
			ExecutionOrderSort2 (0ms)
			AwakeInstancesAfterBackupRestoration (12ms)
Refreshing native plugins compatible for Editor in 2.86 ms, found 3 plugins.
Preloading 0 native plugins for Editor in 0.00 ms.
Unloading 3118 Unused Serialized files (Serialized files now loaded: 0)
Unloading 20 unused Assets / (30.5 KB). Loaded Objects now: 3614.
Memory consumption went from 112.5 MB to 112.5 MB.
Total: 2.831900 ms (FindLiveObjects: 0.365500 ms CreateObjectMapping: 0.237200 ms MarkObjects: 2.187900 ms  DeleteObjects: 0.040200 ms)

Prepare: number of updated asset objects reloaded= 0
AssetImportParameters requested are different than current active one (requested -> active):
  custom:container-demuxer-ogg: 62fdf1f143b41e24485cea50d1cbac27 -> 
  custom:video-codec-MediaFoundation-h265: 746d11721c4dcdbdad8f713fa42b33f4 -> 
  custom:video-decoder-ogg-theora: a1e56fd34408186e4bbccfd4996cb3dc -> 
  custom:framework-win-MediaFoundation: 216162199b28c13a410421893ffa2e32 -> 
  custom:container-demuxer-webm: 4f35f7cbe854078d1ac9338744f61a02 -> 
  custom:container-muxer-webm: aa71ff27fc2769a1b78a27578f13a17b -> 
  custom:video-decoder-webm-vp8: 9c59270c3fd7afecdb556c50c9e8de78 -> 
  custom:AudioImporter_EditorPlatform: d09bf68614088b80899f8185d706f6e7 -> 
  custom:video-encoder-webm-vp8: eb34c28f22e8b96e1ab97ce403110664 -> 
  custom:audio-decoder-ogg-vorbis: bf7c407c2cedff20999df2af8eb42d56 -> 
  custom:audio-encoder-webm-vorbis: bf7c407c2cedff20999df2af8eb42d56 -> 
========================================================================
Received Prepare
Begin MonoManager ReloadAssembly
Symbol file LoadedFromMemory doesn't match image C:\Users\aleza\My project (1)\Library\PackageCache\com.unity.visualscripting@1.8.0\Editor\VisualScripting.Core\Dependencies\YamlDotNet\Unity.VisualScripting.YamlDotNet.dll
Symbol file LoadedFromMemory doesn't match image C:\Users\aleza\My project (1)\Library\PackageCache\com.unity.visualscripting@1.8.0\Editor\VisualScripting.Core\Dependencies\DotNetZip\Unity.VisualScripting.IonicZip.dll
- Loaded All Assemblies, in  0.808 seconds
Refreshing native plugins compatible for Editor in 3.99 ms, found 3 plugins.
Native extension for WindowsStandalone target not found
Mono: successfully reloaded assembly
- Finished resetting the current domain, in  1.211 seconds
Domain Reload Profiling:
	ReloadAssembly (256ms)
		BeginReloadAssembly (165ms)
			ExecutionOrderSort (0ms)
			DisableScriptedObjects (5ms)
			BackupInstance (0ms)
			ReleaseScriptingObjects (0ms)
			CreateAndSetChildDomain (49ms)
		LoadAllAssembliesAndSetupDomain (549ms)
			LoadAssemblies (259ms)
			RebuildTransferFunctionScriptingTraits (0ms)
			SetupTypeCache (354ms)
				TypeCache.Initialize (347ms)
					TypeCache.ScanAssembly (337ms)
				ResolveRequiredComponents (7ms)
		FinalizeReload (0ms)
			ReleaseScriptCaches (0ms)
			RebuildScriptCaches (0ms)
			SetupLoadedEditorAssemblies (537ms)
				LogAssemblyErrors (0ms)
				InitializePlatformSupportModulesInManaged (10ms)
				SetLoadedEditorAssemblies (4ms)
				RefreshPlugins (0ms)
				BeforeProcessingInitializeOnLoad (81ms)
				ProcessInitializeOnLoadAttributes (402ms)
				ProcessInitializeOnLoadMethodAttributes (32ms)
				AfterProcessingInitializeOnLoad (8ms)
				EditorAssembliesLoaded (0ms)
			ExecutionOrderSort2 (0ms)
			AwakeInstancesAfterBackupRestoration (12ms)
Refreshing native plugins compatible for Editor in 4.97 ms, found 3 plugins.
Preloading 0 native plugins for Editor in 0.00 ms.
Unloading 3118 Unused Serialized files (Serialized files now loaded: 0)
Unloading 20 unused Assets / (30.5 KB). Loaded Objects now: 3617.
Memory consumption went from 112.5 MB to 112.5 MB.
Total: 5.522600 ms (FindLiveObjects: 0.308300 ms CreateObjectMapping: 0.286200 ms MarkObjects: 4.834900 ms  DeleteObjects: 0.092100 ms)

Prepare: number of updated asset objects reloaded= 0
AssetImportParameters requested are different than current active one (requested -> active):
  custom:container-demuxer-ogg: 62fdf1f143b41e24485cea50d1cbac27 -> 
  custom:video-codec-MediaFoundation-h265: 746d11721c4dcdbdad8f713fa42b33f4 -> 
  custom:video-decoder-ogg-theora: a1e56fd34408186e4bbccfd4996cb3dc -> 
  custom:framework-win-MediaFoundation: 216162199b28c13a410421893ffa2e32 -> 
  custom:container-demuxer-webm: 4f35f7cbe854078d1ac9338744f61a02 -> 
  custom:container-muxer-webm: aa71ff27fc2769a1b78a27578f13a17b -> 
  custom:video-decoder-webm-vp8: 9c59270c3fd7afecdb556c50c9e8de78 -> 
  custom:AudioImporter_EditorPlatform: d09bf68614088b80899f8185d706f6e7 -> 
  custom:video-encoder-webm-vp8: eb34c28f22e8b96e1ab97ce403110664 -> 
  custom:audio-decoder-ogg-vorbis: bf7c407c2cedff20999df2af8eb42d56 -> 
  custom:audio-encoder-webm-vorbis: bf7c407c2cedff20999df2af8eb42d56 -> 
========================================================================
Received Prepare
Begin MonoManager ReloadAssembly
Symbol file LoadedFromMemory doesn't match image C:\Users\aleza\My project (1)\Library\PackageCache\com.unity.visualscripting@1.8.0\Editor\VisualScripting.Core\Dependencies\YamlDotNet\Unity.VisualScripting.YamlDotNet.dll
Symbol file LoadedFromMemory doesn't match image C:\Users\aleza\My project (1)\Library\PackageCache\com.unity.visualscripting@1.8.0\Editor\VisualScripting.Core\Dependencies\DotNetZip\Unity.VisualScripting.IonicZip.dll
- Loaded All Assemblies, in  0.943 seconds
Refreshing native plugins compatible for Editor in 3.08 ms, found 3 plugins.
Native extension for WindowsStandalone target not found
Mono: successfully reloaded assembly
- Finished resetting the current domain, in  0.959 seconds
Domain Reload Profiling:
	ReloadAssembly (299ms)
		BeginReloadAssembly (191ms)
			ExecutionOrderSort (0ms)
			DisableScriptedObjects (9ms)
			BackupInstance (0ms)
			ReleaseScriptingObjects (0ms)
			CreateAndSetChildDomain (53ms)
		LoadAllAssembliesAndSetupDomain (642ms)
			LoadAssemblies (321ms)
			RebuildTransferFunctionScriptingTraits (0ms)
			SetupTypeCache (401ms)
				TypeCache.Initialize (395ms)
					TypeCache.ScanAssembly (386ms)
				ResolveRequiredComponents (4ms)
		FinalizeReload (0ms)
			ReleaseScriptCaches (0ms)
			RebuildScriptCaches (0ms)
			SetupLoadedEditorAssemblies (443ms)
				LogAssemblyErrors (0ms)
				InitializePlatformSupportModulesInManaged (7ms)
				SetLoadedEditorAssemblies (6ms)
				RefreshPlugins (0ms)
				BeforeProcessingInitializeOnLoad (85ms)
				ProcessInitializeOnLoadAttributes (319ms)
				ProcessInitializeOnLoadMethodAttributes (18ms)
				AfterProcessingInitializeOnLoad (6ms)
				EditorAssembliesLoaded (0ms)
			ExecutionOrderSort2 (0ms)
			AwakeInstancesAfterBackupRestoration (8ms)
Refreshing native plugins compatible for Editor in 2.85 ms, found 3 plugins.
Preloading 0 native plugins for Editor in 0.00 ms.
Unloading 3118 Unused Serialized files (Serialized files now loaded: 0)
Unloading 20 unused Assets / (30.5 KB). Loaded Objects now: 3620.
Memory consumption went from 112.5 MB to 112.5 MB.
Total: 3.382200 ms (FindLiveObjects: 0.263000 ms CreateObjectMapping: 0.241300 ms MarkObjects: 2.837400 ms  DeleteObjects: 0.039600 ms)

Prepare: number of updated asset objects reloaded= 0
AssetImportParameters requested are different than current active one (requested -> active):
  custom:container-demuxer-ogg: 62fdf1f143b41e24485cea50d1cbac27 -> 
  custom:video-codec-MediaFoundation-h265: 746d11721c4dcdbdad8f713fa42b33f4 -> 
  custom:video-decoder-ogg-theora: a1e56fd34408186e4bbccfd4996cb3dc -> 
  custom:framework-win-MediaFoundation: 216162199b28c13a410421893ffa2e32 -> 
  custom:container-demuxer-webm: 4f35f7cbe854078d1ac9338744f61a02 -> 
  custom:container-muxer-webm: aa71ff27fc2769a1b78a27578f13a17b -> 
  custom:video-decoder-webm-vp8: 9c59270c3fd7afecdb556c50c9e8de78 -> 
  custom:AudioImporter_EditorPlatform: d09bf68614088b80899f8185d706f6e7 -> 
  custom:video-encoder-webm-vp8: eb34c28f22e8b96e1ab97ce403110664 -> 
  custom:audio-decoder-ogg-vorbis: bf7c407c2cedff20999df2af8eb42d56 -> 
  custom:audio-encoder-webm-vorbis: bf7c407c2cedff20999df2af8eb42d56 -> 
========================================================================
Received Prepare
Begin MonoManager ReloadAssembly
Symbol file LoadedFromMemory doesn't match image C:\Users\aleza\My project (1)\Library\PackageCache\com.unity.visualscripting@1.8.0\Editor\VisualScripting.Core\Dependencies\YamlDotNet\Unity.VisualScripting.YamlDotNet.dll
Symbol file LoadedFromMemory doesn't match image C:\Users\aleza\My project (1)\Library\PackageCache\com.unity.visualscripting@1.8.0\Editor\VisualScripting.Core\Dependencies\DotNetZip\Unity.VisualScripting.IonicZip.dll
- Loaded All Assemblies, in  0.818 seconds
Refreshing native plugins compatible for Editor in 4.35 ms, found 3 plugins.
Native extension for WindowsStandalone target not found
Mono: successfully reloaded assembly
- Finished resetting the current domain, in  1.249 seconds
Domain Reload Profiling:
	ReloadAssembly (272ms)
		BeginReloadAssembly (181ms)
			ExecutionOrderSort (0ms)
			DisableScriptedObjects (6ms)
			BackupInstance (0ms)
			ReleaseScriptingObjects (0ms)
			CreateAndSetChildDomain (46ms)
		LoadAllAssembliesAndSetupDomain (542ms)
			LoadAssemblies (282ms)
			RebuildTransferFunctionScriptingTraits (0ms)
			SetupTypeCache (345ms)
				TypeCache.Initialize (338ms)
					TypeCache.ScanAssembly (331ms)
				ResolveRequiredComponents (7ms)
		FinalizeReload (0ms)
			ReleaseScriptCaches (0ms)
			RebuildScriptCaches (0ms)
			SetupLoadedEditorAssemblies (565ms)
				LogAssemblyErrors (0ms)
				InitializePlatformSupportModulesInManaged (6ms)
				SetLoadedEditorAssemblies (3ms)
				RefreshPlugins (0ms)
				BeforeProcessingInitializeOnLoad (78ms)
				ProcessInitializeOnLoadAttributes (437ms)
				ProcessInitializeOnLoadMethodAttributes (29ms)
				AfterProcessingInitializeOnLoad (11ms)
				EditorAssembliesLoaded (0ms)
			ExecutionOrderSort2 (0ms)
			AwakeInstancesAfterBackupRestoration (11ms)
Refreshing native plugins compatible for Editor in 3.84 ms, found 3 plugins.
Preloading 0 native plugins for Editor in 0.00 ms.
Unloading 3118 Unused Serialized files (Serialized files now loaded: 0)
Unloading 20 unused Assets / (30.5 KB). Loaded Objects now: 3623.
Memory consumption went from 112.5 MB to 112.5 MB.
Total: 4.986400 ms (FindLiveObjects: 0.374100 ms CreateObjectMapping: 0.292500 ms MarkObjects: 4.188200 ms  DeleteObjects: 0.130200 ms)

Prepare: number of updated asset objects reloaded= 0
AssetImportParameters requested are different than current active one (requested -> active):
  custom:container-demuxer-ogg: 62fdf1f143b41e24485cea50d1cbac27 -> 
  custom:video-codec-MediaFoundation-h265: 746d11721c4dcdbdad8f713fa42b33f4 -> 
  custom:video-decoder-ogg-theora: a1e56fd34408186e4bbccfd4996cb3dc -> 
  custom:framework-win-MediaFoundation: 216162199b28c13a410421893ffa2e32 -> 
  custom:container-demuxer-webm: 4f35f7cbe854078d1ac9338744f61a02 -> 
  custom:container-muxer-webm: aa71ff27fc2769a1b78a27578f13a17b -> 
  custom:video-decoder-webm-vp8: 9c59270c3fd7afecdb556c50c9e8de78 -> 
  custom:AudioImporter_EditorPlatform: d09bf68614088b80899f8185d706f6e7 -> 
  custom:video-encoder-webm-vp8: eb34c28f22e8b96e1ab97ce403110664 -> 
  custom:audio-decoder-ogg-vorbis: bf7c407c2cedff20999df2af8eb42d56 -> 
  custom:audio-encoder-webm-vorbis: bf7c407c2cedff20999df2af8eb42d56 -> 
========================================================================
Received Prepare
Begin MonoManager ReloadAssembly
Symbol file LoadedFromMemory doesn't match image C:\Users\aleza\My project (1)\Library\PackageCache\com.unity.visualscripting@1.8.0\Editor\VisualScripting.Core\Dependencies\YamlDotNet\Unity.VisualScripting.YamlDotNet.dll
Symbol file LoadedFromMemory doesn't match image C:\Users\aleza\My project (1)\Library\PackageCache\com.unity.visualscripting@1.8.0\Editor\VisualScripting.Core\Dependencies\DotNetZip\Unity.VisualScripting.IonicZip.dll
- Loaded All Assemblies, in  1.066 seconds
Refreshing native plugins compatible for Editor in 4.30 ms, found 3 plugins.
Native extension for WindowsStandalone target not found
Mono: successfully reloaded assembly
- Finished resetting the current domain, in  0.981 seconds
Domain Reload Profiling:
	ReloadAssembly (373ms)
		BeginReloadAssembly (231ms)
			ExecutionOrderSort (0ms)
			DisableScriptedObjects (9ms)
			BackupInstance (0ms)
			ReleaseScriptingObjects (0ms)
			CreateAndSetChildDomain (68ms)
		LoadAllAssembliesAndSetupDomain (689ms)
			LoadAssemblies (355ms)
			RebuildTransferFunctionScriptingTraits (0ms)
			SetupTypeCache (439ms)
				TypeCache.Initialize (428ms)
					TypeCache.ScanAssembly (420ms)
				ResolveRequiredComponents (8ms)
		FinalizeReload (0ms)
			ReleaseScriptCaches (0ms)
			RebuildScriptCaches (0ms)
			SetupLoadedEditorAssemblies (470ms)
				LogAssemblyErrors (0ms)
				InitializePlatformSupportModulesInManaged (5ms)
				SetLoadedEditorAssemblies (4ms)
				RefreshPlugins (0ms)
				BeforeProcessingInitializeOnLoad (56ms)
				ProcessInitializeOnLoadAttributes (376ms)
				ProcessInitializeOnLoadMethodAttributes (22ms)
				AfterProcessingInitializeOnLoad (7ms)
				EditorAssembliesLoaded (0ms)
			ExecutionOrderSort2 (0ms)
			AwakeInstancesAfterBackupRestoration (11ms)
Refreshing native plugins compatible for Editor in 2.97 ms, found 3 plugins.
Preloading 0 native plugins for Editor in 0.00 ms.
Unloading 3118 Unused Serialized files (Serialized files now loaded: 0)
Unloading 20 unused Assets / (30.6 KB). Loaded Objects now: 3626.
Memory consumption went from 112.5 MB to 112.5 MB.
Total: 2.972500 ms (FindLiveObjects: 0.288500 ms CreateObjectMapping: 0.239500 ms MarkObjects: 2.384900 ms  DeleteObjects: 0.058600 ms)

Prepare: number of updated asset objects reloaded= 0
AssetImportParameters requested are different than current active one (requested -> active):
  custom:container-demuxer-ogg: 62fdf1f143b41e24485cea50d1cbac27 -> 
  custom:video-codec-MediaFoundation-h265: 746d11721c4dcdbdad8f713fa42b33f4 -> 
  custom:video-decoder-ogg-theora: a1e56fd34408186e4bbccfd4996cb3dc -> 
  custom:framework-win-MediaFoundation: 216162199b28c13a410421893ffa2e32 -> 
  custom:container-demuxer-webm: 4f35f7cbe854078d1ac9338744f61a02 -> 
  custom:container-muxer-webm: aa71ff27fc2769a1b78a27578f13a17b -> 
  custom:video-decoder-webm-vp8: 9c59270c3fd7afecdb556c50c9e8de78 -> 
  custom:AudioImporter_EditorPlatform: d09bf68614088b80899f8185d706f6e7 -> 
  custom:video-encoder-webm-vp8: eb34c28f22e8b96e1ab97ce403110664 -> 
  custom:audio-decoder-ogg-vorbis: bf7c407c2cedff20999df2af8eb42d56 -> 
  custom:audio-encoder-webm-vorbis: bf7c407c2cedff20999df2af8eb42d56 -> 
========================================================================
Received Prepare
Begin MonoManager ReloadAssembly
Symbol file LoadedFromMemory doesn't match image C:\Users\aleza\My project (1)\Library\PackageCache\com.unity.visualscripting@1.8.0\Editor\VisualScripting.Core\Dependencies\YamlDotNet\Unity.VisualScripting.YamlDotNet.dll
Symbol file LoadedFromMemory doesn't match image C:\Users\aleza\My project (1)\Library\PackageCache\com.unity.visualscripting@1.8.0\Editor\VisualScripting.Core\Dependencies\DotNetZip\Unity.VisualScripting.IonicZip.dll
- Loaded All Assemblies, in  0.851 seconds
Refreshing native plugins compatible for Editor in 3.75 ms, found 3 plugins.
Native extension for WindowsStandalone target not found
Mono: successfully reloaded assembly
- Finished resetting the current domain, in  1.384 seconds
Domain Reload Profiling:
	ReloadAssembly (270ms)
		BeginReloadAssembly (178ms)
			ExecutionOrderSort (0ms)
			DisableScriptedObjects (10ms)
			BackupInstance (0ms)
			ReleaseScriptingObjects (0ms)
			CreateAndSetChildDomain (54ms)
		LoadAllAssembliesAndSetupDomain (577ms)
			LoadAssemblies (295ms)
			RebuildTransferFunctionScriptingTraits (0ms)
			SetupTypeCache (353ms)
				TypeCache.Initialize (349ms)
					TypeCache.ScanAssembly (341ms)
				ResolveRequiredComponents (4ms)
		FinalizeReload (0ms)
			ReleaseScriptCaches (0ms)
			RebuildScriptCaches (0ms)
			SetupLoadedEditorAssemblies (622ms)
				LogAssemblyErrors (0ms)
				InitializePlatformSupportModulesInManaged (10ms)
				SetLoadedEditorAssemblies (6ms)
				RefreshPlugins (0ms)
				BeforeProcessingInitializeOnLoad (89ms)
				ProcessInitializeOnLoadAttributes (467ms)
				ProcessInitializeOnLoadMethodAttributes (38ms)
				AfterProcessingInitializeOnLoad (12ms)
				EditorAssembliesLoaded (0ms)
			ExecutionOrderSort2 (0ms)
			AwakeInstancesAfterBackupRestoration (14ms)
Refreshing native plugins compatible for Editor in 5.54 ms, found 3 plugins.
Preloading 0 native plugins for Editor in 0.00 ms.
Unloading 3118 Unused Serialized files (Serialized files now loaded: 0)
Unloading 20 unused Assets / (30.5 KB). Loaded Objects now: 3629.
Memory consumption went from 112.5 MB to 112.5 MB.
Total: 6.644900 ms (FindLiveObjects: 0.719300 ms CreateObjectMapping: 0.463600 ms MarkObjects: 5.390800 ms  DeleteObjects: 0.070000 ms)

Prepare: number of updated asset objects reloaded= 0
AssetImportParameters requested are different than current active one (requested -> active):
  custom:container-demuxer-ogg: 62fdf1f143b41e24485cea50d1cbac27 -> 
  custom:video-codec-MediaFoundation-h265: 746d11721c4dcdbdad8f713fa42b33f4 -> 
  custom:video-decoder-ogg-theora: a1e56fd34408186e4bbccfd4996cb3dc -> 
  custom:framework-win-MediaFoundation: 216162199b28c13a410421893ffa2e32 -> 
  custom:container-demuxer-webm: 4f35f7cbe854078d1ac9338744f61a02 -> 
  custom:container-muxer-webm: aa71ff27fc2769a1b78a27578f13a17b -> 
  custom:video-decoder-webm-vp8: 9c59270c3fd7afecdb556c50c9e8de78 -> 
  custom:AudioImporter_EditorPlatform: d09bf68614088b80899f8185d706f6e7 -> 
  custom:video-encoder-webm-vp8: eb34c28f22e8b96e1ab97ce403110664 -> 
  custom:audio-decoder-ogg-vorbis: bf7c407c2cedff20999df2af8eb42d56 -> 
  custom:audio-encoder-webm-vorbis: bf7c407c2cedff20999df2af8eb42d56 -> 
========================================================================
Received Prepare
Begin MonoManager ReloadAssembly
Symbol file LoadedFromMemory doesn't match image C:\Users\aleza\My project (1)\Library\PackageCache\com.unity.visualscripting@1.8.0\Editor\VisualScripting.Core\Dependencies\YamlDotNet\Unity.VisualScripting.YamlDotNet.dll
Symbol file LoadedFromMemory doesn't match image C:\Users\aleza\My project (1)\Library\PackageCache\com.unity.visualscripting@1.8.0\Editor\VisualScripting.Core\Dependencies\DotNetZip\Unity.VisualScripting.IonicZip.dll
- Loaded All Assemblies, in  1.086 seconds
Refreshing native plugins compatible for Editor in 4.92 ms, found 3 plugins.
Native extension for WindowsStandalone target not found
Mono: successfully reloaded assembly
- Finished resetting the current domain, in  1.162 seconds
Domain Reload Profiling:
	ReloadAssembly (325ms)
		BeginReloadAssembly (212ms)
			ExecutionOrderSort (0ms)
			DisableScriptedObjects (11ms)
			BackupInstance (0ms)
			ReleaseScriptingObjects (0ms)
			CreateAndSetChildDomain (54ms)
		LoadAllAssembliesAndSetupDomain (759ms)
			LoadAssemblies (365ms)
			RebuildTransferFunctionScriptingTraits (0ms)
			SetupTypeCache (496ms)
				TypeCache.Initialize (485ms)
					TypeCache.ScanAssembly (473ms)
				ResolveRequiredComponents (7ms)
		FinalizeReload (0ms)
			ReleaseScriptCaches (0ms)
			RebuildScriptCaches (0ms)
			SetupLoadedEditorAssemblies (482ms)
				LogAssemblyErrors (0ms)
				InitializePlatformSupportModulesInManaged (10ms)
				SetLoadedEditorAssemblies (5ms)
				RefreshPlugins (0ms)
				BeforeProcessingInitializeOnLoad (93ms)
				ProcessInitializeOnLoadAttributes (338ms)
				ProcessInitializeOnLoadMethodAttributes (28ms)
				AfterProcessingInitializeOnLoad (8ms)
				EditorAssembliesLoaded (0ms)
			ExecutionOrderSort2 (0ms)
			AwakeInstancesAfterBackupRestoration (8ms)
Refreshing native plugins compatible for Editor in 3.13 ms, found 3 plugins.
Preloading 0 native plugins for Editor in 0.00 ms.
Unloading 3118 Unused Serialized files (Serialized files now loaded: 0)
Unloading 20 unused Assets / (30.6 KB). Loaded Objects now: 3632.
Memory consumption went from 112.5 MB to 112.5 MB.
Total: 3.871000 ms (FindLiveObjects: 0.283900 ms CreateObjectMapping: 0.231300 ms MarkObjects: 3.288200 ms  DeleteObjects: 0.066400 ms)

Prepare: number of updated asset objects reloaded= 0
AssetImportParameters requested are different than current active one (requested -> active):
  custom:container-demuxer-ogg: 62fdf1f143b41e24485cea50d1cbac27 -> 
  custom:video-codec-MediaFoundation-h265: 746d11721c4dcdbdad8f713fa42b33f4 -> 
  custom:video-decoder-ogg-theora: a1e56fd34408186e4bbccfd4996cb3dc -> 
  custom:framework-win-MediaFoundation: 216162199b28c13a410421893ffa2e32 -> 
  custom:container-demuxer-webm: 4f35f7cbe854078d1ac9338744f61a02 -> 
  custom:container-muxer-webm: aa71ff27fc2769a1b78a27578f13a17b -> 
  custom:video-decoder-webm-vp8: 9c59270c3fd7afecdb556c50c9e8de78 -> 
  custom:AudioImporter_EditorPlatform: d09bf68614088b80899f8185d706f6e7 -> 
  custom:video-encoder-webm-vp8: eb34c28f22e8b96e1ab97ce403110664 -> 
  custom:audio-decoder-ogg-vorbis: bf7c407c2cedff20999df2af8eb42d56 -> 
  custom:audio-encoder-webm-vorbis: bf7c407c2cedff20999df2af8eb42d56 -> 
========================================================================
Received Prepare
Begin MonoManager ReloadAssembly
Symbol file LoadedFromMemory doesn't match image C:\Users\aleza\My project (1)\Library\PackageCache\com.unity.visualscripting@1.8.0\Editor\VisualScripting.Core\Dependencies\YamlDotNet\Unity.VisualScripting.YamlDotNet.dll
Symbol file LoadedFromMemory doesn't match image C:\Users\aleza\My project (1)\Library\PackageCache\com.unity.visualscripting@1.8.0\Editor\VisualScripting.Core\Dependencies\DotNetZip\Unity.VisualScripting.IonicZip.dll
- Loaded All Assemblies, in  0.875 seconds
Refreshing native plugins compatible for Editor in 4.89 ms, found 3 plugins.
Native extension for WindowsStandalone target not found
Mono: successfully reloaded assembly
- Finished resetting the current domain, in  1.147 seconds
Domain Reload Profiling:
	ReloadAssembly (238ms)
		BeginReloadAssembly (154ms)
			ExecutionOrderSort (0ms)
			DisableScriptedObjects (5ms)
			BackupInstance (0ms)
			ReleaseScriptingObjects (0ms)
			CreateAndSetChildDomain (44ms)
		LoadAllAssembliesAndSetupDomain (635ms)
			LoadAssemblies (284ms)
			RebuildTransferFunctionScriptingTraits (0ms)
			SetupTypeCache (414ms)
				TypeCache.Initialize (408ms)
					TypeCache.ScanAssembly (400ms)
				ResolveRequiredComponents (6ms)
		FinalizeReload (0ms)
			ReleaseScriptCaches (0ms)
			RebuildScriptCaches (0ms)
			SetupLoadedEditorAssemblies (515ms)
				LogAssemblyErrors (0ms)
				InitializePlatformSupportModulesInManaged (11ms)
				SetLoadedEditorAssemblies (5ms)
				RefreshPlugins (0ms)
				BeforeProcessingInitializeOnLoad (80ms)
				ProcessInitializeOnLoadAttributes (384ms)
				ProcessInitializeOnLoadMethodAttributes (26ms)
				AfterProcessingInitializeOnLoad (9ms)
				EditorAssembliesLoaded (0ms)
			ExecutionOrderSort2 (0ms)
			AwakeInstancesAfterBackupRestoration (12ms)
Refreshing native plugins compatible for Editor in 4.80 ms, found 3 plugins.
Preloading 0 native plugins for Editor in 0.00 ms.
Unloading 3118 Unused Serialized files (Serialized files now loaded: 0)
Unloading 20 unused Assets / (30.4 KB). Loaded Objects now: 3635.
Memory consumption went from 112.5 MB to 112.5 MB.
Total: 5.040200 ms (FindLiveObjects: 0.588700 ms CreateObjectMapping: 0.412300 ms MarkObjects: 3.989900 ms  DeleteObjects: 0.048400 ms)

Prepare: number of updated asset objects reloaded= 0
AssetImportParameters requested are different than current active one (requested -> active):
  custom:container-demuxer-ogg: 62fdf1f143b41e24485cea50d1cbac27 -> 
  custom:video-codec-MediaFoundation-h265: 746d11721c4dcdbdad8f713fa42b33f4 -> 
  custom:video-decoder-ogg-theora: a1e56fd34408186e4bbccfd4996cb3dc -> 
  custom:framework-win-MediaFoundation: 216162199b28c13a410421893ffa2e32 -> 
  custom:container-demuxer-webm: 4f35f7cbe854078d1ac9338744f61a02 -> 
  custom:container-muxer-webm: aa71ff27fc2769a1b78a27578f13a17b -> 
  custom:video-decoder-webm-vp8: 9c59270c3fd7afecdb556c50c9e8de78 -> 
  custom:AudioImporter_EditorPlatform: d09bf68614088b80899f8185d706f6e7 -> 
  custom:video-encoder-webm-vp8: eb34c28f22e8b96e1ab97ce403110664 -> 
  custom:audio-decoder-ogg-vorbis: bf7c407c2cedff20999df2af8eb42d56 -> 
  custom:audio-encoder-webm-vorbis: bf7c407c2cedff20999df2af8eb42d56 -> 
========================================================================
Received Prepare
Begin MonoManager ReloadAssembly
Symbol file LoadedFromMemory doesn't match image C:\Users\aleza\My project (1)\Library\PackageCache\com.unity.visualscripting@1.8.0\Editor\VisualScripting.Core\Dependencies\YamlDotNet\Unity.VisualScripting.YamlDotNet.dll
Symbol file LoadedFromMemory doesn't match image C:\Users\aleza\My project (1)\Library\PackageCache\com.unity.visualscripting@1.8.0\Editor\VisualScripting.Core\Dependencies\DotNetZip\Unity.VisualScripting.IonicZip.dll
- Loaded All Assemblies, in  1.035 seconds
Refreshing native plugins compatible for Editor in 4.52 ms, found 3 plugins.
Native extension for WindowsStandalone target not found
Mono: successfully reloaded assembly
- Finished resetting the current domain, in  1.129 seconds
Domain Reload Profiling:
	ReloadAssembly (305ms)
		BeginReloadAssembly (200ms)
			ExecutionOrderSort (0ms)
			DisableScriptedObjects (5ms)
			BackupInstance (0ms)
			ReleaseScriptingObjects (0ms)
			CreateAndSetChildDomain (42ms)
		LoadAllAssembliesAndSetupDomain (726ms)
			LoadAssemblies (413ms)
			RebuildTransferFunctionScriptingTraits (0ms)
			SetupTypeCache (423ms)
				TypeCache.Initialize (412ms)
					TypeCache.ScanAssembly (403ms)
				ResolveRequiredComponents (6ms)
		FinalizeReload (0ms)
			ReleaseScriptCaches (0ms)
			RebuildScriptCaches (0ms)
			SetupLoadedEditorAssemblies (520ms)
				LogAssemblyErrors (0ms)
				InitializePlatformSupportModulesInManaged (7ms)
				SetLoadedEditorAssemblies (4ms)
				RefreshPlugins (0ms)
				BeforeProcessingInitializeOnLoad (83ms)
				ProcessInitializeOnLoadAttributes (394ms)
				ProcessInitializeOnLoadMethodAttributes (22ms)
				AfterProcessingInitializeOnLoad (9ms)
				EditorAssembliesLoaded (0ms)
			ExecutionOrderSort2 (0ms)
			AwakeInstancesAfterBackupRestoration (10ms)
Refreshing native plugins compatible for Editor in 3.94 ms, found 3 plugins.
Preloading 0 native plugins for Editor in 0.00 ms.
Unloading 3118 Unused Serialized files (Serialized files now loaded: 0)
Unloading 20 unused Assets / (30.5 KB). Loaded Objects now: 3638.
Memory consumption went from 112.5 MB to 112.5 MB.
Total: 4.551500 ms (FindLiveObjects: 0.298100 ms CreateObjectMapping: 0.284400 ms MarkObjects: 3.900100 ms  DeleteObjects: 0.067400 ms)

Prepare: number of updated asset objects reloaded= 0
AssetImportParameters requested are different than current active one (requested -> active):
  custom:container-demuxer-ogg: 62fdf1f143b41e24485cea50d1cbac27 -> 
  custom:video-codec-MediaFoundation-h265: 746d11721c4dcdbdad8f713fa42b33f4 -> 
  custom:video-decoder-ogg-theora: a1e56fd34408186e4bbccfd4996cb3dc -> 
  custom:framework-win-MediaFoundation: 216162199b28c13a410421893ffa2e32 -> 
  custom:container-demuxer-webm: 4f35f7cbe854078d1ac9338744f61a02 -> 
  custom:container-muxer-webm: aa71ff27fc2769a1b78a27578f13a17b -> 
  custom:video-decoder-webm-vp8: 9c59270c3fd7afecdb556c50c9e8de78 -> 
  custom:AudioImporter_EditorPlatform: d09bf68614088b80899f8185d706f6e7 -> 
  custom:video-encoder-webm-vp8: eb34c28f22e8b96e1ab97ce403110664 -> 
  custom:audio-decoder-ogg-vorbis: bf7c407c2cedff20999df2af8eb42d56 -> 
  custom:audio-encoder-webm-vorbis: bf7c407c2cedff20999df2af8eb42d56 -> 
========================================================================
Received Prepare
Begin MonoManager ReloadAssembly
Symbol file LoadedFromMemory doesn't match image C:\Users\aleza\My project (1)\Library\PackageCache\com.unity.visualscripting@1.8.0\Editor\VisualScripting.Core\Dependencies\YamlDotNet\Unity.VisualScripting.YamlDotNet.dll
Symbol file LoadedFromMemory doesn't match image C:\Users\aleza\My project (1)\Library\PackageCache\com.unity.visualscripting@1.8.0\Editor\VisualScripting.Core\Dependencies\DotNetZip\Unity.VisualScripting.IonicZip.dll
- Loaded All Assemblies, in  0.859 seconds
Refreshing native plugins compatible for Editor in 4.59 ms, found 3 plugins.
Native extension for WindowsStandalone target not found
Mono: successfully reloaded assembly
- Finished resetting the current domain, in  1.229 seconds
Domain Reload Profiling:
	ReloadAssembly (244ms)
		BeginReloadAssembly (151ms)
			ExecutionOrderSort (0ms)
			DisableScriptedObjects (6ms)
			BackupInstance (0ms)
			ReleaseScriptingObjects (0ms)
			CreateAndSetChildDomain (41ms)
		LoadAllAssembliesAndSetupDomain (613ms)
			LoadAssemblies (282ms)
			RebuildTransferFunctionScriptingTraits (0ms)
			SetupTypeCache (398ms)
				TypeCache.Initialize (392ms)
					TypeCache.ScanAssembly (382ms)
				ResolveRequiredComponents (5ms)
		FinalizeReload (0ms)
			ReleaseScriptCaches (0ms)
			RebuildScriptCaches (0ms)
			SetupLoadedEditorAssemblies (538ms)
				LogAssemblyErrors (0ms)
				InitializePlatformSupportModulesInManaged (9ms)
				SetLoadedEditorAssemblies (5ms)
				RefreshPlugins (0ms)
				BeforeProcessingInitializeOnLoad (83ms)
				ProcessInitializeOnLoadAttributes (400ms)
				ProcessInitializeOnLoadMethodAttributes (32ms)
				AfterProcessingInitializeOnLoad (8ms)
				EditorAssembliesLoaded (0ms)
			ExecutionOrderSort2 (0ms)
			AwakeInstancesAfterBackupRestoration (12ms)
Refreshing native plugins compatible for Editor in 5.17 ms, found 3 plugins.
Preloading 0 native plugins for Editor in 0.00 ms.
Unloading 3118 Unused Serialized files (Serialized files now loaded: 0)
Unloading 20 unused Assets / (30.6 KB). Loaded Objects now: 3641.
Memory consumption went from 112.5 MB to 112.5 MB.
Total: 4.842500 ms (FindLiveObjects: 0.569800 ms CreateObjectMapping: 0.286000 ms MarkObjects: 3.906700 ms  DeleteObjects: 0.077700 ms)

Prepare: number of updated asset objects reloaded= 0
AssetImportParameters requested are different than current active one (requested -> active):
  custom:container-demuxer-ogg: 62fdf1f143b41e24485cea50d1cbac27 -> 
  custom:video-codec-MediaFoundation-h265: 746d11721c4dcdbdad8f713fa42b33f4 -> 
  custom:video-decoder-ogg-theora: a1e56fd34408186e4bbccfd4996cb3dc -> 
  custom:framework-win-MediaFoundation: 216162199b28c13a410421893ffa2e32 -> 
  custom:container-demuxer-webm: 4f35f7cbe854078d1ac9338744f61a02 -> 
  custom:container-muxer-webm: aa71ff27fc2769a1b78a27578f13a17b -> 
  custom:video-decoder-webm-vp8: 9c59270c3fd7afecdb556c50c9e8de78 -> 
  custom:AudioImporter_EditorPlatform: d09bf68614088b80899f8185d706f6e7 -> 
  custom:video-encoder-webm-vp8: eb34c28f22e8b96e1ab97ce403110664 -> 
  custom:audio-decoder-ogg-vorbis: bf7c407c2cedff20999df2af8eb42d56 -> 
  custom:audio-encoder-webm-vorbis: bf7c407c2cedff20999df2af8eb42d56 -> 
========================================================================
Received Import Request.
  Time since last request: 749.621506 seconds.
  path: Assets/Prefabs/bala.prefab
  artifactKey: Guid(0295a8eba3e21574b9385de076b64668) Importer(815301076,1909f56bfc062723c751e8b465ee728b)
Start importing Assets/Prefabs/bala.prefab using Guid(0295a8eba3e21574b9385de076b64668) Importer(815301076,1909f56bfc062723c751e8b465ee728b)  -> (artifact id: '087af9804ba0b6d35c746cc8fd679d0f') in 0.108874 seconds
Number of updated asset objects reloaded before import = 0
Number of asset objects unloaded after import = 9
========================================================================
Received Prepare
Begin MonoManager ReloadAssembly
Symbol file LoadedFromMemory doesn't match image C:\Users\aleza\My project (1)\Library\PackageCache\com.unity.visualscripting@1.8.0\Editor\VisualScripting.Core\Dependencies\YamlDotNet\Unity.VisualScripting.YamlDotNet.dll
Symbol file LoadedFromMemory doesn't match image C:\Users\aleza\My project (1)\Library\PackageCache\com.unity.visualscripting@1.8.0\Editor\VisualScripting.Core\Dependencies\DotNetZip\Unity.VisualScripting.IonicZip.dll
- Loaded All Assemblies, in  1.023 seconds
Refreshing native plugins compatible for Editor in 4.82 ms, found 3 plugins.
Native extension for WindowsStandalone target not found
Mono: successfully reloaded assembly
- Finished resetting the current domain, in  0.932 seconds
Domain Reload Profiling:
	ReloadAssembly (300ms)
		BeginReloadAssembly (203ms)
			ExecutionOrderSort (0ms)
			DisableScriptedObjects (8ms)
			BackupInstance (0ms)
			ReleaseScriptingObjects (0ms)
			CreateAndSetChildDomain (53ms)
		LoadAllAssembliesAndSetupDomain (719ms)
			LoadAssemblies (376ms)
			RebuildTransferFunctionScriptingTraits (0ms)
			SetupTypeCache (442ms)
				TypeCache.Initialize (434ms)
					TypeCache.ScanAssembly (425ms)
				ResolveRequiredComponents (5ms)
		FinalizeReload (0ms)
			ReleaseScriptCaches (0ms)
			RebuildScriptCaches (0ms)
			SetupLoadedEditorAssemblies (424ms)
				LogAssemblyErrors (0ms)
				InitializePlatformSupportModulesInManaged (8ms)
				SetLoadedEditorAssemblies (3ms)
				RefreshPlugins (0ms)
				BeforeProcessingInitializeOnLoad (59ms)
				ProcessInitializeOnLoadAttributes (330ms)
				ProcessInitializeOnLoadMethodAttributes (17ms)
				AfterProcessingInitializeOnLoad (7ms)
				EditorAssembliesLoaded (0ms)
			ExecutionOrderSort2 (0ms)
			AwakeInstancesAfterBackupRestoration (7ms)
Refreshing native plugins compatible for Editor in 2.81 ms, found 3 plugins.
Preloading 0 native plugins for Editor in 0.00 ms.
Unloading 3117 Unused Serialized files (Serialized files now loaded: 0)
Unloading 20 unused Assets / (30.5 KB). Loaded Objects now: 3644.
Memory consumption went from 112.3 MB to 112.3 MB.
Total: 4.342400 ms (FindLiveObjects: 0.262200 ms CreateObjectMapping: 0.226700 ms MarkObjects: 3.792800 ms  DeleteObjects: 0.059800 ms)

Prepare: number of updated asset objects reloaded= 0
AssetImportParameters requested are different than current active one (requested -> active):
  custom:container-demuxer-ogg: 62fdf1f143b41e24485cea50d1cbac27 -> 
  custom:video-codec-MediaFoundation-h265: 746d11721c4dcdbdad8f713fa42b33f4 -> 
  custom:video-decoder-ogg-theora: a1e56fd34408186e4bbccfd4996cb3dc -> 
  custom:framework-win-MediaFoundation: 216162199b28c13a410421893ffa2e32 -> 
  custom:container-demuxer-webm: 4f35f7cbe854078d1ac9338744f61a02 -> 
  custom:container-muxer-webm: aa71ff27fc2769a1b78a27578f13a17b -> 
  custom:video-decoder-webm-vp8: 9c59270c3fd7afecdb556c50c9e8de78 -> 
  custom:AudioImporter_EditorPlatform: d09bf68614088b80899f8185d706f6e7 -> 
  custom:video-encoder-webm-vp8: eb34c28f22e8b96e1ab97ce403110664 -> 
  custom:audio-decoder-ogg-vorbis: bf7c407c2cedff20999df2af8eb42d56 -> 
  custom:audio-encoder-webm-vorbis: bf7c407c2cedff20999df2af8eb42d56 -> 
========================================================================
Received Import Request.
  Time since last request: 416.400547 seconds.
  path: Assets/Materials/power.mat
  artifactKey: Guid(53329208d27f7724ea54a26239bee79f) Importer(815301076,1909f56bfc062723c751e8b465ee728b)
Start importing Assets/Materials/power.mat using Guid(53329208d27f7724ea54a26239bee79f) Importer(815301076,1909f56bfc062723c751e8b465ee728b)  -> (artifact id: '9da4fe4e75cc91f5b1b8f67e81cebbef') in 0.140379 seconds
Number of updated asset objects reloaded before import = 0
Number of asset objects unloaded after import = 1
========================================================================
Received Import Request.
  Time since last request: 363.710360 seconds.
  path: Assets/Scripts/Colectable.cs
  artifactKey: Guid(3751634f459b0444a9d26ded8216fff7) Importer(815301076,1909f56bfc062723c751e8b465ee728b)
Start importing Assets/Scripts/Colectable.cs using Guid(3751634f459b0444a9d26ded8216fff7) Importer(815301076,1909f56bfc062723c751e8b465ee728b)  -> (artifact id: '307ea651f9f32fe1463f696197dfa4dc') in 0.000809 seconds
Number of updated asset objects reloaded before import = 0
Number of asset objects unloaded after import = 0
========================================================================
Received Prepare
Begin MonoManager ReloadAssembly
Symbol file LoadedFromMemory doesn't match image C:\Users\aleza\My project (1)\Library\PackageCache\com.unity.visualscripting@1.8.0\Editor\VisualScripting.Core\Dependencies\YamlDotNet\Unity.VisualScripting.YamlDotNet.dll
Symbol file LoadedFromMemory doesn't match image C:\Users\aleza\My project (1)\Library\PackageCache\com.unity.visualscripting@1.8.0\Editor\VisualScripting.Core\Dependencies\DotNetZip\Unity.VisualScripting.IonicZip.dll
- Loaded All Assemblies, in  0.934 seconds
Refreshing native plugins compatible for Editor in 5.19 ms, found 3 plugins.
Native extension for WindowsStandalone target not found
Mono: successfully reloaded assembly
- Finished resetting the current domain, in  0.888 seconds
Domain Reload Profiling:
	ReloadAssembly (256ms)
		BeginReloadAssembly (171ms)
			ExecutionOrderSort (0ms)
			DisableScriptedObjects (5ms)
			BackupInstance (0ms)
			ReleaseScriptingObjects (0ms)
			CreateAndSetChildDomain (48ms)
		LoadAllAssembliesAndSetupDomain (674ms)
			LoadAssemblies (313ms)
			RebuildTransferFunctionScriptingTraits (0ms)
			SetupTypeCache (434ms)
				TypeCache.Initialize (424ms)
					TypeCache.ScanAssembly (408ms)
				ResolveRequiredComponents (7ms)
		FinalizeReload (0ms)
			ReleaseScriptCaches (0ms)
			RebuildScriptCaches (0ms)
			SetupLoadedEditorAssemblies (418ms)
				LogAssemblyErrors (0ms)
				InitializePlatformSupportModulesInManaged (7ms)
				SetLoadedEditorAssemblies (3ms)
				RefreshPlugins (0ms)
				BeforeProcessingInitializeOnLoad (77ms)
				ProcessInitializeOnLoadAttributes (301ms)
				ProcessInitializeOnLoadMethodAttributes (20ms)
				AfterProcessingInitializeOnLoad (10ms)
				EditorAssembliesLoaded (0ms)
			ExecutionOrderSort2 (0ms)
			AwakeInstancesAfterBackupRestoration (12ms)
Refreshing native plugins compatible for Editor in 3.20 ms, found 3 plugins.
Preloading 0 native plugins for Editor in 0.00 ms.
Unloading 3118 Unused Serialized files (Serialized files now loaded: 0)
Unloading 20 unused Assets / (30.5 KB). Loaded Objects now: 3681.
Memory consumption went from 112.6 MB to 112.5 MB.
Total: 2.885400 ms (FindLiveObjects: 0.283200 ms CreateObjectMapping: 0.223900 ms MarkObjects: 2.336000 ms  DeleteObjects: 0.041400 ms)

Prepare: number of updated asset objects reloaded= 0
AssetImportParameters requested are different than current active one (requested -> active):
  custom:container-demuxer-ogg: 62fdf1f143b41e24485cea50d1cbac27 -> 
  custom:video-codec-MediaFoundation-h265: 746d11721c4dcdbdad8f713fa42b33f4 -> 
  custom:video-decoder-ogg-theora: a1e56fd34408186e4bbccfd4996cb3dc -> 
  custom:framework-win-MediaFoundation: 216162199b28c13a410421893ffa2e32 -> 
  custom:container-demuxer-webm: 4f35f7cbe854078d1ac9338744f61a02 -> 
  custom:container-muxer-webm: aa71ff27fc2769a1b78a27578f13a17b -> 
  custom:video-decoder-webm-vp8: 9c59270c3fd7afecdb556c50c9e8de78 -> 
  custom:AudioImporter_EditorPlatform: d09bf68614088b80899f8185d706f6e7 -> 
  custom:video-encoder-webm-vp8: eb34c28f22e8b96e1ab97ce403110664 -> 
  custom:audio-decoder-ogg-vorbis: bf7c407c2cedff20999df2af8eb42d56 -> 
  custom:audio-encoder-webm-vorbis: bf7c407c2cedff20999df2af8eb42d56 -> 
========================================================================
Received Prepare
Begin MonoManager ReloadAssembly
Symbol file LoadedFromMemory doesn't match image C:\Users\aleza\My project (1)\Library\PackageCache\com.unity.visualscripting@1.8.0\Editor\VisualScripting.Core\Dependencies\YamlDotNet\Unity.VisualScripting.YamlDotNet.dll
Symbol file LoadedFromMemory doesn't match image C:\Users\aleza\My project (1)\Library\PackageCache\com.unity.visualscripting@1.8.0\Editor\VisualScripting.Core\Dependencies\DotNetZip\Unity.VisualScripting.IonicZip.dll
- Loaded All Assemblies, in  1.255 seconds
Refreshing native plugins compatible for Editor in 2.78 ms, found 3 plugins.
Native extension for WindowsStandalone target not found
Mono: successfully reloaded assembly
- Finished resetting the current domain, in  0.892 seconds
Domain Reload Profiling:
	ReloadAssembly (363ms)
		BeginReloadAssembly (253ms)
			ExecutionOrderSort (0ms)
			DisableScriptedObjects (10ms)
			BackupInstance (0ms)
			ReleaseScriptingObjects (0ms)
			CreateAndSetChildDomain (66ms)
		LoadAllAssembliesAndSetupDomain (888ms)
			LoadAssemblies (456ms)
			RebuildTransferFunctionScriptingTraits (0ms)
			SetupTypeCache (549ms)
				TypeCache.Initialize (540ms)
					TypeCache.ScanAssembly (525ms)
				ResolveRequiredComponents (6ms)
		FinalizeReload (0ms)
			ReleaseScriptCaches (0ms)
			RebuildScriptCaches (0ms)
			SetupLoadedEditorAssemblies (419ms)
				LogAssemblyErrors (0ms)
				InitializePlatformSupportModulesInManaged (8ms)
				SetLoadedEditorAssemblies (4ms)
				RefreshPlugins (0ms)
				BeforeProcessingInitializeOnLoad (70ms)
				ProcessInitializeOnLoadAttributes (309ms)
				ProcessInitializeOnLoadMethodAttributes (19ms)
				AfterProcessingInitializeOnLoad (8ms)
				EditorAssembliesLoaded (0ms)
			ExecutionOrderSort2 (0ms)
			AwakeInstancesAfterBackupRestoration (9ms)
Refreshing native plugins compatible for Editor in 4.58 ms, found 3 plugins.
Preloading 0 native plugins for Editor in 0.00 ms.
Unloading 3119 Unused Serialized files (Serialized files now loaded: 0)
Unloading 20 unused Assets / (30.4 KB). Loaded Objects now: 3684.
Memory consumption went from 112.8 MB to 112.8 MB.
Total: 2.982700 ms (FindLiveObjects: 0.251500 ms CreateObjectMapping: 0.284500 ms MarkObjects: 2.369300 ms  DeleteObjects: 0.076300 ms)

Prepare: number of updated asset objects reloaded= 0
AssetImportParameters requested are different than current active one (requested -> active):
  custom:container-demuxer-ogg: 62fdf1f143b41e24485cea50d1cbac27 -> 
  custom:video-codec-MediaFoundation-h265: 746d11721c4dcdbdad8f713fa42b33f4 -> 
  custom:video-decoder-ogg-theora: a1e56fd34408186e4bbccfd4996cb3dc -> 
  custom:framework-win-MediaFoundation: 216162199b28c13a410421893ffa2e32 -> 
  custom:container-demuxer-webm: 4f35f7cbe854078d1ac9338744f61a02 -> 
  custom:container-muxer-webm: aa71ff27fc2769a1b78a27578f13a17b -> 
  custom:video-decoder-webm-vp8: 9c59270c3fd7afecdb556c50c9e8de78 -> 
  custom:AudioImporter_EditorPlatform: d09bf68614088b80899f8185d706f6e7 -> 
  custom:video-encoder-webm-vp8: eb34c28f22e8b96e1ab97ce403110664 -> 
  custom:audio-decoder-ogg-vorbis: bf7c407c2cedff20999df2af8eb42d56 -> 
  custom:audio-encoder-webm-vorbis: bf7c407c2cedff20999df2af8eb42d56 -> 
========================================================================
Received Prepare
Begin MonoManager ReloadAssembly
Symbol file LoadedFromMemory doesn't match image C:\Users\aleza\My project (1)\Library\PackageCache\com.unity.visualscripting@1.8.0\Editor\VisualScripting.Core\Dependencies\YamlDotNet\Unity.VisualScripting.YamlDotNet.dll
Symbol file LoadedFromMemory doesn't match image C:\Users\aleza\My project (1)\Library\PackageCache\com.unity.visualscripting@1.8.0\Editor\VisualScripting.Core\Dependencies\DotNetZip\Unity.VisualScripting.IonicZip.dll
- Loaded All Assemblies, in  1.065 seconds
Refreshing native plugins compatible for Editor in 3.47 ms, found 3 plugins.
Native extension for WindowsStandalone target not found
Mono: successfully reloaded assembly
- Finished resetting the current domain, in  1.087 seconds
Domain Reload Profiling:
	ReloadAssembly (316ms)
		BeginReloadAssembly (191ms)
			ExecutionOrderSort (0ms)
			DisableScriptedObjects (7ms)
			BackupInstance (0ms)
			ReleaseScriptingObjects (0ms)
			CreateAndSetChildDomain (47ms)
		LoadAllAssembliesAndSetupDomain (745ms)
			LoadAssemblies (368ms)
			RebuildTransferFunctionScriptingTraits (0ms)
			SetupTypeCache (457ms)
				TypeCache.Initialize (451ms)
					TypeCache.ScanAssembly (442ms)
				ResolveRequiredComponents (4ms)
		FinalizeReload (0ms)
			ReleaseScriptCaches (0ms)
			RebuildScriptCaches (0ms)
			SetupLoadedEditorAssemblies (456ms)
				LogAssemblyErrors (0ms)
				InitializePlatformSupportModulesInManaged (6ms)
				SetLoadedEditorAssemblies (3ms)
				RefreshPlugins (0ms)
				BeforeProcessingInitializeOnLoad (68ms)
				ProcessInitializeOnLoadAttributes (349ms)
				ProcessInitializeOnLoadMethodAttributes (22ms)
				AfterProcessingInitializeOnLoad (8ms)
				EditorAssembliesLoaded (0ms)
			ExecutionOrderSort2 (0ms)
			AwakeInstancesAfterBackupRestoration (11ms)
Refreshing native plugins compatible for Editor in 3.41 ms, found 3 plugins.
Preloading 0 native plugins for Editor in 0.00 ms.
Unloading 3119 Unused Serialized files (Serialized files now loaded: 0)
Unloading 20 unused Assets / (30.5 KB). Loaded Objects now: 3687.
Memory consumption went from 112.8 MB to 112.8 MB.
Total: 5.291200 ms (FindLiveObjects: 0.369700 ms CreateObjectMapping: 0.355600 ms MarkObjects: 4.503400 ms  DeleteObjects: 0.061400 ms)

Prepare: number of updated asset objects reloaded= 0
AssetImportParameters requested are different than current active one (requested -> active):
  custom:container-demuxer-ogg: 62fdf1f143b41e24485cea50d1cbac27 -> 
  custom:video-codec-MediaFoundation-h265: 746d11721c4dcdbdad8f713fa42b33f4 -> 
  custom:video-decoder-ogg-theora: a1e56fd34408186e4bbccfd4996cb3dc -> 
  custom:framework-win-MediaFoundation: 216162199b28c13a410421893ffa2e32 -> 
  custom:container-demuxer-webm: 4f35f7cbe854078d1ac9338744f61a02 -> 
  custom:container-muxer-webm: aa71ff27fc2769a1b78a27578f13a17b -> 
  custom:video-decoder-webm-vp8: 9c59270c3fd7afecdb556c50c9e8de78 -> 
  custom:AudioImporter_EditorPlatform: d09bf68614088b80899f8185d706f6e7 -> 
  custom:video-encoder-webm-vp8: eb34c28f22e8b96e1ab97ce403110664 -> 
  custom:audio-decoder-ogg-vorbis: bf7c407c2cedff20999df2af8eb42d56 -> 
  custom:audio-encoder-webm-vorbis: bf7c407c2cedff20999df2af8eb42d56 -> 
========================================================================
Received Prepare
Begin MonoManager ReloadAssembly
Symbol file LoadedFromMemory doesn't match image C:\Users\aleza\My project (1)\Library\PackageCache\com.unity.visualscripting@1.8.0\Editor\VisualScripting.Core\Dependencies\YamlDotNet\Unity.VisualScripting.YamlDotNet.dll
Symbol file LoadedFromMemory doesn't match image C:\Users\aleza\My project (1)\Library\PackageCache\com.unity.visualscripting@1.8.0\Editor\VisualScripting.Core\Dependencies\DotNetZip\Unity.VisualScripting.IonicZip.dll
- Loaded All Assemblies, in  0.803 seconds
Refreshing native plugins compatible for Editor in 4.25 ms, found 3 plugins.
Native extension for WindowsStandalone target not found
Mono: successfully reloaded assembly
- Finished resetting the current domain, in  1.186 seconds
Domain Reload Profiling:
	ReloadAssembly (253ms)
		BeginReloadAssembly (163ms)
			ExecutionOrderSort (0ms)
			DisableScriptedObjects (6ms)
			BackupInstance (0ms)
			ReleaseScriptingObjects (0ms)
			CreateAndSetChildDomain (47ms)
		LoadAllAssembliesAndSetupDomain (546ms)
			LoadAssemblies (282ms)
			RebuildTransferFunctionScriptingTraits (0ms)
			SetupTypeCache (332ms)
				TypeCache.Initialize (325ms)
					TypeCache.ScanAssembly (317ms)
				ResolveRequiredComponents (7ms)
		FinalizeReload (0ms)
			ReleaseScriptCaches (0ms)
			RebuildScriptCaches (0ms)
			SetupLoadedEditorAssemblies (546ms)
				LogAssemblyErrors (0ms)
				InitializePlatformSupportModulesInManaged (8ms)
				SetLoadedEditorAssemblies (5ms)
				RefreshPlugins (0ms)
				BeforeProcessingInitializeOnLoad (90ms)
				ProcessInitializeOnLoadAttributes (404ms)
				ProcessInitializeOnLoadMethodAttributes (31ms)
				AfterProcessingInitializeOnLoad (9ms)
				EditorAssembliesLoaded (0ms)
			ExecutionOrderSort2 (0ms)
			AwakeInstancesAfterBackupRestoration (11ms)
Refreshing native plugins compatible for Editor in 5.16 ms, found 3 plugins.
Preloading 0 native plugins for Editor in 0.00 ms.
Unloading 3119 Unused Serialized files (Serialized files now loaded: 0)
Unloading 20 unused Assets / (30.5 KB). Loaded Objects now: 3690.
Memory consumption went from 112.8 MB to 112.8 MB.
Total: 6.033000 ms (FindLiveObjects: 0.490000 ms CreateObjectMapping: 0.442800 ms MarkObjects: 4.999300 ms  DeleteObjects: 0.099800 ms)

Prepare: number of updated asset objects reloaded= 0
AssetImportParameters requested are different than current active one (requested -> active):
  custom:container-demuxer-ogg: 62fdf1f143b41e24485cea50d1cbac27 -> 
  custom:video-codec-MediaFoundation-h265: 746d11721c4dcdbdad8f713fa42b33f4 -> 
  custom:video-decoder-ogg-theora: a1e56fd34408186e4bbccfd4996cb3dc -> 
  custom:framework-win-MediaFoundation: 216162199b28c13a410421893ffa2e32 -> 
  custom:container-demuxer-webm: 4f35f7cbe854078d1ac9338744f61a02 -> 
  custom:container-muxer-webm: aa71ff27fc2769a1b78a27578f13a17b -> 
  custom:video-decoder-webm-vp8: 9c59270c3fd7afecdb556c50c9e8de78 -> 
  custom:AudioImporter_EditorPlatform: d09bf68614088b80899f8185d706f6e7 -> 
  custom:video-encoder-webm-vp8: eb34c28f22e8b96e1ab97ce403110664 -> 
  custom:audio-decoder-ogg-vorbis: bf7c407c2cedff20999df2af8eb42d56 -> 
  custom:audio-encoder-webm-vorbis: bf7c407c2cedff20999df2af8eb42d56 -> 
========================================================================
Received Prepare
Begin MonoManager ReloadAssembly
Symbol file LoadedFromMemory doesn't match image C:\Users\aleza\My project (1)\Library\PackageCache\com.unity.visualscripting@1.8.0\Editor\VisualScripting.Core\Dependencies\YamlDotNet\Unity.VisualScripting.YamlDotNet.dll
Symbol file LoadedFromMemory doesn't match image C:\Users\aleza\My project (1)\Library\PackageCache\com.unity.visualscripting@1.8.0\Editor\VisualScripting.Core\Dependencies\DotNetZip\Unity.VisualScripting.IonicZip.dll
- Loaded All Assemblies, in  0.771 seconds
Refreshing native plugins compatible for Editor in 3.42 ms, found 3 plugins.
Native extension for WindowsStandalone target not found
Mono: successfully reloaded assembly
- Finished resetting the current domain, in  1.059 seconds
Domain Reload Profiling:
	ReloadAssembly (249ms)
		BeginReloadAssembly (168ms)
			ExecutionOrderSort (0ms)
			DisableScriptedObjects (10ms)
			BackupInstance (0ms)
			ReleaseScriptingObjects (0ms)
			CreateAndSetChildDomain (43ms)
		LoadAllAssembliesAndSetupDomain (518ms)
			LoadAssemblies (273ms)
			RebuildTransferFunctionScriptingTraits (0ms)
			SetupTypeCache (317ms)
				TypeCache.Initialize (311ms)
					TypeCache.ScanAssembly (306ms)
				ResolveRequiredComponents (5ms)
		FinalizeReload (0ms)
			ReleaseScriptCaches (0ms)
			RebuildScriptCaches (0ms)
			SetupLoadedEditorAssemblies (452ms)
				LogAssemblyErrors (0ms)
				InitializePlatformSupportModulesInManaged (9ms)
				SetLoadedEditorAssemblies (5ms)
				RefreshPlugins (0ms)
				BeforeProcessingInitializeOnLoad (57ms)
				ProcessInitializeOnLoadAttributes (347ms)
				ProcessInitializeOnLoadMethodAttributes (27ms)
				AfterProcessingInitializeOnLoad (7ms)
				EditorAssembliesLoaded (0ms)
			ExecutionOrderSort2 (0ms)
			AwakeInstancesAfterBackupRestoration (11ms)
Refreshing native plugins compatible for Editor in 3.03 ms, found 3 plugins.
Preloading 0 native plugins for Editor in 0.00 ms.
Unloading 3119 Unused Serialized files (Serialized files now loaded: 0)
Unloading 20 unused Assets / (30.5 KB). Loaded Objects now: 3693.
Memory consumption went from 112.8 MB to 112.8 MB.
Total: 3.952600 ms (FindLiveObjects: 0.272200 ms CreateObjectMapping: 0.238200 ms MarkObjects: 3.395000 ms  DeleteObjects: 0.046200 ms)

Prepare: number of updated asset objects reloaded= 0
AssetImportParameters requested are different than current active one (requested -> active):
  custom:container-demuxer-ogg: 62fdf1f143b41e24485cea50d1cbac27 -> 
  custom:video-codec-MediaFoundation-h265: 746d11721c4dcdbdad8f713fa42b33f4 -> 
  custom:video-decoder-ogg-theora: a1e56fd34408186e4bbccfd4996cb3dc -> 
  custom:framework-win-MediaFoundation: 216162199b28c13a410421893ffa2e32 -> 
  custom:container-demuxer-webm: 4f35f7cbe854078d1ac9338744f61a02 -> 
  custom:container-muxer-webm: aa71ff27fc2769a1b78a27578f13a17b -> 
  custom:video-decoder-webm-vp8: 9c59270c3fd7afecdb556c50c9e8de78 -> 
  custom:AudioImporter_EditorPlatform: d09bf68614088b80899f8185d706f6e7 -> 
  custom:video-encoder-webm-vp8: eb34c28f22e8b96e1ab97ce403110664 -> 
  custom:audio-decoder-ogg-vorbis: bf7c407c2cedff20999df2af8eb42d56 -> 
  custom:audio-encoder-webm-vorbis: bf7c407c2cedff20999df2af8eb42d56 -> 
========================================================================
Received Prepare
Begin MonoManager ReloadAssembly
Symbol file LoadedFromMemory doesn't match image C:\Users\aleza\My project (1)\Library\PackageCache\com.unity.visualscripting@1.8.0\Editor\VisualScripting.Core\Dependencies\YamlDotNet\Unity.VisualScripting.YamlDotNet.dll
Symbol file LoadedFromMemory doesn't match image C:\Users\aleza\My project (1)\Library\PackageCache\com.unity.visualscripting@1.8.0\Editor\VisualScripting.Core\Dependencies\DotNetZip\Unity.VisualScripting.IonicZip.dll
- Loaded All Assemblies, in  1.042 seconds
Refreshing native plugins compatible for Editor in 5.62 ms, found 3 plugins.
Native extension for WindowsStandalone target not found
Mono: successfully reloaded assembly
- Finished resetting the current domain, in  1.231 seconds
Domain Reload Profiling:
	ReloadAssembly (338ms)
		BeginReloadAssembly (218ms)
			ExecutionOrderSort (0ms)
			DisableScriptedObjects (6ms)
			BackupInstance (0ms)
			ReleaseScriptingObjects (0ms)
			CreateAndSetChildDomain (49ms)
		LoadAllAssembliesAndSetupDomain (703ms)
			LoadAssemblies (413ms)
			RebuildTransferFunctionScriptingTraits (0ms)
			SetupTypeCache (412ms)
				TypeCache.Initialize (406ms)
					TypeCache.ScanAssembly (395ms)
				ResolveRequiredComponents (6ms)
		FinalizeReload (0ms)
			ReleaseScriptCaches (0ms)
			RebuildScriptCaches (0ms)
			SetupLoadedEditorAssemblies (525ms)
				LogAssemblyErrors (0ms)
				InitializePlatformSupportModulesInManaged (10ms)
				SetLoadedEditorAssemblies (5ms)
				RefreshPlugins (0ms)
				BeforeProcessingInitializeOnLoad (78ms)
				ProcessInitializeOnLoadAttributes (392ms)
				ProcessInitializeOnLoadMethodAttributes (29ms)
				AfterProcessingInitializeOnLoad (11ms)
				EditorAssembliesLoaded (0ms)
			ExecutionOrderSort2 (0ms)
			AwakeInstancesAfterBackupRestoration (11ms)
Refreshing native plugins compatible for Editor in 4.63 ms, found 3 plugins.
Preloading 0 native plugins for Editor in 0.00 ms.
Unloading 3119 Unused Serialized files (Serialized files now loaded: 0)
Unloading 20 unused Assets / (30.5 KB). Loaded Objects now: 3696.
Memory consumption went from 112.8 MB to 112.8 MB.
Total: 5.738200 ms (FindLiveObjects: 0.792700 ms CreateObjectMapping: 0.651200 ms MarkObjects: 4.231800 ms  DeleteObjects: 0.061100 ms)

Prepare: number of updated asset objects reloaded= 0
AssetImportParameters requested are different than current active one (requested -> active):
  custom:container-demuxer-ogg: 62fdf1f143b41e24485cea50d1cbac27 -> 
  custom:video-codec-MediaFoundation-h265: 746d11721c4dcdbdad8f713fa42b33f4 -> 
  custom:video-decoder-ogg-theora: a1e56fd34408186e4bbccfd4996cb3dc -> 
  custom:framework-win-MediaFoundation: 216162199b28c13a410421893ffa2e32 -> 
  custom:container-demuxer-webm: 4f35f7cbe854078d1ac9338744f61a02 -> 
  custom:container-muxer-webm: aa71ff27fc2769a1b78a27578f13a17b -> 
  custom:video-decoder-webm-vp8: 9c59270c3fd7afecdb556c50c9e8de78 -> 
  custom:AudioImporter_EditorPlatform: d09bf68614088b80899f8185d706f6e7 -> 
  custom:video-encoder-webm-vp8: eb34c28f22e8b96e1ab97ce403110664 -> 
  custom:audio-decoder-ogg-vorbis: bf7c407c2cedff20999df2af8eb42d56 -> 
  custom:audio-encoder-webm-vorbis: bf7c407c2cedff20999df2af8eb42d56 -> 
========================================================================
Received Prepare
Begin MonoManager ReloadAssembly
Symbol file LoadedFromMemory doesn't match image C:\Users\aleza\My project (1)\Library\PackageCache\com.unity.visualscripting@1.8.0\Editor\VisualScripting.Core\Dependencies\YamlDotNet\Unity.VisualScripting.YamlDotNet.dll
Symbol file LoadedFromMemory doesn't match image C:\Users\aleza\My project (1)\Library\PackageCache\com.unity.visualscripting@1.8.0\Editor\VisualScripting.Core\Dependencies\DotNetZip\Unity.VisualScripting.IonicZip.dll
- Loaded All Assemblies, in  1.631 seconds
Refreshing native plugins compatible for Editor in 3.08 ms, found 3 plugins.
Native extension for WindowsStandalone target not found
Mono: successfully reloaded assembly
- Finished resetting the current domain, in  1.499 seconds
Domain Reload Profiling:
	ReloadAssembly (811ms)
		BeginReloadAssembly (708ms)
			ExecutionOrderSort (0ms)
			DisableScriptedObjects (31ms)
			BackupInstance (0ms)
			ReleaseScriptingObjects (0ms)
			CreateAndSetChildDomain (357ms)
		LoadAllAssembliesAndSetupDomain (819ms)
			LoadAssemblies (619ms)
			RebuildTransferFunctionScriptingTraits (0ms)
			SetupTypeCache (378ms)
				TypeCache.Initialize (368ms)
					TypeCache.ScanAssembly (355ms)
				ResolveRequiredComponents (5ms)
		FinalizeReload (0ms)
			ReleaseScriptCaches (0ms)
			RebuildScriptCaches (0ms)
			SetupLoadedEditorAssemblies (401ms)
				LogAssemblyErrors (0ms)
				InitializePlatformSupportModulesInManaged (7ms)
				SetLoadedEditorAssemblies (5ms)
				RefreshPlugins (0ms)
				BeforeProcessingInitializeOnLoad (68ms)
				ProcessInitializeOnLoadAttributes (295ms)
				ProcessInitializeOnLoadMethodAttributes (20ms)
				AfterProcessingInitializeOnLoad (7ms)
				EditorAssembliesLoaded (0ms)
			ExecutionOrderSort2 (0ms)
			AwakeInstancesAfterBackupRestoration (8ms)
Refreshing native plugins compatible for Editor in 3.69 ms, found 3 plugins.
Preloading 0 native plugins for Editor in 0.00 ms.
Unloading 3119 Unused Serialized files (Serialized files now loaded: 0)
Unloading 20 unused Assets / (30.5 KB). Loaded Objects now: 3699.
Memory consumption went from 112.8 MB to 112.8 MB.
Total: 6.012800 ms (FindLiveObjects: 0.291200 ms CreateObjectMapping: 0.221700 ms MarkObjects: 5.404800 ms  DeleteObjects: 0.094100 ms)

Prepare: number of updated asset objects reloaded= 0
AssetImportParameters requested are different than current active one (requested -> active):
  custom:container-demuxer-ogg: 62fdf1f143b41e24485cea50d1cbac27 -> 
  custom:video-codec-MediaFoundation-h265: 746d11721c4dcdbdad8f713fa42b33f4 -> 
  custom:video-decoder-ogg-theora: a1e56fd34408186e4bbccfd4996cb3dc -> 
  custom:framework-win-MediaFoundation: 216162199b28c13a410421893ffa2e32 -> 
  custom:container-demuxer-webm: 4f35f7cbe854078d1ac9338744f61a02 -> 
  custom:container-muxer-webm: aa71ff27fc2769a1b78a27578f13a17b -> 
  custom:video-decoder-webm-vp8: 9c59270c3fd7afecdb556c50c9e8de78 -> 
  custom:AudioImporter_EditorPlatform: d09bf68614088b80899f8185d706f6e7 -> 
  custom:video-encoder-webm-vp8: eb34c28f22e8b96e1ab97ce403110664 -> 
  custom:audio-decoder-ogg-vorbis: bf7c407c2cedff20999df2af8eb42d56 -> 
  custom:audio-encoder-webm-vorbis: bf7c407c2cedff20999df2af8eb42d56 -> 
========================================================================
Received Import Request.
  Time since last request: 5336.348047 seconds.
  path: Assets/Prefabs/bala_doble (1).prefab
  artifactKey: Guid(2dbe57ccc5dec4542a6666b93a24bbfc) Importer(815301076,1909f56bfc062723c751e8b465ee728b)
Start importing Assets/Prefabs/bala_doble (1).prefab using Guid(2dbe57ccc5dec4542a6666b93a24bbfc) Importer(815301076,1909f56bfc062723c751e8b465ee728b)  -> (artifact id: 'fff6b36dbb51e20296c4c60853392a98') in 0.138613 seconds
Number of updated asset objects reloaded before import = 0
Number of asset objects unloaded after import = 8
========================================================================
Received Import Request.
  Time since last request: 31.860055 seconds.
  path: Assets/Prefabs/bala_doble (1).prefab
  artifactKey: Guid(2dbe57ccc5dec4542a6666b93a24bbfc) Importer(815301076,1909f56bfc062723c751e8b465ee728b)
Start importing Assets/Prefabs/bala_doble (1).prefab using Guid(2dbe57ccc5dec4542a6666b93a24bbfc) Importer(815301076,1909f56bfc062723c751e8b465ee728b)  -> (artifact id: 'dc60e503b5bfa2be3074b9b8f8d28779') in 0.012762 seconds
Number of updated asset objects reloaded before import = 0
Number of asset objects unloaded after import = 9
========================================================================
Received Prepare
Begin MonoManager ReloadAssembly
Symbol file LoadedFromMemory doesn't match image C:\Users\aleza\My project (1)\Library\PackageCache\com.unity.visualscripting@1.8.0\Editor\VisualScripting.Core\Dependencies\YamlDotNet\Unity.VisualScripting.YamlDotNet.dll
Symbol file LoadedFromMemory doesn't match image C:\Users\aleza\My project (1)\Library\PackageCache\com.unity.visualscripting@1.8.0\Editor\VisualScripting.Core\Dependencies\DotNetZip\Unity.VisualScripting.IonicZip.dll
- Loaded All Assemblies, in  0.914 seconds
Refreshing native plugins compatible for Editor in 5.49 ms, found 3 plugins.
Native extension for WindowsStandalone target not found
Mono: successfully reloaded assembly
- Finished resetting the current domain, in  1.207 seconds
Domain Reload Profiling:
	ReloadAssembly (274ms)
		BeginReloadAssembly (178ms)
			ExecutionOrderSort (0ms)
			DisableScriptedObjects (5ms)
			BackupInstance (0ms)
			ReleaseScriptingObjects (0ms)
			CreateAndSetChildDomain (43ms)
		LoadAllAssembliesAndSetupDomain (637ms)
			LoadAssemblies (313ms)
			RebuildTransferFunctionScriptingTraits (0ms)
			SetupTypeCache (416ms)
				TypeCache.Initialize (409ms)
					TypeCache.ScanAssembly (398ms)
				ResolveRequiredComponents (7ms)
		FinalizeReload (0ms)
			ReleaseScriptCaches (0ms)
			RebuildScriptCaches (0ms)
			SetupLoadedEditorAssemblies (535ms)
				LogAssemblyErrors (0ms)
				InitializePlatformSupportModulesInManaged (10ms)
				SetLoadedEditorAssemblies (5ms)
				RefreshPlugins (0ms)
				BeforeProcessingInitializeOnLoad (78ms)
				ProcessInitializeOnLoadAttributes (403ms)
				ProcessInitializeOnLoadMethodAttributes (31ms)
				AfterProcessingInitializeOnLoad (8ms)
				EditorAssembliesLoaded (0ms)
			ExecutionOrderSort2 (0ms)
			AwakeInstancesAfterBackupRestoration (12ms)
Refreshing native plugins compatible for Editor in 4.63 ms, found 3 plugins.
Preloading 0 native plugins for Editor in 0.00 ms.
Unloading 3118 Unused Serialized files (Serialized files now loaded: 0)
Unloading 20 unused Assets / (30.5 KB). Loaded Objects now: 3703.
Memory consumption went from 112.6 MB to 112.6 MB.
Total: 6.705500 ms (FindLiveObjects: 0.367800 ms CreateObjectMapping: 0.312500 ms MarkObjects: 5.926400 ms  DeleteObjects: 0.097100 ms)

Prepare: number of updated asset objects reloaded= 0
AssetImportParameters requested are different than current active one (requested -> active):
  custom:container-demuxer-ogg: 62fdf1f143b41e24485cea50d1cbac27 -> 
  custom:video-codec-MediaFoundation-h265: 746d11721c4dcdbdad8f713fa42b33f4 -> 
  custom:video-decoder-ogg-theora: a1e56fd34408186e4bbccfd4996cb3dc -> 
  custom:framework-win-MediaFoundation: 216162199b28c13a410421893ffa2e32 -> 
  custom:container-demuxer-webm: 4f35f7cbe854078d1ac9338744f61a02 -> 
  custom:container-muxer-webm: aa71ff27fc2769a1b78a27578f13a17b -> 
  custom:video-decoder-webm-vp8: 9c59270c3fd7afecdb556c50c9e8de78 -> 
  custom:AudioImporter_EditorPlatform: d09bf68614088b80899f8185d706f6e7 -> 
  custom:video-encoder-webm-vp8: eb34c28f22e8b96e1ab97ce403110664 -> 
  custom:audio-decoder-ogg-vorbis: bf7c407c2cedff20999df2af8eb42d56 -> 
  custom:audio-encoder-webm-vorbis: bf7c407c2cedff20999df2af8eb42d56 -> 
========================================================================
Received Prepare
Begin MonoManager ReloadAssembly
Symbol file LoadedFromMemory doesn't match image C:\Users\aleza\My project (1)\Library\PackageCache\com.unity.visualscripting@1.8.0\Editor\VisualScripting.Core\Dependencies\YamlDotNet\Unity.VisualScripting.YamlDotNet.dll
Symbol file LoadedFromMemory doesn't match image C:\Users\aleza\My project (1)\Library\PackageCache\com.unity.visualscripting@1.8.0\Editor\VisualScripting.Core\Dependencies\DotNetZip\Unity.VisualScripting.IonicZip.dll
- Loaded All Assemblies, in  0.982 seconds
Refreshing native plugins compatible for Editor in 3.51 ms, found 3 plugins.
Native extension for WindowsStandalone target not found
Mono: successfully reloaded assembly
- Finished resetting the current domain, in  0.948 seconds
Domain Reload Profiling:
	ReloadAssembly (299ms)
		BeginReloadAssembly (191ms)
			ExecutionOrderSort (0ms)
			DisableScriptedObjects (8ms)
			BackupInstance (0ms)
			ReleaseScriptingObjects (0ms)
			CreateAndSetChildDomain (50ms)
		LoadAllAssembliesAndSetupDomain (679ms)
			LoadAssemblies (377ms)
			RebuildTransferFunctionScriptingTraits (0ms)
			SetupTypeCache (388ms)
				TypeCache.Initialize (380ms)
					TypeCache.ScanAssembly (371ms)
				ResolveRequiredComponents (5ms)
		FinalizeReload (0ms)
			ReleaseScriptCaches (0ms)
			RebuildScriptCaches (0ms)
			SetupLoadedEditorAssemblies (465ms)
				LogAssemblyErrors (0ms)
				InitializePlatformSupportModulesInManaged (10ms)
				SetLoadedEditorAssemblies (5ms)
				RefreshPlugins (0ms)
				BeforeProcessingInitializeOnLoad (65ms)
				ProcessInitializeOnLoadAttributes (359ms)
				ProcessInitializeOnLoadMethodAttributes (20ms)
				AfterProcessingInitializeOnLoad (6ms)
				EditorAssembliesLoaded (0ms)
			ExecutionOrderSort2 (0ms)
			AwakeInstancesAfterBackupRestoration (9ms)
Refreshing native plugins compatible for Editor in 3.50 ms, found 3 plugins.
Preloading 0 native plugins for Editor in 0.00 ms.
Unloading 3119 Unused Serialized files (Serialized files now loaded: 0)
Unloading 20 unused Assets / (30.5 KB). Loaded Objects now: 3706.
Memory consumption went from 112.8 MB to 112.8 MB.
Total: 3.774700 ms (FindLiveObjects: 0.330300 ms CreateObjectMapping: 0.239600 ms MarkObjects: 3.156800 ms  DeleteObjects: 0.046800 ms)

Prepare: number of updated asset objects reloaded= 0
AssetImportParameters requested are different than current active one (requested -> active):
  custom:container-demuxer-ogg: 62fdf1f143b41e24485cea50d1cbac27 -> 
  custom:video-codec-MediaFoundation-h265: 746d11721c4dcdbdad8f713fa42b33f4 -> 
  custom:video-decoder-ogg-theora: a1e56fd34408186e4bbccfd4996cb3dc -> 
  custom:framework-win-MediaFoundation: 216162199b28c13a410421893ffa2e32 -> 
  custom:container-demuxer-webm: 4f35f7cbe854078d1ac9338744f61a02 -> 
  custom:container-muxer-webm: aa71ff27fc2769a1b78a27578f13a17b -> 
  custom:video-decoder-webm-vp8: 9c59270c3fd7afecdb556c50c9e8de78 -> 
  custom:AudioImporter_EditorPlatform: d09bf68614088b80899f8185d706f6e7 -> 
  custom:video-encoder-webm-vp8: eb34c28f22e8b96e1ab97ce403110664 -> 
  custom:audio-decoder-ogg-vorbis: bf7c407c2cedff20999df2af8eb42d56 -> 
  custom:audio-encoder-webm-vorbis: bf7c407c2cedff20999df2af8eb42d56 -> 
========================================================================
Received Prepare
Begin MonoManager ReloadAssembly
Symbol file LoadedFromMemory doesn't match image C:\Users\aleza\My project (1)\Library\PackageCache\com.unity.visualscripting@1.8.0\Editor\VisualScripting.Core\Dependencies\YamlDotNet\Unity.VisualScripting.YamlDotNet.dll
Symbol file LoadedFromMemory doesn't match image C:\Users\aleza\My project (1)\Library\PackageCache\com.unity.visualscripting@1.8.0\Editor\VisualScripting.Core\Dependencies\DotNetZip\Unity.VisualScripting.IonicZip.dll
- Loaded All Assemblies, in  0.772 seconds
Refreshing native plugins compatible for Editor in 2.70 ms, found 3 plugins.
Native extension for WindowsStandalone target not found
Mono: successfully reloaded assembly
- Finished resetting the current domain, in  1.304 seconds
Domain Reload Profiling:
	ReloadAssembly (245ms)
		BeginReloadAssembly (159ms)
			ExecutionOrderSort (0ms)
			DisableScriptedObjects (7ms)
			BackupInstance (0ms)
			ReleaseScriptingObjects (0ms)
			CreateAndSetChildDomain (41ms)
		LoadAllAssembliesAndSetupDomain (524ms)
			LoadAssemblies (277ms)
			RebuildTransferFunctionScriptingTraits (0ms)
			SetupTypeCache (312ms)
				TypeCache.Initialize (308ms)
					TypeCache.ScanAssembly (301ms)
				ResolveRequiredComponents (4ms)
		FinalizeReload (0ms)
			ReleaseScriptCaches (0ms)
			RebuildScriptCaches (0ms)
			SetupLoadedEditorAssemblies (564ms)
				LogAssemblyErrors (0ms)
				InitializePlatformSupportModulesInManaged (9ms)
				SetLoadedEditorAssemblies (5ms)
				RefreshPlugins (0ms)
				BeforeProcessingInitializeOnLoad (89ms)
				ProcessInitializeOnLoadAttributes (420ms)
				ProcessInitializeOnLoadMethodAttributes (31ms)
				AfterProcessingInitializeOnLoad (10ms)
				EditorAssembliesLoaded (0ms)
			ExecutionOrderSort2 (0ms)
			AwakeInstancesAfterBackupRestoration (13ms)
Refreshing native plugins compatible for Editor in 4.30 ms, found 3 plugins.
Preloading 0 native plugins for Editor in 0.00 ms.
Unloading 3119 Unused Serialized files (Serialized files now loaded: 0)
Unloading 20 unused Assets / (30.5 KB). Loaded Objects now: 3709.
Memory consumption went from 112.8 MB to 112.8 MB.
Total: 3.541600 ms (FindLiveObjects: 0.309800 ms CreateObjectMapping: 0.288100 ms MarkObjects: 2.897300 ms  DeleteObjects: 0.045200 ms)

Prepare: number of updated asset objects reloaded= 0
AssetImportParameters requested are different than current active one (requested -> active):
  custom:container-demuxer-ogg: 62fdf1f143b41e24485cea50d1cbac27 -> 
  custom:video-codec-MediaFoundation-h265: 746d11721c4dcdbdad8f713fa42b33f4 -> 
  custom:video-decoder-ogg-theora: a1e56fd34408186e4bbccfd4996cb3dc -> 
  custom:framework-win-MediaFoundation: 216162199b28c13a410421893ffa2e32 -> 
  custom:container-demuxer-webm: 4f35f7cbe854078d1ac9338744f61a02 -> 
  custom:container-muxer-webm: aa71ff27fc2769a1b78a27578f13a17b -> 
  custom:video-decoder-webm-vp8: 9c59270c3fd7afecdb556c50c9e8de78 -> 
  custom:AudioImporter_EditorPlatform: d09bf68614088b80899f8185d706f6e7 -> 
  custom:video-encoder-webm-vp8: eb34c28f22e8b96e1ab97ce403110664 -> 
  custom:audio-decoder-ogg-vorbis: bf7c407c2cedff20999df2af8eb42d56 -> 
  custom:audio-encoder-webm-vorbis: bf7c407c2cedff20999df2af8eb42d56 -> 
========================================================================
Received Import Request.
  Time since last request: 287.792537 seconds.
  path: Assets/Prefabs/bala_doble (1).prefab
  artifactKey: Guid(2dbe57ccc5dec4542a6666b93a24bbfc) Importer(815301076,1909f56bfc062723c751e8b465ee728b)
Start importing Assets/Prefabs/bala_doble (1).prefab using Guid(2dbe57ccc5dec4542a6666b93a24bbfc) Importer(815301076,1909f56bfc062723c751e8b465ee728b)  -> (artifact id: 'aaac13c3a1e9956605788b2666507069') in 0.107657 seconds
Number of updated asset objects reloaded before import = 0
Number of asset objects unloaded after import = 9
========================================================================
Received Import Request.
  Time since last request: 4.911022 seconds.
  path: Assets/Prefabs/bala_doble (1).prefab
  artifactKey: Guid(2dbe57ccc5dec4542a6666b93a24bbfc) Importer(815301076,1909f56bfc062723c751e8b465ee728b)
Start importing Assets/Prefabs/bala_doble (1).prefab using Guid(2dbe57ccc5dec4542a6666b93a24bbfc) Importer(815301076,1909f56bfc062723c751e8b465ee728b)  -> (artifact id: '9ec8cc42a5c7cf30b5e22909cc4423a1') in 0.014322 seconds
Number of updated asset objects reloaded before import = 0
Number of asset objects unloaded after import = 9
========================================================================
Received Prepare
Begin MonoManager ReloadAssembly
Symbol file LoadedFromMemory doesn't match image C:\Users\aleza\My project (1)\Library\PackageCache\com.unity.visualscripting@1.8.0\Editor\VisualScripting.Core\Dependencies\YamlDotNet\Unity.VisualScripting.YamlDotNet.dll
Symbol file LoadedFromMemory doesn't match image C:\Users\aleza\My project (1)\Library\PackageCache\com.unity.visualscripting@1.8.0\Editor\VisualScripting.Core\Dependencies\DotNetZip\Unity.VisualScripting.IonicZip.dll
- Loaded All Assemblies, in  0.787 seconds
Refreshing native plugins compatible for Editor in 4.40 ms, found 3 plugins.
Native extension for WindowsStandalone target not found
Mono: successfully reloaded assembly
- Finished resetting the current domain, in  1.204 seconds
Domain Reload Profiling:
	ReloadAssembly (244ms)
		BeginReloadAssembly (163ms)
			ExecutionOrderSort (0ms)
			DisableScriptedObjects (5ms)
			BackupInstance (0ms)
			ReleaseScriptingObjects (0ms)
			CreateAndSetChildDomain (47ms)
		LoadAllAssembliesAndSetupDomain (541ms)
			LoadAssemblies (287ms)
			RebuildTransferFunctionScriptingTraits (0ms)
			SetupTypeCache (328ms)
				TypeCache.Initialize (323ms)
					TypeCache.ScanAssembly (316ms)
				ResolveRequiredComponents (5ms)
		FinalizeReload (0ms)
			ReleaseScriptCaches (0ms)
			RebuildScriptCaches (0ms)
			SetupLoadedEditorAssemblies (533ms)
				LogAssemblyErrors (0ms)
				InitializePlatformSupportModulesInManaged (9ms)
				SetLoadedEditorAssemblies (5ms)
				RefreshPlugins (0ms)
				BeforeProcessingInitializeOnLoad (82ms)
				ProcessInitializeOnLoadAttributes (398ms)
				ProcessInitializeOnLoadMethodAttributes (28ms)
				AfterProcessingInitializeOnLoad (10ms)
				EditorAssembliesLoaded (0ms)
			ExecutionOrderSort2 (0ms)
			AwakeInstancesAfterBackupRestoration (13ms)
Refreshing native plugins compatible for Editor in 4.77 ms, found 3 plugins.
Preloading 0 native plugins for Editor in 0.00 ms.
Unloading 3118 Unused Serialized files (Serialized files now loaded: 0)
Unloading 20 unused Assets / (30.5 KB). Loaded Objects now: 3712.
Memory consumption went from 112.6 MB to 112.6 MB.
Total: 4.404300 ms (FindLiveObjects: 0.400300 ms CreateObjectMapping: 0.233800 ms MarkObjects: 3.702400 ms  DeleteObjects: 0.066400 ms)

Prepare: number of updated asset objects reloaded= 0
AssetImportParameters requested are different than current active one (requested -> active):
  custom:container-demuxer-ogg: 62fdf1f143b41e24485cea50d1cbac27 -> 
  custom:video-codec-MediaFoundation-h265: 746d11721c4dcdbdad8f713fa42b33f4 -> 
  custom:video-decoder-ogg-theora: a1e56fd34408186e4bbccfd4996cb3dc -> 
  custom:framework-win-MediaFoundation: 216162199b28c13a410421893ffa2e32 -> 
  custom:container-demuxer-webm: 4f35f7cbe854078d1ac9338744f61a02 -> 
  custom:container-muxer-webm: aa71ff27fc2769a1b78a27578f13a17b -> 
  custom:video-decoder-webm-vp8: 9c59270c3fd7afecdb556c50c9e8de78 -> 
  custom:AudioImporter_EditorPlatform: d09bf68614088b80899f8185d706f6e7 -> 
  custom:video-encoder-webm-vp8: eb34c28f22e8b96e1ab97ce403110664 -> 
  custom:audio-decoder-ogg-vorbis: bf7c407c2cedff20999df2af8eb42d56 -> 
  custom:audio-encoder-webm-vorbis: bf7c407c2cedff20999df2af8eb42d56 -> 
========================================================================
Received Prepare
Begin MonoManager ReloadAssembly
Symbol file LoadedFromMemory doesn't match image C:\Users\aleza\My project (1)\Library\PackageCache\com.unity.visualscripting@1.8.0\Editor\VisualScripting.Core\Dependencies\YamlDotNet\Unity.VisualScripting.YamlDotNet.dll
Symbol file LoadedFromMemory doesn't match image C:\Users\aleza\My project (1)\Library\PackageCache\com.unity.visualscripting@1.8.0\Editor\VisualScripting.Core\Dependencies\DotNetZip\Unity.VisualScripting.IonicZip.dll
- Loaded All Assemblies, in  1.039 seconds
Refreshing native plugins compatible for Editor in 3.38 ms, found 3 plugins.
Native extension for WindowsStandalone target not found
Mono: successfully reloaded assembly
- Finished resetting the current domain, in  0.977 seconds
Domain Reload Profiling:
	ReloadAssembly (322ms)
		BeginReloadAssembly (202ms)
			ExecutionOrderSort (0ms)
			DisableScriptedObjects (6ms)
			BackupInstance (0ms)
			ReleaseScriptingObjects (0ms)
			CreateAndSetChildDomain (58ms)
		LoadAllAssembliesAndSetupDomain (713ms)
			LoadAssemblies (361ms)
			RebuildTransferFunctionScriptingTraits (0ms)
			SetupTypeCache (434ms)
				TypeCache.Initialize (425ms)
					TypeCache.ScanAssembly (417ms)
				ResolveRequiredComponents (6ms)
		FinalizeReload (0ms)
			ReleaseScriptCaches (0ms)
			RebuildScriptCaches (0ms)
			SetupLoadedEditorAssemblies (440ms)
				LogAssemblyErrors (0ms)
				InitializePlatformSupportModulesInManaged (5ms)
				SetLoadedEditorAssemblies (3ms)
				RefreshPlugins (0ms)
				BeforeProcessingInitializeOnLoad (70ms)
				ProcessInitializeOnLoadAttributes (329ms)
				ProcessInitializeOnLoadMethodAttributes (26ms)
				AfterProcessingInitializeOnLoad (6ms)
				EditorAssembliesLoaded (0ms)
			ExecutionOrderSort2 (0ms)
			AwakeInstancesAfterBackupRestoration (9ms)
Refreshing native plugins compatible for Editor in 3.77 ms, found 3 plugins.
Preloading 0 native plugins for Editor in 0.00 ms.
Unloading 3119 Unused Serialized files (Serialized files now loaded: 0)
Unloading 20 unused Assets / (30.5 KB). Loaded Objects now: 3715.
Memory consumption went from 112.8 MB to 112.8 MB.
Total: 2.836300 ms (FindLiveObjects: 0.278600 ms CreateObjectMapping: 0.219100 ms MarkObjects: 2.277300 ms  DeleteObjects: 0.060200 ms)

Prepare: number of updated asset objects reloaded= 0
AssetImportParameters requested are different than current active one (requested -> active):
  custom:container-demuxer-ogg: 62fdf1f143b41e24485cea50d1cbac27 -> 
  custom:video-codec-MediaFoundation-h265: 746d11721c4dcdbdad8f713fa42b33f4 -> 
  custom:video-decoder-ogg-theora: a1e56fd34408186e4bbccfd4996cb3dc -> 
  custom:framework-win-MediaFoundation: 216162199b28c13a410421893ffa2e32 -> 
  custom:container-demuxer-webm: 4f35f7cbe854078d1ac9338744f61a02 -> 
  custom:container-muxer-webm: aa71ff27fc2769a1b78a27578f13a17b -> 
  custom:video-decoder-webm-vp8: 9c59270c3fd7afecdb556c50c9e8de78 -> 
  custom:AudioImporter_EditorPlatform: d09bf68614088b80899f8185d706f6e7 -> 
  custom:video-encoder-webm-vp8: eb34c28f22e8b96e1ab97ce403110664 -> 
  custom:audio-decoder-ogg-vorbis: bf7c407c2cedff20999df2af8eb42d56 -> 
  custom:audio-encoder-webm-vorbis: bf7c407c2cedff20999df2af8eb42d56 -> 
========================================================================
Received Prepare
Begin MonoManager ReloadAssembly
Symbol file LoadedFromMemory doesn't match image C:\Users\aleza\My project (1)\Library\PackageCache\com.unity.visualscripting@1.8.0\Editor\VisualScripting.Core\Dependencies\YamlDotNet\Unity.VisualScripting.YamlDotNet.dll
Symbol file LoadedFromMemory doesn't match image C:\Users\aleza\My project (1)\Library\PackageCache\com.unity.visualscripting@1.8.0\Editor\VisualScripting.Core\Dependencies\DotNetZip\Unity.VisualScripting.IonicZip.dll
- Loaded All Assemblies, in  0.985 seconds
Refreshing native plugins compatible for Editor in 2.93 ms, found 3 plugins.
Native extension for WindowsStandalone target not found
Mono: successfully reloaded assembly
- Finished resetting the current domain, in  0.969 seconds
Domain Reload Profiling:
	ReloadAssembly (271ms)
		BeginReloadAssembly (164ms)
			ExecutionOrderSort (0ms)
			DisableScriptedObjects (7ms)
			BackupInstance (0ms)
			ReleaseScriptingObjects (0ms)
			CreateAndSetChildDomain (44ms)
		LoadAllAssembliesAndSetupDomain (712ms)
			LoadAssemblies (342ms)
			RebuildTransferFunctionScriptingTraits (0ms)
			SetupTypeCache (443ms)
				TypeCache.Initialize (437ms)
					TypeCache.ScanAssembly (431ms)
				ResolveRequiredComponents (4ms)
		FinalizeReload (0ms)
			ReleaseScriptCaches (0ms)
			RebuildScriptCaches (0ms)
			SetupLoadedEditorAssemblies (477ms)
				LogAssemblyErrors (0ms)
				InitializePlatformSupportModulesInManaged (7ms)
				SetLoadedEditorAssemblies (4ms)
				RefreshPlugins (0ms)
				BeforeProcessingInitializeOnLoad (66ms)
				ProcessInitializeOnLoadAttributes (365ms)
				ProcessInitializeOnLoadMethodAttributes (24ms)
				AfterProcessingInitializeOnLoad (10ms)
				EditorAssembliesLoaded (0ms)
			ExecutionOrderSort2 (0ms)
			AwakeInstancesAfterBackupRestoration (13ms)
Refreshing native plugins compatible for Editor in 3.44 ms, found 3 plugins.
Preloading 0 native plugins for Editor in 0.00 ms.
Unloading 3119 Unused Serialized files (Serialized files now loaded: 0)
Unloading 20 unused Assets / (30.5 KB). Loaded Objects now: 3718.
Memory consumption went from 112.8 MB to 112.8 MB.
Total: 3.032800 ms (FindLiveObjects: 0.326300 ms CreateObjectMapping: 0.241600 ms MarkObjects: 2.421500 ms  DeleteObjects: 0.042500 ms)

Prepare: number of updated asset objects reloaded= 0
AssetImportParameters requested are different than current active one (requested -> active):
  custom:container-demuxer-ogg: 62fdf1f143b41e24485cea50d1cbac27 -> 
  custom:video-codec-MediaFoundation-h265: 746d11721c4dcdbdad8f713fa42b33f4 -> 
  custom:video-decoder-ogg-theora: a1e56fd34408186e4bbccfd4996cb3dc -> 
  custom:framework-win-MediaFoundation: 216162199b28c13a410421893ffa2e32 -> 
  custom:container-demuxer-webm: 4f35f7cbe854078d1ac9338744f61a02 -> 
  custom:container-muxer-webm: aa71ff27fc2769a1b78a27578f13a17b -> 
  custom:video-decoder-webm-vp8: 9c59270c3fd7afecdb556c50c9e8de78 -> 
  custom:AudioImporter_EditorPlatform: d09bf68614088b80899f8185d706f6e7 -> 
  custom:video-encoder-webm-vp8: eb34c28f22e8b96e1ab97ce403110664 -> 
  custom:audio-decoder-ogg-vorbis: bf7c407c2cedff20999df2af8eb42d56 -> 
  custom:audio-encoder-webm-vorbis: bf7c407c2cedff20999df2af8eb42d56 -> 
========================================================================
Received Prepare
Begin MonoManager ReloadAssembly
Symbol file LoadedFromMemory doesn't match image C:\Users\aleza\My project (1)\Library\PackageCache\com.unity.visualscripting@1.8.0\Editor\VisualScripting.Core\Dependencies\YamlDotNet\Unity.VisualScripting.YamlDotNet.dll
Symbol file LoadedFromMemory doesn't match image C:\Users\aleza\My project (1)\Library\PackageCache\com.unity.visualscripting@1.8.0\Editor\VisualScripting.Core\Dependencies\DotNetZip\Unity.VisualScripting.IonicZip.dll
- Loaded All Assemblies, in  0.886 seconds
Refreshing native plugins compatible for Editor in 4.43 ms, found 3 plugins.
Native extension for WindowsStandalone target not found
Mono: successfully reloaded assembly
- Finished resetting the current domain, in  1.249 seconds
Domain Reload Profiling:
	ReloadAssembly (237ms)
		BeginReloadAssembly (154ms)
			ExecutionOrderSort (0ms)
			DisableScriptedObjects (7ms)
			BackupInstance (0ms)
			ReleaseScriptingObjects (0ms)
			CreateAndSetChildDomain (38ms)
		LoadAllAssembliesAndSetupDomain (647ms)
			LoadAssemblies (280ms)
			RebuildTransferFunctionScriptingTraits (0ms)
			SetupTypeCache (432ms)
				TypeCache.Initialize (425ms)
					TypeCache.ScanAssembly (414ms)
				ResolveRequiredComponents (7ms)
		FinalizeReload (0ms)
			ReleaseScriptCaches (0ms)
			RebuildScriptCaches (0ms)
			SetupLoadedEditorAssemblies (605ms)
				LogAssemblyErrors (0ms)
				InitializePlatformSupportModulesInManaged (8ms)
				SetLoadedEditorAssemblies (6ms)
				RefreshPlugins (0ms)
				BeforeProcessingInitializeOnLoad (87ms)
				ProcessInitializeOnLoadAttributes (466ms)
				ProcessInitializeOnLoadMethodAttributes (29ms)
				AfterProcessingInitializeOnLoad (10ms)
				EditorAssembliesLoaded (0ms)
			ExecutionOrderSort2 (0ms)
			AwakeInstancesAfterBackupRestoration (12ms)
Refreshing native plugins compatible for Editor in 5.92 ms, found 3 plugins.
Preloading 0 native plugins for Editor in 0.00 ms.
Unloading 3119 Unused Serialized files (Serialized files now loaded: 0)
Unloading 20 unused Assets / (30.5 KB). Loaded Objects now: 3721.
Memory consumption went from 112.8 MB to 112.8 MB.
Total: 4.817000 ms (FindLiveObjects: 0.557100 ms CreateObjectMapping: 0.321100 ms MarkObjects: 3.890400 ms  DeleteObjects: 0.047200 ms)

Prepare: number of updated asset objects reloaded= 0
AssetImportParameters requested are different than current active one (requested -> active):
  custom:container-demuxer-ogg: 62fdf1f143b41e24485cea50d1cbac27 -> 
  custom:video-codec-MediaFoundation-h265: 746d11721c4dcdbdad8f713fa42b33f4 -> 
  custom:video-decoder-ogg-theora: a1e56fd34408186e4bbccfd4996cb3dc -> 
  custom:framework-win-MediaFoundation: 216162199b28c13a410421893ffa2e32 -> 
  custom:container-demuxer-webm: 4f35f7cbe854078d1ac9338744f61a02 -> 
  custom:container-muxer-webm: aa71ff27fc2769a1b78a27578f13a17b -> 
  custom:video-decoder-webm-vp8: 9c59270c3fd7afecdb556c50c9e8de78 -> 
  custom:AudioImporter_EditorPlatform: d09bf68614088b80899f8185d706f6e7 -> 
  custom:video-encoder-webm-vp8: eb34c28f22e8b96e1ab97ce403110664 -> 
  custom:audio-decoder-ogg-vorbis: bf7c407c2cedff20999df2af8eb42d56 -> 
  custom:audio-encoder-webm-vorbis: bf7c407c2cedff20999df2af8eb42d56 -> 
========================================================================
Received Import Request.
  Time since last request: 253.384746 seconds.
  path: Assets/Prefabs/bala_doble (1).prefab
  artifactKey: Guid(2dbe57ccc5dec4542a6666b93a24bbfc) Importer(815301076,1909f56bfc062723c751e8b465ee728b)
Start importing Assets/Prefabs/bala_doble (1).prefab using Guid(2dbe57ccc5dec4542a6666b93a24bbfc) Importer(815301076,1909f56bfc062723c751e8b465ee728b)  -> (artifact id: '02dd2b4f5a691ceb88b3f276b7237de1') in 0.101063 seconds
Number of updated asset objects reloaded before import = 0
Number of asset objects unloaded after import = 9
========================================================================
Received Import Request.
  Time since last request: 43.399693 seconds.
  path: Assets/Prefabs/bala_doble (1).prefab
  artifactKey: Guid(2dbe57ccc5dec4542a6666b93a24bbfc) Importer(815301076,1909f56bfc062723c751e8b465ee728b)
Start importing Assets/Prefabs/bala_doble (1).prefab using Guid(2dbe57ccc5dec4542a6666b93a24bbfc) Importer(815301076,1909f56bfc062723c751e8b465ee728b)  -> (artifact id: '71c6c7802224b86a5195f627e38f47c1') in 0.020370 seconds
Number of updated asset objects reloaded before import = 0
Number of asset objects unloaded after import = 9
========================================================================
Received Import Request.
  Time since last request: 3.792522 seconds.
  path: Assets/Prefabs/bala_doble (1).prefab
  artifactKey: Guid(2dbe57ccc5dec4542a6666b93a24bbfc) Importer(815301076,1909f56bfc062723c751e8b465ee728b)
Start importing Assets/Prefabs/bala_doble (1).prefab using Guid(2dbe57ccc5dec4542a6666b93a24bbfc) Importer(815301076,1909f56bfc062723c751e8b465ee728b)  -> (artifact id: '3aede929b1122767253e09059f0d35c6') in 0.021534 seconds
Number of updated asset objects reloaded before import = 0
Number of asset objects unloaded after import = 9
========================================================================
Received Import Request.
  Time since last request: 4.622330 seconds.
  path: Assets/Prefabs/bala_doble (1).prefab
  artifactKey: Guid(2dbe57ccc5dec4542a6666b93a24bbfc) Importer(815301076,1909f56bfc062723c751e8b465ee728b)
Start importing Assets/Prefabs/bala_doble (1).prefab using Guid(2dbe57ccc5dec4542a6666b93a24bbfc) Importer(815301076,1909f56bfc062723c751e8b465ee728b)  -> (artifact id: '1910cc537f7d6758c54cf1c2ed251a5a') in 0.018773 seconds
Number of updated asset objects reloaded before import = 0
Number of asset objects unloaded after import = 9
========================================================================
Received Prepare
Begin MonoManager ReloadAssembly
Symbol file LoadedFromMemory doesn't match image C:\Users\aleza\My project (1)\Library\PackageCache\com.unity.visualscripting@1.8.0\Editor\VisualScripting.Core\Dependencies\YamlDotNet\Unity.VisualScripting.YamlDotNet.dll
Symbol file LoadedFromMemory doesn't match image C:\Users\aleza\My project (1)\Library\PackageCache\com.unity.visualscripting@1.8.0\Editor\VisualScripting.Core\Dependencies\DotNetZip\Unity.VisualScripting.IonicZip.dll
- Loaded All Assemblies, in  0.916 seconds
Refreshing native plugins compatible for Editor in 4.23 ms, found 3 plugins.
Native extension for WindowsStandalone target not found
Mono: successfully reloaded assembly
- Finished resetting the current domain, in  1.207 seconds
Domain Reload Profiling:
	ReloadAssembly (239ms)
		BeginReloadAssembly (156ms)
			ExecutionOrderSort (0ms)
			DisableScriptedObjects (5ms)
			BackupInstance (0ms)
			ReleaseScriptingObjects (0ms)
			CreateAndSetChildDomain (43ms)
		LoadAllAssembliesAndSetupDomain (675ms)
			LoadAssemblies (302ms)
			RebuildTransferFunctionScriptingTraits (0ms)
			SetupTypeCache (445ms)
				TypeCache.Initialize (438ms)
					TypeCache.ScanAssembly (428ms)
				ResolveRequiredComponents (7ms)
		FinalizeReload (0ms)
			ReleaseScriptCaches (0ms)
			RebuildScriptCaches (0ms)
			SetupLoadedEditorAssemblies (552ms)
				LogAssemblyErrors (0ms)
				InitializePlatformSupportModulesInManaged (8ms)
				SetLoadedEditorAssemblies (4ms)
				RefreshPlugins (0ms)
				BeforeProcessingInitializeOnLoad (93ms)
				ProcessInitializeOnLoadAttributes (404ms)
				ProcessInitializeOnLoadMethodAttributes (34ms)
				AfterProcessingInitializeOnLoad (9ms)
				EditorAssembliesLoaded (0ms)
			ExecutionOrderSort2 (0ms)
			AwakeInstancesAfterBackupRestoration (14ms)
Refreshing native plugins compatible for Editor in 5.01 ms, found 3 plugins.
Preloading 0 native plugins for Editor in 0.00 ms.
Unloading 3118 Unused Serialized files (Serialized files now loaded: 0)
Unloading 20 unused Assets / (30.5 KB). Loaded Objects now: 3724.
Memory consumption went from 112.6 MB to 112.6 MB.
Total: 6.828700 ms (FindLiveObjects: 0.516200 ms CreateObjectMapping: 0.455900 ms MarkObjects: 5.798800 ms  DeleteObjects: 0.056800 ms)

Prepare: number of updated asset objects reloaded= 0
AssetImportParameters requested are different than current active one (requested -> active):
  custom:container-demuxer-ogg: 62fdf1f143b41e24485cea50d1cbac27 -> 
  custom:video-codec-MediaFoundation-h265: 746d11721c4dcdbdad8f713fa42b33f4 -> 
  custom:video-decoder-ogg-theora: a1e56fd34408186e4bbccfd4996cb3dc -> 
  custom:framework-win-MediaFoundation: 216162199b28c13a410421893ffa2e32 -> 
  custom:container-demuxer-webm: 4f35f7cbe854078d1ac9338744f61a02 -> 
  custom:container-muxer-webm: aa71ff27fc2769a1b78a27578f13a17b -> 
  custom:video-decoder-webm-vp8: 9c59270c3fd7afecdb556c50c9e8de78 -> 
  custom:AudioImporter_EditorPlatform: d09bf68614088b80899f8185d706f6e7 -> 
  custom:video-encoder-webm-vp8: eb34c28f22e8b96e1ab97ce403110664 -> 
  custom:audio-decoder-ogg-vorbis: bf7c407c2cedff20999df2af8eb42d56 -> 
  custom:audio-encoder-webm-vorbis: bf7c407c2cedff20999df2af8eb42d56 -> 
========================================================================
Received Import Request.
  Time since last request: 234.703577 seconds.
  path: Assets/Prefabs/bala_doble (1).prefab
  artifactKey: Guid(2dbe57ccc5dec4542a6666b93a24bbfc) Importer(815301076,1909f56bfc062723c751e8b465ee728b)
Start importing Assets/Prefabs/bala_doble (1).prefab using Guid(2dbe57ccc5dec4542a6666b93a24bbfc) Importer(815301076,1909f56bfc062723c751e8b465ee728b)  -> (artifact id: '1cebc79e181ee2b42476caeeb4216a11') in 0.109189 seconds
Number of updated asset objects reloaded before import = 0
Number of asset objects unloaded after import = 9
========================================================================
Received Prepare
Begin MonoManager ReloadAssembly
Symbol file LoadedFromMemory doesn't match image C:\Users\aleza\My project (1)\Library\PackageCache\com.unity.visualscripting@1.8.0\Editor\VisualScripting.Core\Dependencies\YamlDotNet\Unity.VisualScripting.YamlDotNet.dll
Symbol file LoadedFromMemory doesn't match image C:\Users\aleza\My project (1)\Library\PackageCache\com.unity.visualscripting@1.8.0\Editor\VisualScripting.Core\Dependencies\DotNetZip\Unity.VisualScripting.IonicZip.dll
- Loaded All Assemblies, in  0.935 seconds
Refreshing native plugins compatible for Editor in 4.37 ms, found 3 plugins.
Native extension for WindowsStandalone target not found
Mono: successfully reloaded assembly
- Finished resetting the current domain, in  1.295 seconds
Domain Reload Profiling:
	ReloadAssembly (258ms)
		BeginReloadAssembly (172ms)
			ExecutionOrderSort (0ms)
			DisableScriptedObjects (8ms)
			BackupInstance (0ms)
			ReleaseScriptingObjects (0ms)
			CreateAndSetChildDomain (47ms)
		LoadAllAssembliesAndSetupDomain (673ms)
			LoadAssemblies (312ms)
			RebuildTransferFunctionScriptingTraits (0ms)
			SetupTypeCache (435ms)
				TypeCache.Initialize (429ms)
					TypeCache.ScanAssembly (417ms)
				ResolveRequiredComponents (5ms)
		FinalizeReload (0ms)
			ReleaseScriptCaches (0ms)
			RebuildScriptCaches (0ms)
			SetupLoadedEditorAssemblies (567ms)
				LogAssemblyErrors (0ms)
				InitializePlatformSupportModulesInManaged (9ms)
				SetLoadedEditorAssemblies (6ms)
				RefreshPlugins (0ms)
				BeforeProcessingInitializeOnLoad (90ms)
				ProcessInitializeOnLoadAttributes (419ms)
				ProcessInitializeOnLoadMethodAttributes (32ms)
				AfterProcessingInitializeOnLoad (10ms)
				EditorAssembliesLoaded (0ms)
			ExecutionOrderSort2 (0ms)
			AwakeInstancesAfterBackupRestoration (13ms)
Refreshing native plugins compatible for Editor in 5.09 ms, found 3 plugins.
Preloading 0 native plugins for Editor in 0.00 ms.
Unloading 3118 Unused Serialized files (Serialized files now loaded: 0)
Unloading 20 unused Assets / (30.5 KB). Loaded Objects now: 3727.
Memory consumption went from 112.6 MB to 112.6 MB.
Total: 6.881800 ms (FindLiveObjects: 0.959700 ms CreateObjectMapping: 1.091800 ms MarkObjects: 4.768900 ms  DeleteObjects: 0.058900 ms)

Prepare: number of updated asset objects reloaded= 0
AssetImportParameters requested are different than current active one (requested -> active):
  custom:container-demuxer-ogg: 62fdf1f143b41e24485cea50d1cbac27 -> 
  custom:video-codec-MediaFoundation-h265: 746d11721c4dcdbdad8f713fa42b33f4 -> 
  custom:video-decoder-ogg-theora: a1e56fd34408186e4bbccfd4996cb3dc -> 
  custom:framework-win-MediaFoundation: 216162199b28c13a410421893ffa2e32 -> 
  custom:container-demuxer-webm: 4f35f7cbe854078d1ac9338744f61a02 -> 
  custom:container-muxer-webm: aa71ff27fc2769a1b78a27578f13a17b -> 
  custom:video-decoder-webm-vp8: 9c59270c3fd7afecdb556c50c9e8de78 -> 
  custom:AudioImporter_EditorPlatform: d09bf68614088b80899f8185d706f6e7 -> 
  custom:video-encoder-webm-vp8: eb34c28f22e8b96e1ab97ce403110664 -> 
  custom:audio-decoder-ogg-vorbis: bf7c407c2cedff20999df2af8eb42d56 -> 
  custom:audio-encoder-webm-vorbis: bf7c407c2cedff20999df2af8eb42d56 -> 
========================================================================
Received Import Request.
  Time since last request: 79.636483 seconds.
  path: Assets/Prefabs/bala_doble (1).prefab
  artifactKey: Guid(2dbe57ccc5dec4542a6666b93a24bbfc) Importer(815301076,1909f56bfc062723c751e8b465ee728b)
Start importing Assets/Prefabs/bala_doble (1).prefab using Guid(2dbe57ccc5dec4542a6666b93a24bbfc) Importer(815301076,1909f56bfc062723c751e8b465ee728b)  -> (artifact id: '6d60b6e0952359fef0b18f4ea875e668') in 0.098329 seconds
Number of updated asset objects reloaded before import = 0
Number of asset objects unloaded after import = 9
========================================================================
Received Prepare
Begin MonoManager ReloadAssembly
Symbol file LoadedFromMemory doesn't match image C:\Users\aleza\My project (1)\Library\PackageCache\com.unity.visualscripting@1.8.0\Editor\VisualScripting.Core\Dependencies\YamlDotNet\Unity.VisualScripting.YamlDotNet.dll
Symbol file LoadedFromMemory doesn't match image C:\Users\aleza\My project (1)\Library\PackageCache\com.unity.visualscripting@1.8.0\Editor\VisualScripting.Core\Dependencies\DotNetZip\Unity.VisualScripting.IonicZip.dll
- Loaded All Assemblies, in  0.780 seconds
Refreshing native plugins compatible for Editor in 3.04 ms, found 3 plugins.
Native extension for WindowsStandalone target not found
Mono: successfully reloaded assembly
- Finished resetting the current domain, in  1.135 seconds
Domain Reload Profiling:
	ReloadAssembly (236ms)
		BeginReloadAssembly (150ms)
			ExecutionOrderSort (0ms)
			DisableScriptedObjects (7ms)
			BackupInstance (0ms)
			ReleaseScriptingObjects (0ms)
			CreateAndSetChildDomain (41ms)
		LoadAllAssembliesAndSetupDomain (541ms)
			LoadAssemblies (277ms)
			RebuildTransferFunctionScriptingTraits (0ms)
			SetupTypeCache (328ms)
				TypeCache.Initialize (324ms)
					TypeCache.ScanAssembly (317ms)
				ResolveRequiredComponents (4ms)
		FinalizeReload (0ms)
			ReleaseScriptCaches (0ms)
			RebuildScriptCaches (0ms)
			SetupLoadedEditorAssemblies (539ms)
				LogAssemblyErrors (0ms)
				InitializePlatformSupportModulesInManaged (10ms)
				SetLoadedEditorAssemblies (4ms)
				RefreshPlugins (0ms)
				BeforeProcessingInitializeOnLoad (83ms)
				ProcessInitializeOnLoadAttributes (402ms)
				ProcessInitializeOnLoadMethodAttributes (29ms)
				AfterProcessingInitializeOnLoad (10ms)
				EditorAssembliesLoaded (0ms)
			ExecutionOrderSort2 (0ms)
			AwakeInstancesAfterBackupRestoration (12ms)
Refreshing native plugins compatible for Editor in 4.61 ms, found 3 plugins.
Preloading 0 native plugins for Editor in 0.00 ms.
Unloading 3118 Unused Serialized files (Serialized files now loaded: 0)
Unloading 20 unused Assets / (30.4 KB). Loaded Objects now: 3730.
Memory consumption went from 112.6 MB to 112.6 MB.
Total: 4.752600 ms (FindLiveObjects: 0.521200 ms CreateObjectMapping: 0.358700 ms MarkObjects: 3.780700 ms  DeleteObjects: 0.090100 ms)

Prepare: number of updated asset objects reloaded= 0
AssetImportParameters requested are different than current active one (requested -> active):
  custom:container-demuxer-ogg: 62fdf1f143b41e24485cea50d1cbac27 -> 
  custom:video-codec-MediaFoundation-h265: 746d11721c4dcdbdad8f713fa42b33f4 -> 
  custom:video-decoder-ogg-theora: a1e56fd34408186e4bbccfd4996cb3dc -> 
  custom:framework-win-MediaFoundation: 216162199b28c13a410421893ffa2e32 -> 
  custom:container-demuxer-webm: 4f35f7cbe854078d1ac9338744f61a02 -> 
  custom:container-muxer-webm: aa71ff27fc2769a1b78a27578f13a17b -> 
  custom:video-decoder-webm-vp8: 9c59270c3fd7afecdb556c50c9e8de78 -> 
  custom:AudioImporter_EditorPlatform: d09bf68614088b80899f8185d706f6e7 -> 
  custom:video-encoder-webm-vp8: eb34c28f22e8b96e1ab97ce403110664 -> 
  custom:audio-decoder-ogg-vorbis: bf7c407c2cedff20999df2af8eb42d56 -> 
  custom:audio-encoder-webm-vorbis: bf7c407c2cedff20999df2af8eb42d56 -> 
========================================================================
Received Import Request.
  Time since last request: 83.825837 seconds.
  path: Assets/Materials/cobre.jpg
  artifactKey: Guid(28dc8d9d5d66c7d4cbef474fe3fbb1b2) Importer(815301076,1909f56bfc062723c751e8b465ee728b)
Start importing Assets/Materials/cobre.jpg using Guid(28dc8d9d5d66c7d4cbef474fe3fbb1b2) Importer(815301076,1909f56bfc062723c751e8b465ee728b)  -> (artifact id: '767e63231dd7e76d804ead41d3900a02') in 0.105300 seconds
Number of updated asset objects reloaded before import = 0
Number of asset objects unloaded after import = 2
========================================================================
Received Import Request.
  Time since last request: 12.996724 seconds.
  path: Assets/Materials/bala 1.mat
  artifactKey: Guid(d55ed8c520823434c922d91e9f6546f2) Importer(815301076,1909f56bfc062723c751e8b465ee728b)
Start importing Assets/Materials/bala 1.mat using Guid(d55ed8c520823434c922d91e9f6546f2) Importer(815301076,1909f56bfc062723c751e8b465ee728b)  -> (artifact id: 'cad8ee77e778af08d8d8a3ec37f5bbfb') in 0.073741 seconds
Number of updated asset objects reloaded before import = 0
Number of asset objects unloaded after import = 1
========================================================================
Received Import Request.
  Time since last request: 26.272942 seconds.
  path: Assets/Textures/cobre.jpg
  artifactKey: Guid(5395a799605b3fd4e9c974ffe0e9bbe1) Importer(815301076,1909f56bfc062723c751e8b465ee728b)
Start importing Assets/Textures/cobre.jpg using Guid(5395a799605b3fd4e9c974ffe0e9bbe1) Importer(815301076,1909f56bfc062723c751e8b465ee728b)  -> (artifact id: '1d481ed71f507c8b402b0aa127f1aa7b') in 0.022287 seconds
Number of updated asset objects reloaded before import = 0
Number of asset objects unloaded after import = 2
========================================================================
Received Import Request.
  Time since last request: 17.916711 seconds.
  path: Packages/com.unity.timeline/Editor/StyleSheets/Images/Icons/d_TimelineHeaderMarkerIcon.png
  artifactKey: Guid(4f8d98ef7dbbe3d469e14c04722cbeed) Importer(815301076,1909f56bfc062723c751e8b465ee728b)
Start importing Packages/com.unity.timeline/Editor/StyleSheets/Images/Icons/d_TimelineHeaderMarkerIcon.png using Guid(4f8d98ef7dbbe3d469e14c04722cbeed) Importer(815301076,1909f56bfc062723c751e8b465ee728b)  -> (artifact id: '177dbaf5537791206fc9ea618e492292') in 0.019319 seconds
Number of updated asset objects reloaded before import = 0
Number of asset objects unloaded after import = 2
========================================================================
Received Import Request.
  Time since last request: 26.141077 seconds.
  path: Assets/Materials/balaCilindro.mat
  artifactKey: Guid(d55ed8c520823434c922d91e9f6546f2) Importer(815301076,1909f56bfc062723c751e8b465ee728b)
Start importing Assets/Materials/balaCilindro.mat using Guid(d55ed8c520823434c922d91e9f6546f2) Importer(815301076,1909f56bfc062723c751e8b465ee728b)  -> (artifact id: 'c038b8b3329fa82a947d89b9af399e1d') in 0.022798 seconds
Number of updated asset objects reloaded before import = 0
Number of asset objects unloaded after import = 2
========================================================================
Received Import Request.
  Time since last request: 1.787997 seconds.
  path: Assets/Prefabs/bala_doble (1).prefab
  artifactKey: Guid(2dbe57ccc5dec4542a6666b93a24bbfc) Importer(815301076,1909f56bfc062723c751e8b465ee728b)
Start importing Assets/Prefabs/bala_doble (1).prefab using Guid(2dbe57ccc5dec4542a6666b93a24bbfc) Importer(815301076,1909f56bfc062723c751e8b465ee728b)  -> (artifact id: 'd60ac946fccc75e4b88442f64a993c3e') in 0.042929 seconds
Number of updated asset objects reloaded before import = 0
Number of asset objects unloaded after import = 10
========================================================================
Received Import Request.
  Time since last request: 11.225746 seconds.
  path: Assets/Prefabs/bala_doble (1).prefab
  artifactKey: Guid(2dbe57ccc5dec4542a6666b93a24bbfc) Importer(815301076,1909f56bfc062723c751e8b465ee728b)
Start importing Assets/Prefabs/bala_doble (1).prefab using Guid(2dbe57ccc5dec4542a6666b93a24bbfc) Importer(815301076,1909f56bfc062723c751e8b465ee728b)  -> (artifact id: 'e5c625d363189c8689ee0f36fb79052c') in 0.019968 seconds
Number of updated asset objects reloaded before import = 0
Number of asset objects unloaded after import = 10
========================================================================
Received Import Request.
  Time since last request: 5.981266 seconds.
  path: Assets/Prefabs/bala_doble (1).prefab
  artifactKey: Guid(2dbe57ccc5dec4542a6666b93a24bbfc) Importer(815301076,1909f56bfc062723c751e8b465ee728b)
Start importing Assets/Prefabs/bala_doble (1).prefab using Guid(2dbe57ccc5dec4542a6666b93a24bbfc) Importer(815301076,1909f56bfc062723c751e8b465ee728b)  -> (artifact id: 'eb43f6f4106469c188c87a1597154ee0') in 0.020988 seconds
Number of updated asset objects reloaded before import = 0
Number of asset objects unloaded after import = 10
========================================================================
Received Import Request.
  Time since last request: 1.796142 seconds.
  path: Assets/Prefabs/bala_doble (1).prefab
  artifactKey: Guid(2dbe57ccc5dec4542a6666b93a24bbfc) Importer(815301076,1909f56bfc062723c751e8b465ee728b)
Start importing Assets/Prefabs/bala_doble (1).prefab using Guid(2dbe57ccc5dec4542a6666b93a24bbfc) Importer(815301076,1909f56bfc062723c751e8b465ee728b)  -> (artifact id: 'cfc3ccf650c49aba8dbd83770af39f79') in 0.026836 seconds
Number of updated asset objects reloaded before import = 0
Number of asset objects unloaded after import = 10
========================================================================
Received Import Request.
  Time since last request: 5.405505 seconds.
  path: Assets/Prefabs/bala_doble (1).prefab
  artifactKey: Guid(2dbe57ccc5dec4542a6666b93a24bbfc) Importer(815301076,1909f56bfc062723c751e8b465ee728b)
Start importing Assets/Prefabs/bala_doble (1).prefab using Guid(2dbe57ccc5dec4542a6666b93a24bbfc) Importer(815301076,1909f56bfc062723c751e8b465ee728b)  -> (artifact id: 'b443754b3f609827df2350f7f22288a6') in 0.022320 seconds
Number of updated asset objects reloaded before import = 0
Number of asset objects unloaded after import = 10
========================================================================
Received Prepare
Begin MonoManager ReloadAssembly
Symbol file LoadedFromMemory doesn't match image C:\Users\aleza\My project (1)\Library\PackageCache\com.unity.visualscripting@1.8.0\Editor\VisualScripting.Core\Dependencies\YamlDotNet\Unity.VisualScripting.YamlDotNet.dll
Symbol file LoadedFromMemory doesn't match image C:\Users\aleza\My project (1)\Library\PackageCache\com.unity.visualscripting@1.8.0\Editor\VisualScripting.Core\Dependencies\DotNetZip\Unity.VisualScripting.IonicZip.dll
- Loaded All Assemblies, in  0.984 seconds
Refreshing native plugins compatible for Editor in 5.21 ms, found 3 plugins.
Native extension for WindowsStandalone target not found
Mono: successfully reloaded assembly
- Finished resetting the current domain, in  1.437 seconds
Domain Reload Profiling:
	ReloadAssembly (260ms)
		BeginReloadAssembly (166ms)
			ExecutionOrderSort (0ms)
			DisableScriptedObjects (7ms)
			BackupInstance (0ms)
			ReleaseScriptingObjects (0ms)
			CreateAndSetChildDomain (47ms)
		LoadAllAssembliesAndSetupDomain (721ms)
			LoadAssemblies (318ms)
			RebuildTransferFunctionScriptingTraits (0ms)
			SetupTypeCache (475ms)
				TypeCache.Initialize (467ms)
					TypeCache.ScanAssembly (457ms)
				ResolveRequiredComponents (8ms)
		FinalizeReload (0ms)
			ReleaseScriptCaches (0ms)
			RebuildScriptCaches (0ms)
			SetupLoadedEditorAssemblies (619ms)
				LogAssemblyErrors (0ms)
				InitializePlatformSupportModulesInManaged (9ms)
				SetLoadedEditorAssemblies (5ms)
				RefreshPlugins (0ms)
				BeforeProcessingInitializeOnLoad (98ms)
				ProcessInitializeOnLoadAttributes (457ms)
				ProcessInitializeOnLoadMethodAttributes (37ms)
				AfterProcessingInitializeOnLoad (11ms)
				EditorAssembliesLoaded (0ms)
			ExecutionOrderSort2 (0ms)
			AwakeInstancesAfterBackupRestoration (15ms)
Refreshing native plugins compatible for Editor in 4.47 ms, found 3 plugins.
Preloading 0 native plugins for Editor in 0.00 ms.
Unloading 3118 Unused Serialized files (Serialized files now loaded: 0)
Unloading 20 unused Assets / (30.5 KB). Loaded Objects now: 3735.
Memory consumption went from 112.6 MB to 112.6 MB.
Total: 9.347200 ms (FindLiveObjects: 1.250400 ms CreateObjectMapping: 0.601900 ms MarkObjects: 7.392800 ms  DeleteObjects: 0.100900 ms)

Prepare: number of updated asset objects reloaded= 0
AssetImportParameters requested are different than current active one (requested -> active):
  custom:container-demuxer-ogg: 62fdf1f143b41e24485cea50d1cbac27 -> 
  custom:video-codec-MediaFoundation-h265: 746d11721c4dcdbdad8f713fa42b33f4 -> 
  custom:video-decoder-ogg-theora: a1e56fd34408186e4bbccfd4996cb3dc -> 
  custom:framework-win-MediaFoundation: 216162199b28c13a410421893ffa2e32 -> 
  custom:container-demuxer-webm: 4f35f7cbe854078d1ac9338744f61a02 -> 
  custom:container-muxer-webm: aa71ff27fc2769a1b78a27578f13a17b -> 
  custom:video-decoder-webm-vp8: 9c59270c3fd7afecdb556c50c9e8de78 -> 
  custom:AudioImporter_EditorPlatform: d09bf68614088b80899f8185d706f6e7 -> 
  custom:video-encoder-webm-vp8: eb34c28f22e8b96e1ab97ce403110664 -> 
  custom:audio-decoder-ogg-vorbis: bf7c407c2cedff20999df2af8eb42d56 -> 
  custom:audio-encoder-webm-vorbis: bf7c407c2cedff20999df2af8eb42d56 -> 
========================================================================
Received Prepare
Begin MonoManager ReloadAssembly
Symbol file LoadedFromMemory doesn't match image C:\Users\aleza\My project (1)\Library\PackageCache\com.unity.visualscripting@1.8.0\Editor\VisualScripting.Core\Dependencies\YamlDotNet\Unity.VisualScripting.YamlDotNet.dll
Symbol file LoadedFromMemory doesn't match image C:\Users\aleza\My project (1)\Library\PackageCache\com.unity.visualscripting@1.8.0\Editor\VisualScripting.Core\Dependencies\DotNetZip\Unity.VisualScripting.IonicZip.dll
- Loaded All Assemblies, in  1.016 seconds
Refreshing native plugins compatible for Editor in 4.87 ms, found 3 plugins.
Native extension for WindowsStandalone target not found
Mono: successfully reloaded assembly
- Finished resetting the current domain, in  1.216 seconds
Domain Reload Profiling:
	ReloadAssembly (284ms)
		BeginReloadAssembly (186ms)
			ExecutionOrderSort (0ms)
			DisableScriptedObjects (10ms)
			BackupInstance (0ms)
			ReleaseScriptingObjects (0ms)
			CreateAndSetChildDomain (48ms)
		LoadAllAssembliesAndSetupDomain (730ms)
			LoadAssemblies (333ms)
			RebuildTransferFunctionScriptingTraits (0ms)
			SetupTypeCache (474ms)
				TypeCache.Initialize (467ms)
					TypeCache.ScanAssembly (456ms)
				ResolveRequiredComponents (7ms)
		FinalizeReload (0ms)
			ReleaseScriptCaches (0ms)
			RebuildScriptCaches (0ms)
			SetupLoadedEditorAssemblies (497ms)
				LogAssemblyErrors (0ms)
				InitializePlatformSupportModulesInManaged (8ms)
				SetLoadedEditorAssemblies (5ms)
				RefreshPlugins (0ms)
				BeforeProcessingInitializeOnLoad (76ms)
				ProcessInitializeOnLoadAttributes (369ms)
				ProcessInitializeOnLoadMethodAttributes (30ms)
				AfterProcessingInitializeOnLoad (9ms)
				EditorAssembliesLoaded (0ms)
			ExecutionOrderSort2 (0ms)
			AwakeInstancesAfterBackupRestoration (12ms)
Refreshing native plugins compatible for Editor in 4.69 ms, found 3 plugins.
Preloading 0 native plugins for Editor in 0.00 ms.
Unloading 3119 Unused Serialized files (Serialized files now loaded: 0)
Unloading 20 unused Assets / (30.4 KB). Loaded Objects now: 3738.
Memory consumption went from 112.9 MB to 112.8 MB.
Total: 3.763400 ms (FindLiveObjects: 0.481900 ms CreateObjectMapping: 0.250000 ms MarkObjects: 2.983300 ms  DeleteObjects: 0.047000 ms)

Prepare: number of updated asset objects reloaded= 0
AssetImportParameters requested are different than current active one (requested -> active):
  custom:container-demuxer-ogg: 62fdf1f143b41e24485cea50d1cbac27 -> 
  custom:video-codec-MediaFoundation-h265: 746d11721c4dcdbdad8f713fa42b33f4 -> 
  custom:video-decoder-ogg-theora: a1e56fd34408186e4bbccfd4996cb3dc -> 
  custom:framework-win-MediaFoundation: 216162199b28c13a410421893ffa2e32 -> 
  custom:container-demuxer-webm: 4f35f7cbe854078d1ac9338744f61a02 -> 
  custom:container-muxer-webm: aa71ff27fc2769a1b78a27578f13a17b -> 
  custom:video-decoder-webm-vp8: 9c59270c3fd7afecdb556c50c9e8de78 -> 
  custom:AudioImporter_EditorPlatform: d09bf68614088b80899f8185d706f6e7 -> 
  custom:video-encoder-webm-vp8: eb34c28f22e8b96e1ab97ce403110664 -> 
  custom:audio-decoder-ogg-vorbis: bf7c407c2cedff20999df2af8eb42d56 -> 
  custom:audio-encoder-webm-vorbis: bf7c407c2cedff20999df2af8eb42d56 -> 
========================================================================
Received Prepare
Begin MonoManager ReloadAssembly
Symbol file LoadedFromMemory doesn't match image C:\Users\aleza\My project (1)\Library\PackageCache\com.unity.visualscripting@1.8.0\Editor\VisualScripting.Core\Dependencies\YamlDotNet\Unity.VisualScripting.YamlDotNet.dll
Symbol file LoadedFromMemory doesn't match image C:\Users\aleza\My project (1)\Library\PackageCache\com.unity.visualscripting@1.8.0\Editor\VisualScripting.Core\Dependencies\DotNetZip\Unity.VisualScripting.IonicZip.dll
- Loaded All Assemblies, in  0.804 seconds
Refreshing native plugins compatible for Editor in 2.97 ms, found 3 plugins.
Native extension for WindowsStandalone target not found
Mono: successfully reloaded assembly
- Finished resetting the current domain, in  1.186 seconds
Domain Reload Profiling:
	ReloadAssembly (249ms)
		BeginReloadAssembly (160ms)
			ExecutionOrderSort (0ms)
			DisableScriptedObjects (8ms)
			BackupInstance (0ms)
			ReleaseScriptingObjects (0ms)
			CreateAndSetChildDomain (46ms)
		LoadAllAssembliesAndSetupDomain (552ms)
			LoadAssemblies (276ms)
			RebuildTransferFunctionScriptingTraits (0ms)
			SetupTypeCache (336ms)
				TypeCache.Initialize (331ms)
					TypeCache.ScanAssembly (324ms)
				ResolveRequiredComponents (5ms)
		FinalizeReload (0ms)
			ReleaseScriptCaches (0ms)
			RebuildScriptCaches (0ms)
			SetupLoadedEditorAssemblies (538ms)
				LogAssemblyErrors (0ms)
				InitializePlatformSupportModulesInManaged (8ms)
				SetLoadedEditorAssemblies (5ms)
				RefreshPlugins (0ms)
				BeforeProcessingInitializeOnLoad (83ms)
				ProcessInitializeOnLoadAttributes (404ms)
				ProcessInitializeOnLoadMethodAttributes (29ms)
				AfterProcessingInitializeOnLoad (9ms)
				EditorAssembliesLoaded (0ms)
			ExecutionOrderSort2 (0ms)
			AwakeInstancesAfterBackupRestoration (13ms)
Refreshing native plugins compatible for Editor in 4.19 ms, found 3 plugins.
Preloading 0 native plugins for Editor in 0.00 ms.
Unloading 3119 Unused Serialized files (Serialized files now loaded: 0)
Unloading 20 unused Assets / (30.5 KB). Loaded Objects now: 3741.
Memory consumption went from 112.9 MB to 112.8 MB.
Total: 6.094200 ms (FindLiveObjects: 0.502800 ms CreateObjectMapping: 0.288700 ms MarkObjects: 5.169200 ms  DeleteObjects: 0.131100 ms)

Prepare: number of updated asset objects reloaded= 0
AssetImportParameters requested are different than current active one (requested -> active):
  custom:container-demuxer-ogg: 62fdf1f143b41e24485cea50d1cbac27 -> 
  custom:video-codec-MediaFoundation-h265: 746d11721c4dcdbdad8f713fa42b33f4 -> 
  custom:video-decoder-ogg-theora: a1e56fd34408186e4bbccfd4996cb3dc -> 
  custom:framework-win-MediaFoundation: 216162199b28c13a410421893ffa2e32 -> 
  custom:container-demuxer-webm: 4f35f7cbe854078d1ac9338744f61a02 -> 
  custom:container-muxer-webm: aa71ff27fc2769a1b78a27578f13a17b -> 
  custom:video-decoder-webm-vp8: 9c59270c3fd7afecdb556c50c9e8de78 -> 
  custom:AudioImporter_EditorPlatform: d09bf68614088b80899f8185d706f6e7 -> 
  custom:video-encoder-webm-vp8: eb34c28f22e8b96e1ab97ce403110664 -> 
  custom:audio-decoder-ogg-vorbis: bf7c407c2cedff20999df2af8eb42d56 -> 
  custom:audio-encoder-webm-vorbis: bf7c407c2cedff20999df2af8eb42d56 -> 
========================================================================
Received Prepare
Begin MonoManager ReloadAssembly
Symbol file LoadedFromMemory doesn't match image C:\Users\aleza\My project (1)\Library\PackageCache\com.unity.visualscripting@1.8.0\Editor\VisualScripting.Core\Dependencies\YamlDotNet\Unity.VisualScripting.YamlDotNet.dll
Symbol file LoadedFromMemory doesn't match image C:\Users\aleza\My project (1)\Library\PackageCache\com.unity.visualscripting@1.8.0\Editor\VisualScripting.Core\Dependencies\DotNetZip\Unity.VisualScripting.IonicZip.dll
- Loaded All Assemblies, in  0.763 seconds
Refreshing native plugins compatible for Editor in 3.70 ms, found 3 plugins.
Native extension for WindowsStandalone target not found
Mono: successfully reloaded assembly
- Finished resetting the current domain, in  1.176 seconds
Domain Reload Profiling:
	ReloadAssembly (222ms)
		BeginReloadAssembly (148ms)
			ExecutionOrderSort (0ms)
			DisableScriptedObjects (5ms)
			BackupInstance (0ms)
			ReleaseScriptingObjects (0ms)
			CreateAndSetChildDomain (42ms)
		LoadAllAssembliesAndSetupDomain (539ms)
			LoadAssemblies (270ms)
			RebuildTransferFunctionScriptingTraits (0ms)
			SetupTypeCache (334ms)
				TypeCache.Initialize (326ms)
					TypeCache.ScanAssembly (318ms)
				ResolveRequiredComponents (8ms)
		FinalizeReload (0ms)
			ReleaseScriptCaches (0ms)
			RebuildScriptCaches (0ms)
			SetupLoadedEditorAssemblies (537ms)
				LogAssemblyErrors (0ms)
				InitializePlatformSupportModulesInManaged (9ms)
				SetLoadedEditorAssemblies (5ms)
				RefreshPlugins (0ms)
				BeforeProcessingInitializeOnLoad (86ms)
				ProcessInitializeOnLoadAttributes (399ms)
				ProcessInitializeOnLoadMethodAttributes (30ms)
				AfterProcessingInitializeOnLoad (8ms)
				EditorAssembliesLoaded (0ms)
			ExecutionOrderSort2 (0ms)
			AwakeInstancesAfterBackupRestoration (11ms)
Refreshing native plugins compatible for Editor in 4.43 ms, found 3 plugins.
Preloading 0 native plugins for Editor in 0.00 ms.
Unloading 3119 Unused Serialized files (Serialized files now loaded: 0)
Unloading 20 unused Assets / (30.5 KB). Loaded Objects now: 3744.
Memory consumption went from 112.9 MB to 112.8 MB.
Total: 5.711900 ms (FindLiveObjects: 0.692400 ms CreateObjectMapping: 0.384900 ms MarkObjects: 4.522700 ms  DeleteObjects: 0.110300 ms)

Prepare: number of updated asset objects reloaded= 0
AssetImportParameters requested are different than current active one (requested -> active):
  custom:container-demuxer-ogg: 62fdf1f143b41e24485cea50d1cbac27 -> 
  custom:video-codec-MediaFoundation-h265: 746d11721c4dcdbdad8f713fa42b33f4 -> 
  custom:video-decoder-ogg-theora: a1e56fd34408186e4bbccfd4996cb3dc -> 
  custom:framework-win-MediaFoundation: 216162199b28c13a410421893ffa2e32 -> 
  custom:container-demuxer-webm: 4f35f7cbe854078d1ac9338744f61a02 -> 
  custom:container-muxer-webm: aa71ff27fc2769a1b78a27578f13a17b -> 
  custom:video-decoder-webm-vp8: 9c59270c3fd7afecdb556c50c9e8de78 -> 
  custom:AudioImporter_EditorPlatform: d09bf68614088b80899f8185d706f6e7 -> 
  custom:video-encoder-webm-vp8: eb34c28f22e8b96e1ab97ce403110664 -> 
  custom:audio-decoder-ogg-vorbis: bf7c407c2cedff20999df2af8eb42d56 -> 
  custom:audio-encoder-webm-vorbis: bf7c407c2cedff20999df2af8eb42d56 -> 
========================================================================
Received Prepare
Begin MonoManager ReloadAssembly
Symbol file LoadedFromMemory doesn't match image C:\Users\aleza\My project (1)\Library\PackageCache\com.unity.visualscripting@1.8.0\Editor\VisualScripting.Core\Dependencies\YamlDotNet\Unity.VisualScripting.YamlDotNet.dll
Symbol file LoadedFromMemory doesn't match image C:\Users\aleza\My project (1)\Library\PackageCache\com.unity.visualscripting@1.8.0\Editor\VisualScripting.Core\Dependencies\DotNetZip\Unity.VisualScripting.IonicZip.dll
- Loaded All Assemblies, in  0.963 seconds
Refreshing native plugins compatible for Editor in 3.43 ms, found 3 plugins.
Native extension for WindowsStandalone target not found
Mono: successfully reloaded assembly
- Finished resetting the current domain, in  0.741 seconds
Domain Reload Profiling:
	ReloadAssembly (303ms)
		BeginReloadAssembly (191ms)
			ExecutionOrderSort (0ms)
			DisableScriptedObjects (8ms)
			BackupInstance (0ms)
			ReleaseScriptingObjects (0ms)
			CreateAndSetChildDomain (51ms)
		LoadAllAssembliesAndSetupDomain (656ms)
			LoadAssemblies (340ms)
			RebuildTransferFunctionScriptingTraits (0ms)
			SetupTypeCache (405ms)
				TypeCache.Initialize (398ms)
					TypeCache.ScanAssembly (390ms)
				ResolveRequiredComponents (4ms)
		FinalizeReload (0ms)
			ReleaseScriptCaches (0ms)
			RebuildScriptCaches (0ms)
			SetupLoadedEditorAssemblies (351ms)
				LogAssemblyErrors (0ms)
				InitializePlatformSupportModulesInManaged (5ms)
				SetLoadedEditorAssemblies (3ms)
				RefreshPlugins (0ms)
				BeforeProcessingInitializeOnLoad (54ms)
				ProcessInitializeOnLoadAttributes (264ms)
				ProcessInitializeOnLoadMethodAttributes (18ms)
				AfterProcessingInitializeOnLoad (7ms)
				EditorAssembliesLoaded (0ms)
			ExecutionOrderSort2 (0ms)
			AwakeInstancesAfterBackupRestoration (8ms)
Refreshing native plugins compatible for Editor in 3.26 ms, found 3 plugins.
Preloading 0 native plugins for Editor in 0.00 ms.
Unloading 3119 Unused Serialized files (Serialized files now loaded: 0)
Unloading 20 unused Assets / (30.4 KB). Loaded Objects now: 3747.
Memory consumption went from 112.9 MB to 112.8 MB.
Total: 2.931300 ms (FindLiveObjects: 0.252300 ms CreateObjectMapping: 0.186400 ms MarkObjects: 2.453400 ms  DeleteObjects: 0.038400 ms)

Prepare: number of updated asset objects reloaded= 0
AssetImportParameters requested are different than current active one (requested -> active):
  custom:container-demuxer-ogg: 62fdf1f143b41e24485cea50d1cbac27 -> 
  custom:video-codec-MediaFoundation-h265: 746d11721c4dcdbdad8f713fa42b33f4 -> 
  custom:video-decoder-ogg-theora: a1e56fd34408186e4bbccfd4996cb3dc -> 
  custom:framework-win-MediaFoundation: 216162199b28c13a410421893ffa2e32 -> 
  custom:container-demuxer-webm: 4f35f7cbe854078d1ac9338744f61a02 -> 
  custom:container-muxer-webm: aa71ff27fc2769a1b78a27578f13a17b -> 
  custom:video-decoder-webm-vp8: 9c59270c3fd7afecdb556c50c9e8de78 -> 
  custom:AudioImporter_EditorPlatform: d09bf68614088b80899f8185d706f6e7 -> 
  custom:video-encoder-webm-vp8: eb34c28f22e8b96e1ab97ce403110664 -> 
  custom:audio-decoder-ogg-vorbis: bf7c407c2cedff20999df2af8eb42d56 -> 
  custom:audio-encoder-webm-vorbis: bf7c407c2cedff20999df2af8eb42d56 -> 
========================================================================
Received Prepare
Begin MonoManager ReloadAssembly
Symbol file LoadedFromMemory doesn't match image C:\Users\aleza\My project (1)\Library\PackageCache\com.unity.visualscripting@1.8.0\Editor\VisualScripting.Core\Dependencies\YamlDotNet\Unity.VisualScripting.YamlDotNet.dll
Symbol file LoadedFromMemory doesn't match image C:\Users\aleza\My project (1)\Library\PackageCache\com.unity.visualscripting@1.8.0\Editor\VisualScripting.Core\Dependencies\DotNetZip\Unity.VisualScripting.IonicZip.dll
- Loaded All Assemblies, in  1.008 seconds
Refreshing native plugins compatible for Editor in 3.46 ms, found 3 plugins.
Native extension for WindowsStandalone target not found
Mono: successfully reloaded assembly
- Finished resetting the current domain, in  0.992 seconds
Domain Reload Profiling:
	ReloadAssembly (320ms)
		BeginReloadAssembly (212ms)
			ExecutionOrderSort (0ms)
			DisableScriptedObjects (6ms)
			BackupInstance (0ms)
			ReleaseScriptingObjects (0ms)
			CreateAndSetChildDomain (56ms)
		LoadAllAssembliesAndSetupDomain (685ms)
			LoadAssemblies (358ms)
			RebuildTransferFunctionScriptingTraits (0ms)
			SetupTypeCache (426ms)
				TypeCache.Initialize (415ms)
					TypeCache.ScanAssembly (407ms)
				ResolveRequiredComponents (7ms)
		FinalizeReload (0ms)
			ReleaseScriptCaches (0ms)
			RebuildScriptCaches (0ms)
			SetupLoadedEditorAssemblies (482ms)
				LogAssemblyErrors (0ms)
				InitializePlatformSupportModulesInManaged (5ms)
				SetLoadedEditorAssemblies (4ms)
				RefreshPlugins (0ms)
				BeforeProcessingInitializeOnLoad (68ms)
				ProcessInitializeOnLoadAttributes (374ms)
				ProcessInitializeOnLoadMethodAttributes (25ms)
				AfterProcessingInitializeOnLoad (6ms)
				EditorAssembliesLoaded (0ms)
			ExecutionOrderSort2 (0ms)
			AwakeInstancesAfterBackupRestoration (9ms)
Refreshing native plugins compatible for Editor in 3.07 ms, found 3 plugins.
Preloading 0 native plugins for Editor in 0.00 ms.
Unloading 3119 Unused Serialized files (Serialized files now loaded: 0)
Unloading 20 unused Assets / (30.4 KB). Loaded Objects now: 3750.
Memory consumption went from 112.9 MB to 112.8 MB.
Total: 2.947800 ms (FindLiveObjects: 0.284300 ms CreateObjectMapping: 0.228300 ms MarkObjects: 2.390200 ms  DeleteObjects: 0.044200 ms)

Prepare: number of updated asset objects reloaded= 0
AssetImportParameters requested are different than current active one (requested -> active):
  custom:container-demuxer-ogg: 62fdf1f143b41e24485cea50d1cbac27 -> 
  custom:video-codec-MediaFoundation-h265: 746d11721c4dcdbdad8f713fa42b33f4 -> 
  custom:video-decoder-ogg-theora: a1e56fd34408186e4bbccfd4996cb3dc -> 
  custom:framework-win-MediaFoundation: 216162199b28c13a410421893ffa2e32 -> 
  custom:container-demuxer-webm: 4f35f7cbe854078d1ac9338744f61a02 -> 
  custom:container-muxer-webm: aa71ff27fc2769a1b78a27578f13a17b -> 
  custom:video-decoder-webm-vp8: 9c59270c3fd7afecdb556c50c9e8de78 -> 
  custom:AudioImporter_EditorPlatform: d09bf68614088b80899f8185d706f6e7 -> 
  custom:video-encoder-webm-vp8: eb34c28f22e8b96e1ab97ce403110664 -> 
  custom:audio-decoder-ogg-vorbis: bf7c407c2cedff20999df2af8eb42d56 -> 
  custom:audio-encoder-webm-vorbis: bf7c407c2cedff20999df2af8eb42d56 -> 
========================================================================
Received Prepare
Begin MonoManager ReloadAssembly
Symbol file LoadedFromMemory doesn't match image C:\Users\aleza\My project (1)\Library\PackageCache\com.unity.visualscripting@1.8.0\Editor\VisualScripting.Core\Dependencies\YamlDotNet\Unity.VisualScripting.YamlDotNet.dll
Symbol file LoadedFromMemory doesn't match image C:\Users\aleza\My project (1)\Library\PackageCache\com.unity.visualscripting@1.8.0\Editor\VisualScripting.Core\Dependencies\DotNetZip\Unity.VisualScripting.IonicZip.dll
- Loaded All Assemblies, in  0.775 seconds
Refreshing native plugins compatible for Editor in 3.92 ms, found 3 plugins.
Native extension for WindowsStandalone target not found
Mono: successfully reloaded assembly
- Finished resetting the current domain, in  1.182 seconds
Domain Reload Profiling:
	ReloadAssembly (240ms)
		BeginReloadAssembly (146ms)
			ExecutionOrderSort (0ms)
			DisableScriptedObjects (8ms)
			BackupInstance (0ms)
			ReleaseScriptingObjects (0ms)
			CreateAndSetChildDomain (38ms)
		LoadAllAssembliesAndSetupDomain (533ms)
			LoadAssemblies (266ms)
			RebuildTransferFunctionScriptingTraits (0ms)
			SetupTypeCache (327ms)
				TypeCache.Initialize (323ms)
					TypeCache.ScanAssembly (315ms)
				ResolveRequiredComponents (4ms)
		FinalizeReload (0ms)
			ReleaseScriptCaches (0ms)
			RebuildScriptCaches (0ms)
			SetupLoadedEditorAssemblies (541ms)
				LogAssemblyErrors (0ms)
				InitializePlatformSupportModulesInManaged (8ms)
				SetLoadedEditorAssemblies (6ms)
				RefreshPlugins (0ms)
				BeforeProcessingInitializeOnLoad (84ms)
				ProcessInitializeOnLoadAttributes (406ms)
				ProcessInitializeOnLoadMethodAttributes (29ms)
				AfterProcessingInitializeOnLoad (8ms)
				EditorAssembliesLoaded (0ms)
			ExecutionOrderSort2 (0ms)
			AwakeInstancesAfterBackupRestoration (12ms)
Refreshing native plugins compatible for Editor in 3.92 ms, found 3 plugins.
Preloading 0 native plugins for Editor in 0.00 ms.
Unloading 3119 Unused Serialized files (Serialized files now loaded: 0)
Unloading 20 unused Assets / (30.5 KB). Loaded Objects now: 3753.
Memory consumption went from 112.9 MB to 112.8 MB.
Total: 5.050300 ms (FindLiveObjects: 0.442300 ms CreateObjectMapping: 0.356800 ms MarkObjects: 4.198200 ms  DeleteObjects: 0.052100 ms)

Prepare: number of updated asset objects reloaded= 0
AssetImportParameters requested are different than current active one (requested -> active):
  custom:container-demuxer-ogg: 62fdf1f143b41e24485cea50d1cbac27 -> 
  custom:video-codec-MediaFoundation-h265: 746d11721c4dcdbdad8f713fa42b33f4 -> 
  custom:video-decoder-ogg-theora: a1e56fd34408186e4bbccfd4996cb3dc -> 
  custom:framework-win-MediaFoundation: 216162199b28c13a410421893ffa2e32 -> 
  custom:container-demuxer-webm: 4f35f7cbe854078d1ac9338744f61a02 -> 
  custom:container-muxer-webm: aa71ff27fc2769a1b78a27578f13a17b -> 
  custom:video-decoder-webm-vp8: 9c59270c3fd7afecdb556c50c9e8de78 -> 
  custom:AudioImporter_EditorPlatform: d09bf68614088b80899f8185d706f6e7 -> 
  custom:video-encoder-webm-vp8: eb34c28f22e8b96e1ab97ce403110664 -> 
  custom:audio-decoder-ogg-vorbis: bf7c407c2cedff20999df2af8eb42d56 -> 
  custom:audio-encoder-webm-vorbis: bf7c407c2cedff20999df2af8eb42d56 -> 
========================================================================
Received Import Request.
  Time since last request: 1369.799437 seconds.
  path: Assets/Scripts/Colectable.cs
  artifactKey: Guid(3751634f459b0444a9d26ded8216fff7) Importer(815301076,1909f56bfc062723c751e8b465ee728b)
Start importing Assets/Scripts/Colectable.cs using Guid(3751634f459b0444a9d26ded8216fff7) Importer(815301076,1909f56bfc062723c751e8b465ee728b)  -> (artifact id: '16c45ad3874331e7b0bbbada25e311c3') in 0.004672 seconds
Number of updated asset objects reloaded before import = 0
Number of asset objects unloaded after import = 0
========================================================================
Received Prepare
Begin MonoManager ReloadAssembly
Symbol file LoadedFromMemory doesn't match image C:\Users\aleza\My project (1)\Library\PackageCache\com.unity.visualscripting@1.8.0\Editor\VisualScripting.Core\Dependencies\YamlDotNet\Unity.VisualScripting.YamlDotNet.dll
Symbol file LoadedFromMemory doesn't match image C:\Users\aleza\My project (1)\Library\PackageCache\com.unity.visualscripting@1.8.0\Editor\VisualScripting.Core\Dependencies\DotNetZip\Unity.VisualScripting.IonicZip.dll
- Loaded All Assemblies, in  0.900 seconds
Refreshing native plugins compatible for Editor in 3.76 ms, found 3 plugins.
Native extension for WindowsStandalone target not found
Mono: successfully reloaded assembly
- Finished resetting the current domain, in  1.392 seconds
Domain Reload Profiling:
	ReloadAssembly (230ms)
		BeginReloadAssembly (152ms)
			ExecutionOrderSort (0ms)
			DisableScriptedObjects (5ms)
			BackupInstance (0ms)
			ReleaseScriptingObjects (0ms)
			CreateAndSetChildDomain (41ms)
		LoadAllAssembliesAndSetupDomain (668ms)
			LoadAssemblies (293ms)
			RebuildTransferFunctionScriptingTraits (0ms)
			SetupTypeCache (442ms)
				TypeCache.Initialize (438ms)
					TypeCache.ScanAssembly (432ms)
				ResolveRequiredComponents (4ms)
		FinalizeReload (0ms)
			ReleaseScriptCaches (0ms)
			RebuildScriptCaches (0ms)
			SetupLoadedEditorAssemblies (552ms)
				LogAssemblyErrors (0ms)
				InitializePlatformSupportModulesInManaged (10ms)
				SetLoadedEditorAssemblies (6ms)
				RefreshPlugins (0ms)
				BeforeProcessingInitializeOnLoad (98ms)
				ProcessInitializeOnLoadAttributes (400ms)
				ProcessInitializeOnLoadMethodAttributes (29ms)
				AfterProcessingInitializeOnLoad (10ms)
				EditorAssembliesLoaded (0ms)
			ExecutionOrderSort2 (0ms)
			AwakeInstancesAfterBackupRestoration (12ms)
Refreshing native plugins compatible for Editor in 5.00 ms, found 3 plugins.
Preloading 0 native plugins for Editor in 0.00 ms.
Unloading 3118 Unused Serialized files (Serialized files now loaded: 0)
Unloading 20 unused Assets / (30.5 KB). Loaded Objects now: 3756.
Memory consumption went from 112.6 MB to 112.6 MB.
Total: 5.433600 ms (FindLiveObjects: 0.557500 ms CreateObjectMapping: 0.680400 ms MarkObjects: 4.125500 ms  DeleteObjects: 0.068800 ms)

Prepare: number of updated asset objects reloaded= 0
AssetImportParameters requested are different than current active one (requested -> active):
  custom:container-demuxer-ogg: 62fdf1f143b41e24485cea50d1cbac27 -> 
  custom:video-codec-MediaFoundation-h265: 746d11721c4dcdbdad8f713fa42b33f4 -> 
  custom:video-decoder-ogg-theora: a1e56fd34408186e4bbccfd4996cb3dc -> 
  custom:framework-win-MediaFoundation: 216162199b28c13a410421893ffa2e32 -> 
  custom:container-demuxer-webm: 4f35f7cbe854078d1ac9338744f61a02 -> 
  custom:container-muxer-webm: aa71ff27fc2769a1b78a27578f13a17b -> 
  custom:video-decoder-webm-vp8: 9c59270c3fd7afecdb556c50c9e8de78 -> 
  custom:AudioImporter_EditorPlatform: d09bf68614088b80899f8185d706f6e7 -> 
  custom:video-encoder-webm-vp8: eb34c28f22e8b96e1ab97ce403110664 -> 
  custom:audio-decoder-ogg-vorbis: bf7c407c2cedff20999df2af8eb42d56 -> 
  custom:audio-encoder-webm-vorbis: bf7c407c2cedff20999df2af8eb42d56 -> 
========================================================================
Received Prepare
Begin MonoManager ReloadAssembly
Symbol file LoadedFromMemory doesn't match image C:\Users\aleza\My project (1)\Library\PackageCache\com.unity.visualscripting@1.8.0\Editor\VisualScripting.Core\Dependencies\YamlDotNet\Unity.VisualScripting.YamlDotNet.dll
Symbol file LoadedFromMemory doesn't match image C:\Users\aleza\My project (1)\Library\PackageCache\com.unity.visualscripting@1.8.0\Editor\VisualScripting.Core\Dependencies\DotNetZip\Unity.VisualScripting.IonicZip.dll
- Loaded All Assemblies, in  0.742 seconds
Refreshing native plugins compatible for Editor in 2.86 ms, found 3 plugins.
Native extension for WindowsStandalone target not found
Mono: successfully reloaded assembly
- Finished resetting the current domain, in  1.160 seconds
Domain Reload Profiling:
	ReloadAssembly (230ms)
		BeginReloadAssembly (154ms)
			ExecutionOrderSort (0ms)
			DisableScriptedObjects (7ms)
			BackupInstance (0ms)
			ReleaseScriptingObjects (0ms)
			CreateAndSetChildDomain (43ms)
		LoadAllAssembliesAndSetupDomain (510ms)
			LoadAssemblies (259ms)
			RebuildTransferFunctionScriptingTraits (0ms)
			SetupTypeCache (314ms)
				TypeCache.Initialize (310ms)
					TypeCache.ScanAssembly (303ms)
				ResolveRequiredComponents (4ms)
		FinalizeReload (0ms)
			ReleaseScriptCaches (0ms)
			RebuildScriptCaches (0ms)
			SetupLoadedEditorAssemblies (537ms)
				LogAssemblyErrors (0ms)
				InitializePlatformSupportModulesInManaged (9ms)
				SetLoadedEditorAssemblies (6ms)
				RefreshPlugins (0ms)
				BeforeProcessingInitializeOnLoad (81ms)
				ProcessInitializeOnLoadAttributes (403ms)
				ProcessInitializeOnLoadMethodAttributes (29ms)
				AfterProcessingInitializeOnLoad (8ms)
				EditorAssembliesLoaded (0ms)
			ExecutionOrderSort2 (0ms)
			AwakeInstancesAfterBackupRestoration (14ms)
Refreshing native plugins compatible for Editor in 4.19 ms, found 3 plugins.
Preloading 0 native plugins for Editor in 0.00 ms.
Unloading 3119 Unused Serialized files (Serialized files now loaded: 0)
Unloading 20 unused Assets / (30.5 KB). Loaded Objects now: 3759.
Memory consumption went from 112.9 MB to 112.9 MB.
Total: 6.414700 ms (FindLiveObjects: 0.283900 ms CreateObjectMapping: 0.414500 ms MarkObjects: 5.619700 ms  DeleteObjects: 0.095500 ms)

Prepare: number of updated asset objects reloaded= 0
AssetImportParameters requested are different than current active one (requested -> active):
  custom:container-demuxer-ogg: 62fdf1f143b41e24485cea50d1cbac27 -> 
  custom:video-codec-MediaFoundation-h265: 746d11721c4dcdbdad8f713fa42b33f4 -> 
  custom:video-decoder-ogg-theora: a1e56fd34408186e4bbccfd4996cb3dc -> 
  custom:framework-win-MediaFoundation: 216162199b28c13a410421893ffa2e32 -> 
  custom:container-demuxer-webm: 4f35f7cbe854078d1ac9338744f61a02 -> 
  custom:container-muxer-webm: aa71ff27fc2769a1b78a27578f13a17b -> 
  custom:video-decoder-webm-vp8: 9c59270c3fd7afecdb556c50c9e8de78 -> 
  custom:AudioImporter_EditorPlatform: d09bf68614088b80899f8185d706f6e7 -> 
  custom:video-encoder-webm-vp8: eb34c28f22e8b96e1ab97ce403110664 -> 
  custom:audio-decoder-ogg-vorbis: bf7c407c2cedff20999df2af8eb42d56 -> 
  custom:audio-encoder-webm-vorbis: bf7c407c2cedff20999df2af8eb42d56 -> 
========================================================================
Received Prepare
Begin MonoManager ReloadAssembly
Symbol file LoadedFromMemory doesn't match image C:\Users\aleza\My project (1)\Library\PackageCache\com.unity.visualscripting@1.8.0\Editor\VisualScripting.Core\Dependencies\YamlDotNet\Unity.VisualScripting.YamlDotNet.dll
Symbol file LoadedFromMemory doesn't match image C:\Users\aleza\My project (1)\Library\PackageCache\com.unity.visualscripting@1.8.0\Editor\VisualScripting.Core\Dependencies\DotNetZip\Unity.VisualScripting.IonicZip.dll
- Loaded All Assemblies, in  0.934 seconds
Refreshing native plugins compatible for Editor in 3.66 ms, found 3 plugins.
Native extension for WindowsStandalone target not found
Mono: successfully reloaded assembly
- Finished resetting the current domain, in  0.967 seconds
Domain Reload Profiling:
	ReloadAssembly (286ms)
		BeginReloadAssembly (186ms)
			ExecutionOrderSort (0ms)
			DisableScriptedObjects (7ms)
			BackupInstance (0ms)
			ReleaseScriptingObjects (0ms)
			CreateAndSetChildDomain (49ms)
		LoadAllAssembliesAndSetupDomain (644ms)
			LoadAssemblies (331ms)
			RebuildTransferFunctionScriptingTraits (0ms)
			SetupTypeCache (400ms)
				TypeCache.Initialize (394ms)
					TypeCache.ScanAssembly (386ms)
				ResolveRequiredComponents (4ms)
		FinalizeReload (0ms)
			ReleaseScriptCaches (0ms)
			RebuildScriptCaches (0ms)
			SetupLoadedEditorAssemblies (447ms)
				LogAssemblyErrors (0ms)
				InitializePlatformSupportModulesInManaged (7ms)
				SetLoadedEditorAssemblies (3ms)
				RefreshPlugins (0ms)
				BeforeProcessingInitializeOnLoad (77ms)
				ProcessInitializeOnLoadAttributes (330ms)
				ProcessInitializeOnLoadMethodAttributes (23ms)
				AfterProcessingInitializeOnLoad (6ms)
				EditorAssembliesLoaded (0ms)
			ExecutionOrderSort2 (0ms)
			AwakeInstancesAfterBackupRestoration (10ms)
Refreshing native plugins compatible for Editor in 3.49 ms, found 3 plugins.
Preloading 0 native plugins for Editor in 0.00 ms.
Unloading 3119 Unused Serialized files (Serialized files now loaded: 0)
Unloading 20 unused Assets / (30.6 KB). Loaded Objects now: 3762.
Memory consumption went from 112.9 MB to 112.9 MB.
Total: 4.111500 ms (FindLiveObjects: 0.345600 ms CreateObjectMapping: 0.236900 ms MarkObjects: 3.481500 ms  DeleteObjects: 0.046500 ms)

Prepare: number of updated asset objects reloaded= 0
AssetImportParameters requested are different than current active one (requested -> active):
  custom:container-demuxer-ogg: 62fdf1f143b41e24485cea50d1cbac27 -> 
  custom:video-codec-MediaFoundation-h265: 746d11721c4dcdbdad8f713fa42b33f4 -> 
  custom:video-decoder-ogg-theora: a1e56fd34408186e4bbccfd4996cb3dc -> 
  custom:framework-win-MediaFoundation: 216162199b28c13a410421893ffa2e32 -> 
  custom:container-demuxer-webm: 4f35f7cbe854078d1ac9338744f61a02 -> 
  custom:container-muxer-webm: aa71ff27fc2769a1b78a27578f13a17b -> 
  custom:video-decoder-webm-vp8: 9c59270c3fd7afecdb556c50c9e8de78 -> 
  custom:AudioImporter_EditorPlatform: d09bf68614088b80899f8185d706f6e7 -> 
  custom:video-encoder-webm-vp8: eb34c28f22e8b96e1ab97ce403110664 -> 
  custom:audio-decoder-ogg-vorbis: bf7c407c2cedff20999df2af8eb42d56 -> 
  custom:audio-encoder-webm-vorbis: bf7c407c2cedff20999df2af8eb42d56 -> 
========================================================================
Received Prepare
Begin MonoManager ReloadAssembly
Symbol file LoadedFromMemory doesn't match image C:\Users\aleza\My project (1)\Library\PackageCache\com.unity.visualscripting@1.8.0\Editor\VisualScripting.Core\Dependencies\YamlDotNet\Unity.VisualScripting.YamlDotNet.dll
Symbol file LoadedFromMemory doesn't match image C:\Users\aleza\My project (1)\Library\PackageCache\com.unity.visualscripting@1.8.0\Editor\VisualScripting.Core\Dependencies\DotNetZip\Unity.VisualScripting.IonicZip.dll
- Loaded All Assemblies, in  0.795 seconds
Refreshing native plugins compatible for Editor in 2.77 ms, found 3 plugins.
Native extension for WindowsStandalone target not found
Mono: successfully reloaded assembly
- Finished resetting the current domain, in  1.172 seconds
Domain Reload Profiling:
	ReloadAssembly (244ms)
		BeginReloadAssembly (162ms)
			ExecutionOrderSort (0ms)
			DisableScriptedObjects (5ms)
			BackupInstance (0ms)
			ReleaseScriptingObjects (0ms)
			CreateAndSetChildDomain (46ms)
		LoadAllAssembliesAndSetupDomain (549ms)
			LoadAssemblies (289ms)
			RebuildTransferFunctionScriptingTraits (0ms)
			SetupTypeCache (325ms)
				TypeCache.Initialize (319ms)
					TypeCache.ScanAssembly (312ms)
				ResolveRequiredComponents (6ms)
		FinalizeReload (0ms)
			ReleaseScriptCaches (0ms)
			RebuildScriptCaches (0ms)
			SetupLoadedEditorAssemblies (518ms)
				LogAssemblyErrors (0ms)
				InitializePlatformSupportModulesInManaged (8ms)
				SetLoadedEditorAssemblies (6ms)
				RefreshPlugins (0ms)
				BeforeProcessingInitializeOnLoad (86ms)
				ProcessInitializeOnLoadAttributes (375ms)
				ProcessInitializeOnLoadMethodAttributes (32ms)
				AfterProcessingInitializeOnLoad (10ms)
				EditorAssembliesLoaded (0ms)
			ExecutionOrderSort2 (0ms)
			AwakeInstancesAfterBackupRestoration (12ms)
Refreshing native plugins compatible for Editor in 4.97 ms, found 3 plugins.
Preloading 0 native plugins for Editor in 0.00 ms.
Unloading 3119 Unused Serialized files (Serialized files now loaded: 0)
Unloading 20 unused Assets / (30.5 KB). Loaded Objects now: 3765.
Memory consumption went from 112.9 MB to 112.9 MB.
Total: 6.065100 ms (FindLiveObjects: 0.341500 ms CreateObjectMapping: 0.424700 ms MarkObjects: 5.211300 ms  DeleteObjects: 0.086000 ms)

Prepare: number of updated asset objects reloaded= 0
AssetImportParameters requested are different than current active one (requested -> active):
  custom:container-demuxer-ogg: 62fdf1f143b41e24485cea50d1cbac27 -> 
  custom:video-codec-MediaFoundation-h265: 746d11721c4dcdbdad8f713fa42b33f4 -> 
  custom:video-decoder-ogg-theora: a1e56fd34408186e4bbccfd4996cb3dc -> 
  custom:framework-win-MediaFoundation: 216162199b28c13a410421893ffa2e32 -> 
  custom:container-demuxer-webm: 4f35f7cbe854078d1ac9338744f61a02 -> 
  custom:container-muxer-webm: aa71ff27fc2769a1b78a27578f13a17b -> 
  custom:video-decoder-webm-vp8: 9c59270c3fd7afecdb556c50c9e8de78 -> 
  custom:AudioImporter_EditorPlatform: d09bf68614088b80899f8185d706f6e7 -> 
  custom:video-encoder-webm-vp8: eb34c28f22e8b96e1ab97ce403110664 -> 
  custom:audio-decoder-ogg-vorbis: bf7c407c2cedff20999df2af8eb42d56 -> 
  custom:audio-encoder-webm-vorbis: bf7c407c2cedff20999df2af8eb42d56 -> 
========================================================================
Received Prepare
Begin MonoManager ReloadAssembly
Symbol file LoadedFromMemory doesn't match image C:\Users\aleza\My project (1)\Library\PackageCache\com.unity.visualscripting@1.8.0\Editor\VisualScripting.Core\Dependencies\YamlDotNet\Unity.VisualScripting.YamlDotNet.dll
Symbol file LoadedFromMemory doesn't match image C:\Users\aleza\My project (1)\Library\PackageCache\com.unity.visualscripting@1.8.0\Editor\VisualScripting.Core\Dependencies\DotNetZip\Unity.VisualScripting.IonicZip.dll
- Loaded All Assemblies, in  0.788 seconds
Refreshing native plugins compatible for Editor in 2.80 ms, found 3 plugins.
Native extension for WindowsStandalone target not found
Mono: successfully reloaded assembly
- Finished resetting the current domain, in  0.816 seconds
Domain Reload Profiling:
	ReloadAssembly (243ms)
		BeginReloadAssembly (165ms)
			ExecutionOrderSort (0ms)
			DisableScriptedObjects (7ms)
			BackupInstance (0ms)
			ReleaseScriptingObjects (0ms)
			CreateAndSetChildDomain (49ms)
		LoadAllAssembliesAndSetupDomain (543ms)
			LoadAssemblies (303ms)
			RebuildTransferFunctionScriptingTraits (0ms)
			SetupTypeCache (310ms)
				TypeCache.Initialize (301ms)
					TypeCache.ScanAssembly (295ms)
				ResolveRequiredComponents (6ms)
		FinalizeReload (0ms)
			ReleaseScriptCaches (0ms)
			RebuildScriptCaches (0ms)
			SetupLoadedEditorAssemblies (353ms)
				LogAssemblyErrors (0ms)
				InitializePlatformSupportModulesInManaged (5ms)
				SetLoadedEditorAssemblies (3ms)
				RefreshPlugins (0ms)
				BeforeProcessingInitializeOnLoad (58ms)
				ProcessInitializeOnLoadAttributes (261ms)
				ProcessInitializeOnLoadMethodAttributes (18ms)
				AfterProcessingInitializeOnLoad (8ms)
				EditorAssembliesLoaded (0ms)
			ExecutionOrderSort2 (0ms)
			AwakeInstancesAfterBackupRestoration (8ms)
Refreshing native plugins compatible for Editor in 2.96 ms, found 3 plugins.
Preloading 0 native plugins for Editor in 0.00 ms.
Unloading 3119 Unused Serialized files (Serialized files now loaded: 0)
Unloading 20 unused Assets / (30.5 KB). Loaded Objects now: 3768.
Memory consumption went from 112.9 MB to 112.9 MB.
Total: 3.623700 ms (FindLiveObjects: 0.264800 ms CreateObjectMapping: 0.198000 ms MarkObjects: 3.102000 ms  DeleteObjects: 0.057800 ms)

Prepare: number of updated asset objects reloaded= 0
AssetImportParameters requested are different than current active one (requested -> active):
  custom:container-demuxer-ogg: 62fdf1f143b41e24485cea50d1cbac27 -> 
  custom:video-codec-MediaFoundation-h265: 746d11721c4dcdbdad8f713fa42b33f4 -> 
  custom:video-decoder-ogg-theora: a1e56fd34408186e4bbccfd4996cb3dc -> 
  custom:framework-win-MediaFoundation: 216162199b28c13a410421893ffa2e32 -> 
  custom:container-demuxer-webm: 4f35f7cbe854078d1ac9338744f61a02 -> 
  custom:container-muxer-webm: aa71ff27fc2769a1b78a27578f13a17b -> 
  custom:video-decoder-webm-vp8: 9c59270c3fd7afecdb556c50c9e8de78 -> 
  custom:AudioImporter_EditorPlatform: d09bf68614088b80899f8185d706f6e7 -> 
  custom:video-encoder-webm-vp8: eb34c28f22e8b96e1ab97ce403110664 -> 
  custom:audio-decoder-ogg-vorbis: bf7c407c2cedff20999df2af8eb42d56 -> 
  custom:audio-encoder-webm-vorbis: bf7c407c2cedff20999df2af8eb42d56 -> 
========================================================================
Received Prepare
Begin MonoManager ReloadAssembly
Symbol file LoadedFromMemory doesn't match image C:\Users\aleza\My project (1)\Library\PackageCache\com.unity.visualscripting@1.8.0\Editor\VisualScripting.Core\Dependencies\YamlDotNet\Unity.VisualScripting.YamlDotNet.dll
Symbol file LoadedFromMemory doesn't match image C:\Users\aleza\My project (1)\Library\PackageCache\com.unity.visualscripting@1.8.0\Editor\VisualScripting.Core\Dependencies\DotNetZip\Unity.VisualScripting.IonicZip.dll
- Loaded All Assemblies, in  1.175 seconds
Refreshing native plugins compatible for Editor in 4.47 ms, found 3 plugins.
Native extension for WindowsStandalone target not found
Mono: successfully reloaded assembly
- Finished resetting the current domain, in  2.328 seconds
Domain Reload Profiling:
	ReloadAssembly (289ms)
		BeginReloadAssembly (189ms)
			ExecutionOrderSort (0ms)
			DisableScriptedObjects (6ms)
			BackupInstance (0ms)
			ReleaseScriptingObjects (0ms)
			CreateAndSetChildDomain (53ms)
		LoadAllAssembliesAndSetupDomain (884ms)
			LoadAssemblies (380ms)
			RebuildTransferFunctionScriptingTraits (0ms)
			SetupTypeCache (592ms)
				TypeCache.Initialize (584ms)
					TypeCache.ScanAssembly (574ms)
				ResolveRequiredComponents (8ms)
		FinalizeReload (0ms)
			ReleaseScriptCaches (0ms)
			RebuildScriptCaches (0ms)
			SetupLoadedEditorAssemblies (717ms)
				LogAssemblyErrors (0ms)
				InitializePlatformSupportModulesInManaged (8ms)
				SetLoadedEditorAssemblies (6ms)
				RefreshPlugins (0ms)
				BeforeProcessingInitializeOnLoad (111ms)
				ProcessInitializeOnLoadAttributes (542ms)
				ProcessInitializeOnLoadMethodAttributes (40ms)
				AfterProcessingInitializeOnLoad (11ms)
				EditorAssembliesLoaded (0ms)
			ExecutionOrderSort2 (0ms)
			AwakeInstancesAfterBackupRestoration (23ms)
Refreshing native plugins compatible for Editor in 3.61 ms, found 3 plugins.
Preloading 0 native plugins for Editor in 0.00 ms.
Unloading 3119 Unused Serialized files (Serialized files now loaded: 0)
Unloading 20 unused Assets / (30.5 KB). Loaded Objects now: 3771.
Memory consumption went from 112.9 MB to 112.9 MB.
Total: 3.262700 ms (FindLiveObjects: 0.296600 ms CreateObjectMapping: 0.250300 ms MarkObjects: 2.654900 ms  DeleteObjects: 0.059800 ms)

Prepare: number of updated asset objects reloaded= 0
AssetImportParameters requested are different than current active one (requested -> active):
  custom:container-demuxer-ogg: 62fdf1f143b41e24485cea50d1cbac27 -> 
  custom:video-codec-MediaFoundation-h265: 746d11721c4dcdbdad8f713fa42b33f4 -> 
  custom:video-decoder-ogg-theora: a1e56fd34408186e4bbccfd4996cb3dc -> 
  custom:framework-win-MediaFoundation: 216162199b28c13a410421893ffa2e32 -> 
  custom:container-demuxer-webm: 4f35f7cbe854078d1ac9338744f61a02 -> 
  custom:container-muxer-webm: aa71ff27fc2769a1b78a27578f13a17b -> 
  custom:video-decoder-webm-vp8: 9c59270c3fd7afecdb556c50c9e8de78 -> 
  custom:AudioImporter_EditorPlatform: d09bf68614088b80899f8185d706f6e7 -> 
  custom:video-encoder-webm-vp8: eb34c28f22e8b96e1ab97ce403110664 -> 
  custom:audio-decoder-ogg-vorbis: bf7c407c2cedff20999df2af8eb42d56 -> 
  custom:audio-encoder-webm-vorbis: bf7c407c2cedff20999df2af8eb42d56 -> 
========================================================================
Received Prepare
Begin MonoManager ReloadAssembly
Symbol file LoadedFromMemory doesn't match image C:\Users\aleza\My project (1)\Library\PackageCache\com.unity.visualscripting@1.8.0\Editor\VisualScripting.Core\Dependencies\YamlDotNet\Unity.VisualScripting.YamlDotNet.dll
Symbol file LoadedFromMemory doesn't match image C:\Users\aleza\My project (1)\Library\PackageCache\com.unity.visualscripting@1.8.0\Editor\VisualScripting.Core\Dependencies\DotNetZip\Unity.VisualScripting.IonicZip.dll
- Loaded All Assemblies, in  0.934 seconds
Refreshing native plugins compatible for Editor in 5.53 ms, found 3 plugins.
Native extension for WindowsStandalone target not found
Mono: successfully reloaded assembly
- Finished resetting the current domain, in  0.964 seconds
Domain Reload Profiling:
	ReloadAssembly (294ms)
		BeginReloadAssembly (188ms)
			ExecutionOrderSort (0ms)
			DisableScriptedObjects (12ms)
			BackupInstance (0ms)
			ReleaseScriptingObjects (0ms)
			CreateAndSetChildDomain (51ms)
		LoadAllAssembliesAndSetupDomain (640ms)
			LoadAssemblies (332ms)
			RebuildTransferFunctionScriptingTraits (0ms)
			SetupTypeCache (389ms)
				TypeCache.Initialize (375ms)
					TypeCache.ScanAssembly (366ms)
				ResolveRequiredComponents (11ms)
		FinalizeReload (0ms)
			ReleaseScriptCaches (0ms)
			RebuildScriptCaches (0ms)
			SetupLoadedEditorAssemblies (385ms)
				LogAssemblyErrors (0ms)
				InitializePlatformSupportModulesInManaged (6ms)
				SetLoadedEditorAssemblies (4ms)
				RefreshPlugins (0ms)
				BeforeProcessingInitializeOnLoad (58ms)
				ProcessInitializeOnLoadAttributes (284ms)
				ProcessInitializeOnLoadMethodAttributes (23ms)
				AfterProcessingInitializeOnLoad (9ms)
				EditorAssembliesLoaded (0ms)
			ExecutionOrderSort2 (0ms)
			AwakeInstancesAfterBackupRestoration (8ms)
Refreshing native plugins compatible for Editor in 9.06 ms, found 3 plugins.
Preloading 0 native plugins for Editor in 0.00 ms.
Unloading 3119 Unused Serialized files (Serialized files now loaded: 0)
Unloading 20 unused Assets / (30.5 KB). Loaded Objects now: 3774.
Memory consumption went from 112.9 MB to 112.9 MB.
Total: 3.766700 ms (FindLiveObjects: 0.434000 ms CreateObjectMapping: 0.317900 ms MarkObjects: 2.963200 ms  DeleteObjects: 0.050100 ms)

Prepare: number of updated asset objects reloaded= 0
AssetImportParameters requested are different than current active one (requested -> active):
  custom:container-demuxer-ogg: 62fdf1f143b41e24485cea50d1cbac27 -> 
  custom:video-codec-MediaFoundation-h265: 746d11721c4dcdbdad8f713fa42b33f4 -> 
  custom:video-decoder-ogg-theora: a1e56fd34408186e4bbccfd4996cb3dc -> 
  custom:framework-win-MediaFoundation: 216162199b28c13a410421893ffa2e32 -> 
  custom:container-demuxer-webm: 4f35f7cbe854078d1ac9338744f61a02 -> 
  custom:container-muxer-webm: aa71ff27fc2769a1b78a27578f13a17b -> 
  custom:video-decoder-webm-vp8: 9c59270c3fd7afecdb556c50c9e8de78 -> 
  custom:AudioImporter_EditorPlatform: d09bf68614088b80899f8185d706f6e7 -> 
  custom:video-encoder-webm-vp8: eb34c28f22e8b96e1ab97ce403110664 -> 
  custom:audio-decoder-ogg-vorbis: bf7c407c2cedff20999df2af8eb42d56 -> 
  custom:audio-encoder-webm-vorbis: bf7c407c2cedff20999df2af8eb42d56 -> 
========================================================================
Received Prepare
Begin MonoManager ReloadAssembly
Symbol file LoadedFromMemory doesn't match image C:\Users\aleza\My project (1)\Library\PackageCache\com.unity.visualscripting@1.8.0\Editor\VisualScripting.Core\Dependencies\YamlDotNet\Unity.VisualScripting.YamlDotNet.dll
Symbol file LoadedFromMemory doesn't match image C:\Users\aleza\My project (1)\Library\PackageCache\com.unity.visualscripting@1.8.0\Editor\VisualScripting.Core\Dependencies\DotNetZip\Unity.VisualScripting.IonicZip.dll
- Loaded All Assemblies, in  0.954 seconds
Refreshing native plugins compatible for Editor in 4.28 ms, found 3 plugins.
Native extension for WindowsStandalone target not found
Mono: successfully reloaded assembly
- Finished resetting the current domain, in  1.779 seconds
Domain Reload Profiling:
	ReloadAssembly (286ms)
		BeginReloadAssembly (189ms)
			ExecutionOrderSort (0ms)
			DisableScriptedObjects (15ms)
			BackupInstance (0ms)
			ReleaseScriptingObjects (0ms)
			CreateAndSetChildDomain (55ms)
		LoadAllAssembliesAndSetupDomain (665ms)
			LoadAssemblies (311ms)
			RebuildTransferFunctionScriptingTraits (0ms)
			SetupTypeCache (422ms)
				TypeCache.Initialize (411ms)
					TypeCache.ScanAssembly (401ms)
				ResolveRequiredComponents (11ms)
		FinalizeReload (0ms)
			ReleaseScriptCaches (0ms)
			RebuildScriptCaches (0ms)
			SetupLoadedEditorAssemblies (772ms)
				LogAssemblyErrors (0ms)
				InitializePlatformSupportModulesInManaged (20ms)
				SetLoadedEditorAssemblies (5ms)
				RefreshPlugins (0ms)
				BeforeProcessingInitializeOnLoad (112ms)
				ProcessInitializeOnLoadAttributes (584ms)
				ProcessInitializeOnLoadMethodAttributes (37ms)
				AfterProcessingInitializeOnLoad (15ms)
				EditorAssembliesLoaded (0ms)
			ExecutionOrderSort2 (0ms)
			AwakeInstancesAfterBackupRestoration (13ms)
Refreshing native plugins compatible for Editor in 14.23 ms, found 3 plugins.
Preloading 0 native plugins for Editor in 0.00 ms.
Unloading 3119 Unused Serialized files (Serialized files now loaded: 0)
Unloading 20 unused Assets / (30.5 KB). Loaded Objects now: 3777.
Memory consumption went from 112.9 MB to 112.9 MB.
Total: 5.613900 ms (FindLiveObjects: 1.019200 ms CreateObjectMapping: 0.511100 ms MarkObjects: 3.986900 ms  DeleteObjects: 0.095500 ms)

Prepare: number of updated asset objects reloaded= 0
AssetImportParameters requested are different than current active one (requested -> active):
  custom:container-demuxer-ogg: 62fdf1f143b41e24485cea50d1cbac27 -> 
  custom:video-codec-MediaFoundation-h265: 746d11721c4dcdbdad8f713fa42b33f4 -> 
  custom:video-decoder-ogg-theora: a1e56fd34408186e4bbccfd4996cb3dc -> 
  custom:framework-win-MediaFoundation: 216162199b28c13a410421893ffa2e32 -> 
  custom:container-demuxer-webm: 4f35f7cbe854078d1ac9338744f61a02 -> 
  custom:container-muxer-webm: aa71ff27fc2769a1b78a27578f13a17b -> 
  custom:video-decoder-webm-vp8: 9c59270c3fd7afecdb556c50c9e8de78 -> 
  custom:AudioImporter_EditorPlatform: d09bf68614088b80899f8185d706f6e7 -> 
  custom:video-encoder-webm-vp8: eb34c28f22e8b96e1ab97ce403110664 -> 
  custom:audio-decoder-ogg-vorbis: bf7c407c2cedff20999df2af8eb42d56 -> 
  custom:audio-encoder-webm-vorbis: bf7c407c2cedff20999df2af8eb42d56 -> 
========================================================================
Received Prepare
Begin MonoManager ReloadAssembly
Symbol file LoadedFromMemory doesn't match image C:\Users\aleza\My project (1)\Library\PackageCache\com.unity.visualscripting@1.8.0\Editor\VisualScripting.Core\Dependencies\YamlDotNet\Unity.VisualScripting.YamlDotNet.dll
Symbol file LoadedFromMemory doesn't match image C:\Users\aleza\My project (1)\Library\PackageCache\com.unity.visualscripting@1.8.0\Editor\VisualScripting.Core\Dependencies\DotNetZip\Unity.VisualScripting.IonicZip.dll
- Loaded All Assemblies, in  1.032 seconds
Refreshing native plugins compatible for Editor in 4.03 ms, found 3 plugins.
Native extension for WindowsStandalone target not found
Mono: successfully reloaded assembly
- Finished resetting the current domain, in  0.978 seconds
Domain Reload Profiling:
	ReloadAssembly (326ms)
		BeginReloadAssembly (207ms)
			ExecutionOrderSort (0ms)
			DisableScriptedObjects (9ms)
			BackupInstance (0ms)
			ReleaseScriptingObjects (0ms)
			CreateAndSetChildDomain (62ms)
		LoadAllAssembliesAndSetupDomain (703ms)
			LoadAssemblies (344ms)
			RebuildTransferFunctionScriptingTraits (0ms)
			SetupTypeCache (444ms)
				TypeCache.Initialize (437ms)
					TypeCache.ScanAssembly (430ms)
				ResolveRequiredComponents (5ms)
		FinalizeReload (0ms)
			ReleaseScriptCaches (0ms)
			RebuildScriptCaches (0ms)
			SetupLoadedEditorAssemblies (424ms)
				LogAssemblyErrors (0ms)
				InitializePlatformSupportModulesInManaged (10ms)
				SetLoadedEditorAssemblies (4ms)
				RefreshPlugins (0ms)
				BeforeProcessingInitializeOnLoad (65ms)
				ProcessInitializeOnLoadAttributes (319ms)
				ProcessInitializeOnLoadMethodAttributes (18ms)
				AfterProcessingInitializeOnLoad (7ms)
				EditorAssembliesLoaded (0ms)
			ExecutionOrderSort2 (0ms)
			AwakeInstancesAfterBackupRestoration (10ms)
Refreshing native plugins compatible for Editor in 3.57 ms, found 3 plugins.
Preloading 0 native plugins for Editor in 0.00 ms.
Unloading 3119 Unused Serialized files (Serialized files now loaded: 0)
Unloading 20 unused Assets / (30.5 KB). Loaded Objects now: 3780.
Memory consumption went from 112.9 MB to 112.9 MB.
Total: 2.721800 ms (FindLiveObjects: 0.267800 ms CreateObjectMapping: 0.195200 ms MarkObjects: 2.218900 ms  DeleteObjects: 0.039200 ms)

Prepare: number of updated asset objects reloaded= 0
AssetImportParameters requested are different than current active one (requested -> active):
  custom:container-demuxer-ogg: 62fdf1f143b41e24485cea50d1cbac27 -> 
  custom:video-codec-MediaFoundation-h265: 746d11721c4dcdbdad8f713fa42b33f4 -> 
  custom:video-decoder-ogg-theora: a1e56fd34408186e4bbccfd4996cb3dc -> 
  custom:framework-win-MediaFoundation: 216162199b28c13a410421893ffa2e32 -> 
  custom:container-demuxer-webm: 4f35f7cbe854078d1ac9338744f61a02 -> 
  custom:container-muxer-webm: aa71ff27fc2769a1b78a27578f13a17b -> 
  custom:video-decoder-webm-vp8: 9c59270c3fd7afecdb556c50c9e8de78 -> 
  custom:AudioImporter_EditorPlatform: d09bf68614088b80899f8185d706f6e7 -> 
  custom:video-encoder-webm-vp8: eb34c28f22e8b96e1ab97ce403110664 -> 
  custom:audio-decoder-ogg-vorbis: bf7c407c2cedff20999df2af8eb42d56 -> 
  custom:audio-encoder-webm-vorbis: bf7c407c2cedff20999df2af8eb42d56 -> 
========================================================================
Received Prepare
Begin MonoManager ReloadAssembly
Symbol file LoadedFromMemory doesn't match image C:\Users\aleza\My project (1)\Library\PackageCache\com.unity.visualscripting@1.8.0\Editor\VisualScripting.Core\Dependencies\YamlDotNet\Unity.VisualScripting.YamlDotNet.dll
Symbol file LoadedFromMemory doesn't match image C:\Users\aleza\My project (1)\Library\PackageCache\com.unity.visualscripting@1.8.0\Editor\VisualScripting.Core\Dependencies\DotNetZip\Unity.VisualScripting.IonicZip.dll
- Loaded All Assemblies, in  0.979 seconds
Refreshing native plugins compatible for Editor in 2.85 ms, found 3 plugins.
Native extension for WindowsStandalone target not found
Mono: successfully reloaded assembly
- Finished resetting the current domain, in  1.344 seconds
Domain Reload Profiling:
	ReloadAssembly (289ms)
		BeginReloadAssembly (190ms)
			ExecutionOrderSort (0ms)
			DisableScriptedObjects (11ms)
			BackupInstance (0ms)
			ReleaseScriptingObjects (0ms)
			CreateAndSetChildDomain (54ms)
		LoadAllAssembliesAndSetupDomain (688ms)
			LoadAssemblies (379ms)
			RebuildTransferFunctionScriptingTraits (0ms)
			SetupTypeCache (390ms)
				TypeCache.Initialize (386ms)
					TypeCache.ScanAssembly (375ms)
				ResolveRequiredComponents (4ms)
		FinalizeReload (0ms)
			ReleaseScriptCaches (0ms)
			RebuildScriptCaches (0ms)
			SetupLoadedEditorAssemblies (600ms)
				LogAssemblyErrors (0ms)
				InitializePlatformSupportModulesInManaged (8ms)
				SetLoadedEditorAssemblies (6ms)
				RefreshPlugins (0ms)
				BeforeProcessingInitializeOnLoad (85ms)
				ProcessInitializeOnLoadAttributes (455ms)
				ProcessInitializeOnLoadMethodAttributes (34ms)
				AfterProcessingInitializeOnLoad (11ms)
				EditorAssembliesLoaded (0ms)
			ExecutionOrderSort2 (0ms)
			AwakeInstancesAfterBackupRestoration (14ms)
Refreshing native plugins compatible for Editor in 5.31 ms, found 3 plugins.
Preloading 0 native plugins for Editor in 0.00 ms.
Unloading 3119 Unused Serialized files (Serialized files now loaded: 0)
Unloading 20 unused Assets / (30.5 KB). Loaded Objects now: 3783.
Memory consumption went from 112.9 MB to 112.9 MB.
Total: 6.317800 ms (FindLiveObjects: 0.565800 ms CreateObjectMapping: 0.524500 ms MarkObjects: 5.112200 ms  DeleteObjects: 0.113000 ms)

Prepare: number of updated asset objects reloaded= 0
AssetImportParameters requested are different than current active one (requested -> active):
  custom:container-demuxer-ogg: 62fdf1f143b41e24485cea50d1cbac27 -> 
  custom:video-codec-MediaFoundation-h265: 746d11721c4dcdbdad8f713fa42b33f4 -> 
  custom:video-decoder-ogg-theora: a1e56fd34408186e4bbccfd4996cb3dc -> 
  custom:framework-win-MediaFoundation: 216162199b28c13a410421893ffa2e32 -> 
  custom:container-demuxer-webm: 4f35f7cbe854078d1ac9338744f61a02 -> 
  custom:container-muxer-webm: aa71ff27fc2769a1b78a27578f13a17b -> 
  custom:video-decoder-webm-vp8: 9c59270c3fd7afecdb556c50c9e8de78 -> 
  custom:AudioImporter_EditorPlatform: d09bf68614088b80899f8185d706f6e7 -> 
  custom:video-encoder-webm-vp8: eb34c28f22e8b96e1ab97ce403110664 -> 
  custom:audio-decoder-ogg-vorbis: bf7c407c2cedff20999df2af8eb42d56 -> 
  custom:audio-encoder-webm-vorbis: bf7c407c2cedff20999df2af8eb42d56 -> 
========================================================================
Received Import Request.
  Time since last request: 938.720888 seconds.
  path: Assets/Prefabs/bala.prefab
  artifactKey: Guid(0295a8eba3e21574b9385de076b64668) Importer(815301076,1909f56bfc062723c751e8b465ee728b)
Start importing Assets/Prefabs/bala.prefab using Guid(0295a8eba3e21574b9385de076b64668) Importer(815301076,1909f56bfc062723c751e8b465ee728b)  -> (artifact id: '16b21d30a4bd45009a50c1da23d99a8d') in 0.130435 seconds
Number of updated asset objects reloaded before import = 0
Number of asset objects unloaded after import = 9
========================================================================
Received Import Request.
  Time since last request: 2.922388 seconds.
  path: Assets/Prefabs/bala_doble (1).prefab
  artifactKey: Guid(2dbe57ccc5dec4542a6666b93a24bbfc) Importer(815301076,1909f56bfc062723c751e8b465ee728b)
Start importing Assets/Prefabs/bala_doble (1).prefab using Guid(2dbe57ccc5dec4542a6666b93a24bbfc) Importer(815301076,1909f56bfc062723c751e8b465ee728b)  -> (artifact id: '8ea636197a2003c0f371a58e73c2af3d') in 0.031534 seconds
Number of updated asset objects reloaded before import = 0
Number of asset objects unloaded after import = 10
========================================================================
Received Prepare
Begin MonoManager ReloadAssembly
Symbol file LoadedFromMemory doesn't match image C:\Users\aleza\My project (1)\Library\PackageCache\com.unity.visualscripting@1.8.0\Editor\VisualScripting.Core\Dependencies\YamlDotNet\Unity.VisualScripting.YamlDotNet.dll
Symbol file LoadedFromMemory doesn't match image C:\Users\aleza\My project (1)\Library\PackageCache\com.unity.visualscripting@1.8.0\Editor\VisualScripting.Core\Dependencies\DotNetZip\Unity.VisualScripting.IonicZip.dll
- Loaded All Assemblies, in  0.888 seconds
Refreshing native plugins compatible for Editor in 5.09 ms, found 3 plugins.
Native extension for WindowsStandalone target not found
Mono: successfully reloaded assembly
- Finished resetting the current domain, in  1.383 seconds
Domain Reload Profiling:
	ReloadAssembly (253ms)
		BeginReloadAssembly (163ms)
			ExecutionOrderSort (0ms)
			DisableScriptedObjects (5ms)
			BackupInstance (0ms)
			ReleaseScriptingObjects (0ms)
			CreateAndSetChildDomain (43ms)
		LoadAllAssembliesAndSetupDomain (633ms)
			LoadAssemblies (320ms)
			RebuildTransferFunctionScriptingTraits (0ms)
			SetupTypeCache (386ms)
				TypeCache.Initialize (380ms)
					TypeCache.ScanAssembly (367ms)
				ResolveRequiredComponents (6ms)
		FinalizeReload (0ms)
			ReleaseScriptCaches (0ms)
			RebuildScriptCaches (0ms)
			SetupLoadedEditorAssemblies (633ms)
				LogAssemblyErrors (0ms)
				InitializePlatformSupportModulesInManaged (9ms)
				SetLoadedEditorAssemblies (5ms)
				RefreshPlugins (0ms)
				BeforeProcessingInitializeOnLoad (90ms)
				ProcessInitializeOnLoadAttributes (484ms)
				ProcessInitializeOnLoadMethodAttributes (35ms)
				AfterProcessingInitializeOnLoad (9ms)
				EditorAssembliesLoaded (0ms)
			ExecutionOrderSort2 (0ms)
			AwakeInstancesAfterBackupRestoration (16ms)
Refreshing native plugins compatible for Editor in 6.23 ms, found 3 plugins.
Preloading 0 native plugins for Editor in 0.00 ms.
Unloading 3118 Unused Serialized files (Serialized files now loaded: 0)
Unloading 20 unused Assets / (30.4 KB). Loaded Objects now: 3786.
Memory consumption went from 112.7 MB to 112.6 MB.
Total: 6.042100 ms (FindLiveObjects: 0.349800 ms CreateObjectMapping: 0.400800 ms MarkObjects: 5.174900 ms  DeleteObjects: 0.115100 ms)

Prepare: number of updated asset objects reloaded= 0
AssetImportParameters requested are different than current active one (requested -> active):
  custom:container-demuxer-ogg: 62fdf1f143b41e24485cea50d1cbac27 -> 
  custom:video-codec-MediaFoundation-h265: 746d11721c4dcdbdad8f713fa42b33f4 -> 
  custom:video-decoder-ogg-theora: a1e56fd34408186e4bbccfd4996cb3dc -> 
  custom:framework-win-MediaFoundation: 216162199b28c13a410421893ffa2e32 -> 
  custom:container-demuxer-webm: 4f35f7cbe854078d1ac9338744f61a02 -> 
  custom:container-muxer-webm: aa71ff27fc2769a1b78a27578f13a17b -> 
  custom:video-decoder-webm-vp8: 9c59270c3fd7afecdb556c50c9e8de78 -> 
  custom:AudioImporter_EditorPlatform: d09bf68614088b80899f8185d706f6e7 -> 
  custom:video-encoder-webm-vp8: eb34c28f22e8b96e1ab97ce403110664 -> 
  custom:audio-decoder-ogg-vorbis: bf7c407c2cedff20999df2af8eb42d56 -> 
  custom:audio-encoder-webm-vorbis: bf7c407c2cedff20999df2af8eb42d56 -> 
========================================================================
Received Import Request.
  Time since last request: 45.498776 seconds.
  path: Assets/Prefabs/bala.prefab
  artifactKey: Guid(0295a8eba3e21574b9385de076b64668) Importer(815301076,1909f56bfc062723c751e8b465ee728b)
Start importing Assets/Prefabs/bala.prefab using Guid(0295a8eba3e21574b9385de076b64668) Importer(815301076,1909f56bfc062723c751e8b465ee728b)  -> (artifact id: '7d8f0017b8908f1bcc286f261084c49f') in 0.110039 seconds
Number of updated asset objects reloaded before import = 0
Number of asset objects unloaded after import = 9
========================================================================
Received Prepare
Begin MonoManager ReloadAssembly
Symbol file LoadedFromMemory doesn't match image C:\Users\aleza\My project (1)\Library\PackageCache\com.unity.visualscripting@1.8.0\Editor\VisualScripting.Core\Dependencies\YamlDotNet\Unity.VisualScripting.YamlDotNet.dll
Symbol file LoadedFromMemory doesn't match image C:\Users\aleza\My project (1)\Library\PackageCache\com.unity.visualscripting@1.8.0\Editor\VisualScripting.Core\Dependencies\DotNetZip\Unity.VisualScripting.IonicZip.dll
- Loaded All Assemblies, in  0.844 seconds
Refreshing native plugins compatible for Editor in 3.20 ms, found 3 plugins.
Native extension for WindowsStandalone target not found
Mono: successfully reloaded assembly
- Finished resetting the current domain, in  1.347 seconds
Domain Reload Profiling:
	ReloadAssembly (260ms)
		BeginReloadAssembly (175ms)
			ExecutionOrderSort (0ms)
			DisableScriptedObjects (8ms)
			BackupInstance (0ms)
			ReleaseScriptingObjects (0ms)
			CreateAndSetChildDomain (47ms)
		LoadAllAssembliesAndSetupDomain (581ms)
			LoadAssemblies (309ms)
			RebuildTransferFunctionScriptingTraits (0ms)
			SetupTypeCache (349ms)
				TypeCache.Initialize (343ms)
					TypeCache.ScanAssembly (333ms)
				ResolveRequiredComponents (6ms)
		FinalizeReload (0ms)
			ReleaseScriptCaches (0ms)
			RebuildScriptCaches (0ms)
			SetupLoadedEditorAssemblies (612ms)
				LogAssemblyErrors (0ms)
				InitializePlatformSupportModulesInManaged (12ms)
				SetLoadedEditorAssemblies (6ms)
				RefreshPlugins (0ms)
				BeforeProcessingInitializeOnLoad (94ms)
				ProcessInitializeOnLoadAttributes (455ms)
				ProcessInitializeOnLoadMethodAttributes (35ms)
				AfterProcessingInitializeOnLoad (10ms)
				EditorAssembliesLoaded (0ms)
			ExecutionOrderSort2 (0ms)
			AwakeInstancesAfterBackupRestoration (15ms)
Refreshing native plugins compatible for Editor in 7.03 ms, found 3 plugins.
Preloading 0 native plugins for Editor in 0.00 ms.
Unloading 3118 Unused Serialized files (Serialized files now loaded: 0)
Unloading 20 unused Assets / (30.5 KB). Loaded Objects now: 3789.
Memory consumption went from 112.7 MB to 112.6 MB.
Total: 6.554500 ms (FindLiveObjects: 0.372200 ms CreateObjectMapping: 0.255700 ms MarkObjects: 5.717300 ms  DeleteObjects: 0.206900 ms)

Prepare: number of updated asset objects reloaded= 0
AssetImportParameters requested are different than current active one (requested -> active):
  custom:container-demuxer-ogg: 62fdf1f143b41e24485cea50d1cbac27 -> 
  custom:video-codec-MediaFoundation-h265: 746d11721c4dcdbdad8f713fa42b33f4 -> 
  custom:video-decoder-ogg-theora: a1e56fd34408186e4bbccfd4996cb3dc -> 
  custom:framework-win-MediaFoundation: 216162199b28c13a410421893ffa2e32 -> 
  custom:container-demuxer-webm: 4f35f7cbe854078d1ac9338744f61a02 -> 
  custom:container-muxer-webm: aa71ff27fc2769a1b78a27578f13a17b -> 
  custom:video-decoder-webm-vp8: 9c59270c3fd7afecdb556c50c9e8de78 -> 
  custom:AudioImporter_EditorPlatform: d09bf68614088b80899f8185d706f6e7 -> 
  custom:video-encoder-webm-vp8: eb34c28f22e8b96e1ab97ce403110664 -> 
  custom:audio-decoder-ogg-vorbis: bf7c407c2cedff20999df2af8eb42d56 -> 
  custom:audio-encoder-webm-vorbis: bf7c407c2cedff20999df2af8eb42d56 -> 
========================================================================
Received Prepare
Begin MonoManager ReloadAssembly
Symbol file LoadedFromMemory doesn't match image C:\Users\aleza\My project (1)\Library\PackageCache\com.unity.visualscripting@1.8.0\Editor\VisualScripting.Core\Dependencies\YamlDotNet\Unity.VisualScripting.YamlDotNet.dll
Symbol file LoadedFromMemory doesn't match image C:\Users\aleza\My project (1)\Library\PackageCache\com.unity.visualscripting@1.8.0\Editor\VisualScripting.Core\Dependencies\DotNetZip\Unity.VisualScripting.IonicZip.dll
- Loaded All Assemblies, in  1.053 seconds
Refreshing native plugins compatible for Editor in 5.08 ms, found 3 plugins.
Native extension for WindowsStandalone target not found
Mono: successfully reloaded assembly
- Finished resetting the current domain, in  2.210 seconds
Domain Reload Profiling:
	ReloadAssembly (290ms)
		BeginReloadAssembly (205ms)
			ExecutionOrderSort (0ms)
			DisableScriptedObjects (8ms)
			BackupInstance (0ms)
			ReleaseScriptingObjects (0ms)
			CreateAndSetChildDomain (80ms)
		LoadAllAssembliesAndSetupDomain (761ms)
			LoadAssemblies (382ms)
			RebuildTransferFunctionScriptingTraits (0ms)
			SetupTypeCache (454ms)
				TypeCache.Initialize (445ms)
					TypeCache.ScanAssembly (428ms)
				ResolveRequiredComponents (9ms)
		FinalizeReload (0ms)
			ReleaseScriptCaches (0ms)
			RebuildScriptCaches (0ms)
			SetupLoadedEditorAssemblies (667ms)
				LogAssemblyErrors (0ms)
				InitializePlatformSupportModulesInManaged (11ms)
				SetLoadedEditorAssemblies (6ms)
				RefreshPlugins (0ms)
				BeforeProcessingInitializeOnLoad (95ms)
				ProcessInitializeOnLoadAttributes (507ms)
				ProcessInitializeOnLoadMethodAttributes (36ms)
				AfterProcessingInitializeOnLoad (11ms)
				EditorAssembliesLoaded (0ms)
			ExecutionOrderSort2 (0ms)
			AwakeInstancesAfterBackupRestoration (16ms)
Refreshing native plugins compatible for Editor in 5.42 ms, found 3 plugins.
Preloading 0 native plugins for Editor in 0.00 ms.
Unloading 3119 Unused Serialized files (Serialized files now loaded: 0)
Unloading 20 unused Assets / (30.4 KB). Loaded Objects now: 3792.
Memory consumption went from 112.9 MB to 112.9 MB.
Total: 8.572400 ms (FindLiveObjects: 0.469500 ms CreateObjectMapping: 0.832400 ms MarkObjects: 6.835300 ms  DeleteObjects: 0.432600 ms)

Prepare: number of updated asset objects reloaded= 0
AssetImportParameters requested are different than current active one (requested -> active):
  custom:container-demuxer-ogg: 62fdf1f143b41e24485cea50d1cbac27 -> 
  custom:video-codec-MediaFoundation-h265: 746d11721c4dcdbdad8f713fa42b33f4 -> 
  custom:video-decoder-ogg-theora: a1e56fd34408186e4bbccfd4996cb3dc -> 
  custom:framework-win-MediaFoundation: 216162199b28c13a410421893ffa2e32 -> 
  custom:container-demuxer-webm: 4f35f7cbe854078d1ac9338744f61a02 -> 
  custom:container-muxer-webm: aa71ff27fc2769a1b78a27578f13a17b -> 
  custom:video-decoder-webm-vp8: 9c59270c3fd7afecdb556c50c9e8de78 -> 
  custom:AudioImporter_EditorPlatform: d09bf68614088b80899f8185d706f6e7 -> 
  custom:video-encoder-webm-vp8: eb34c28f22e8b96e1ab97ce403110664 -> 
  custom:audio-decoder-ogg-vorbis: bf7c407c2cedff20999df2af8eb42d56 -> 
  custom:audio-encoder-webm-vorbis: bf7c407c2cedff20999df2af8eb42d56 -> 
========================================================================
Received Prepare
Begin MonoManager ReloadAssembly
Symbol file LoadedFromMemory doesn't match image C:\Users\aleza\My project (1)\Library\PackageCache\com.unity.visualscripting@1.8.0\Editor\VisualScripting.Core\Dependencies\YamlDotNet\Unity.VisualScripting.YamlDotNet.dll
Symbol file LoadedFromMemory doesn't match image C:\Users\aleza\My project (1)\Library\PackageCache\com.unity.visualscripting@1.8.0\Editor\VisualScripting.Core\Dependencies\DotNetZip\Unity.VisualScripting.IonicZip.dll
- Loaded All Assemblies, in  0.839 seconds
Refreshing native plugins compatible for Editor in 2.96 ms, found 3 plugins.
Native extension for WindowsStandalone target not found
Mono: successfully reloaded assembly
- Finished resetting the current domain, in  0.851 seconds
Domain Reload Profiling:
	ReloadAssembly (278ms)
		BeginReloadAssembly (175ms)
			ExecutionOrderSort (0ms)
			DisableScriptedObjects (6ms)
			BackupInstance (0ms)
			ReleaseScriptingObjects (0ms)
			CreateAndSetChildDomain (46ms)
		LoadAllAssembliesAndSetupDomain (558ms)
			LoadAssemblies (317ms)
			RebuildTransferFunctionScriptingTraits (0ms)
			SetupTypeCache (325ms)
				TypeCache.Initialize (317ms)
					TypeCache.ScanAssembly (309ms)
				ResolveRequiredComponents (5ms)
		FinalizeReload (0ms)
			ReleaseScriptCaches (0ms)
			RebuildScriptCaches (0ms)
			SetupLoadedEditorAssemblies (373ms)
				LogAssemblyErrors (0ms)
				InitializePlatformSupportModulesInManaged (6ms)
				SetLoadedEditorAssemblies (3ms)
				RefreshPlugins (0ms)
				BeforeProcessingInitializeOnLoad (54ms)
				ProcessInitializeOnLoadAttributes (284ms)
				ProcessInitializeOnLoadMethodAttributes (19ms)
				AfterProcessingInitializeOnLoad (6ms)
				EditorAssembliesLoaded (0ms)
			ExecutionOrderSort2 (0ms)
			AwakeInstancesAfterBackupRestoration (8ms)
Refreshing native plugins compatible for Editor in 3.27 ms, found 3 plugins.
Preloading 0 native plugins for Editor in 0.00 ms.
Unloading 3119 Unused Serialized files (Serialized files now loaded: 0)
Unloading 20 unused Assets / (30.5 KB). Loaded Objects now: 3795.
Memory consumption went from 112.9 MB to 112.9 MB.
Total: 4.256300 ms (FindLiveObjects: 0.360300 ms CreateObjectMapping: 0.201000 ms MarkObjects: 3.649300 ms  DeleteObjects: 0.044600 ms)

Prepare: number of updated asset objects reloaded= 0
AssetImportParameters requested are different than current active one (requested -> active):
  custom:container-demuxer-ogg: 62fdf1f143b41e24485cea50d1cbac27 -> 
  custom:video-codec-MediaFoundation-h265: 746d11721c4dcdbdad8f713fa42b33f4 -> 
  custom:video-decoder-ogg-theora: a1e56fd34408186e4bbccfd4996cb3dc -> 
  custom:framework-win-MediaFoundation: 216162199b28c13a410421893ffa2e32 -> 
  custom:container-demuxer-webm: 4f35f7cbe854078d1ac9338744f61a02 -> 
  custom:container-muxer-webm: aa71ff27fc2769a1b78a27578f13a17b -> 
  custom:video-decoder-webm-vp8: 9c59270c3fd7afecdb556c50c9e8de78 -> 
  custom:AudioImporter_EditorPlatform: d09bf68614088b80899f8185d706f6e7 -> 
  custom:video-encoder-webm-vp8: eb34c28f22e8b96e1ab97ce403110664 -> 
  custom:audio-decoder-ogg-vorbis: bf7c407c2cedff20999df2af8eb42d56 -> 
  custom:audio-encoder-webm-vorbis: bf7c407c2cedff20999df2af8eb42d56 -> 
========================================================================
Received Prepare
Begin MonoManager ReloadAssembly
Symbol file LoadedFromMemory doesn't match image C:\Users\aleza\My project (1)\Library\PackageCache\com.unity.visualscripting@1.8.0\Editor\VisualScripting.Core\Dependencies\YamlDotNet\Unity.VisualScripting.YamlDotNet.dll
Symbol file LoadedFromMemory doesn't match image C:\Users\aleza\My project (1)\Library\PackageCache\com.unity.visualscripting@1.8.0\Editor\VisualScripting.Core\Dependencies\DotNetZip\Unity.VisualScripting.IonicZip.dll
- Loaded All Assemblies, in  1.003 seconds
Refreshing native plugins compatible for Editor in 4.58 ms, found 3 plugins.
Native extension for WindowsStandalone target not found
Mono: successfully reloaded assembly
- Finished resetting the current domain, in  0.875 seconds
Domain Reload Profiling:
	ReloadAssembly (323ms)
		BeginReloadAssembly (195ms)
			ExecutionOrderSort (0ms)
			DisableScriptedObjects (7ms)
			BackupInstance (0ms)
			ReleaseScriptingObjects (0ms)
			CreateAndSetChildDomain (58ms)
		LoadAllAssembliesAndSetupDomain (677ms)
			LoadAssemblies (334ms)
			RebuildTransferFunctionScriptingTraits (0ms)
			SetupTypeCache (433ms)
				TypeCache.Initialize (421ms)
					TypeCache.ScanAssembly (413ms)
				ResolveRequiredComponents (9ms)
		FinalizeReload (0ms)
			ReleaseScriptCaches (0ms)
			RebuildScriptCaches (0ms)
			SetupLoadedEditorAssemblies (370ms)
				LogAssemblyErrors (0ms)
				InitializePlatformSupportModulesInManaged (8ms)
				SetLoadedEditorAssemblies (4ms)
				RefreshPlugins (0ms)
				BeforeProcessingInitializeOnLoad (64ms)
				ProcessInitializeOnLoadAttributes (267ms)
				ProcessInitializeOnLoadMethodAttributes (20ms)
				AfterProcessingInitializeOnLoad (6ms)
				EditorAssembliesLoaded (0ms)
			ExecutionOrderSort2 (0ms)
			AwakeInstancesAfterBackupRestoration (10ms)
Refreshing native plugins compatible for Editor in 2.74 ms, found 3 plugins.
Preloading 0 native plugins for Editor in 0.00 ms.
Unloading 3119 Unused Serialized files (Serialized files now loaded: 0)
Unloading 20 unused Assets / (30.5 KB). Loaded Objects now: 3798.
Memory consumption went from 112.9 MB to 112.9 MB.
Total: 3.118800 ms (FindLiveObjects: 0.260700 ms CreateObjectMapping: 0.181600 ms MarkObjects: 2.633000 ms  DeleteObjects: 0.042700 ms)

Prepare: number of updated asset objects reloaded= 0
AssetImportParameters requested are different than current active one (requested -> active):
  custom:container-demuxer-ogg: 62fdf1f143b41e24485cea50d1cbac27 -> 
  custom:video-codec-MediaFoundation-h265: 746d11721c4dcdbdad8f713fa42b33f4 -> 
  custom:video-decoder-ogg-theora: a1e56fd34408186e4bbccfd4996cb3dc -> 
  custom:framework-win-MediaFoundation: 216162199b28c13a410421893ffa2e32 -> 
  custom:container-demuxer-webm: 4f35f7cbe854078d1ac9338744f61a02 -> 
  custom:container-muxer-webm: aa71ff27fc2769a1b78a27578f13a17b -> 
  custom:video-decoder-webm-vp8: 9c59270c3fd7afecdb556c50c9e8de78 -> 
  custom:AudioImporter_EditorPlatform: d09bf68614088b80899f8185d706f6e7 -> 
  custom:video-encoder-webm-vp8: eb34c28f22e8b96e1ab97ce403110664 -> 
  custom:audio-decoder-ogg-vorbis: bf7c407c2cedff20999df2af8eb42d56 -> 
  custom:audio-encoder-webm-vorbis: bf7c407c2cedff20999df2af8eb42d56 -> 
========================================================================
Received Prepare
Begin MonoManager ReloadAssembly
Symbol file LoadedFromMemory doesn't match image C:\Users\aleza\My project (1)\Library\PackageCache\com.unity.visualscripting@1.8.0\Editor\VisualScripting.Core\Dependencies\YamlDotNet\Unity.VisualScripting.YamlDotNet.dll
Symbol file LoadedFromMemory doesn't match image C:\Users\aleza\My project (1)\Library\PackageCache\com.unity.visualscripting@1.8.0\Editor\VisualScripting.Core\Dependencies\DotNetZip\Unity.VisualScripting.IonicZip.dll
- Loaded All Assemblies, in  0.776 seconds
Refreshing native plugins compatible for Editor in 4.50 ms, found 3 plugins.
Native extension for WindowsStandalone target not found
Mono: successfully reloaded assembly
- Finished resetting the current domain, in  1.235 seconds
Domain Reload Profiling:
	ReloadAssembly (235ms)
		BeginReloadAssembly (154ms)
			ExecutionOrderSort (0ms)
			DisableScriptedObjects (7ms)
			BackupInstance (0ms)
			ReleaseScriptingObjects (0ms)
			CreateAndSetChildDomain (46ms)
		LoadAllAssembliesAndSetupDomain (538ms)
			LoadAssemblies (278ms)
			RebuildTransferFunctionScriptingTraits (0ms)
			SetupTypeCache (320ms)
				TypeCache.Initialize (316ms)
					TypeCache.ScanAssembly (309ms)
				ResolveRequiredComponents (4ms)
		FinalizeReload (0ms)
			ReleaseScriptCaches (0ms)
			RebuildScriptCaches (0ms)
			SetupLoadedEditorAssemblies (558ms)
				LogAssemblyErrors (0ms)
				InitializePlatformSupportModulesInManaged (9ms)
				SetLoadedEditorAssemblies (6ms)
				RefreshPlugins (0ms)
				BeforeProcessingInitializeOnLoad (84ms)
				ProcessInitializeOnLoadAttributes (414ms)
				ProcessInitializeOnLoadMethodAttributes (34ms)
				AfterProcessingInitializeOnLoad (10ms)
				EditorAssembliesLoaded (0ms)
			ExecutionOrderSort2 (0ms)
			AwakeInstancesAfterBackupRestoration (13ms)
Refreshing native plugins compatible for Editor in 4.10 ms, found 3 plugins.
Preloading 0 native plugins for Editor in 0.00 ms.
Unloading 3119 Unused Serialized files (Serialized files now loaded: 0)
Unloading 20 unused Assets / (30.4 KB). Loaded Objects now: 3801.
Memory consumption went from 112.9 MB to 112.9 MB.
Total: 4.629500 ms (FindLiveObjects: 0.404600 ms CreateObjectMapping: 0.498000 ms MarkObjects: 3.675300 ms  DeleteObjects: 0.050500 ms)

Prepare: number of updated asset objects reloaded= 0
AssetImportParameters requested are different than current active one (requested -> active):
  custom:container-demuxer-ogg: 62fdf1f143b41e24485cea50d1cbac27 -> 
  custom:video-codec-MediaFoundation-h265: 746d11721c4dcdbdad8f713fa42b33f4 -> 
  custom:video-decoder-ogg-theora: a1e56fd34408186e4bbccfd4996cb3dc -> 
  custom:framework-win-MediaFoundation: 216162199b28c13a410421893ffa2e32 -> 
  custom:container-demuxer-webm: 4f35f7cbe854078d1ac9338744f61a02 -> 
  custom:container-muxer-webm: aa71ff27fc2769a1b78a27578f13a17b -> 
  custom:video-decoder-webm-vp8: 9c59270c3fd7afecdb556c50c9e8de78 -> 
  custom:AudioImporter_EditorPlatform: d09bf68614088b80899f8185d706f6e7 -> 
  custom:video-encoder-webm-vp8: eb34c28f22e8b96e1ab97ce403110664 -> 
  custom:audio-decoder-ogg-vorbis: bf7c407c2cedff20999df2af8eb42d56 -> 
  custom:audio-encoder-webm-vorbis: bf7c407c2cedff20999df2af8eb42d56 -> 
========================================================================
Received Prepare
Begin MonoManager ReloadAssembly
Symbol file LoadedFromMemory doesn't match image C:\Users\aleza\My project (1)\Library\PackageCache\com.unity.visualscripting@1.8.0\Editor\VisualScripting.Core\Dependencies\YamlDotNet\Unity.VisualScripting.YamlDotNet.dll
Symbol file LoadedFromMemory doesn't match image C:\Users\aleza\My project (1)\Library\PackageCache\com.unity.visualscripting@1.8.0\Editor\VisualScripting.Core\Dependencies\DotNetZip\Unity.VisualScripting.IonicZip.dll
- Loaded All Assemblies, in  1.011 seconds
Refreshing native plugins compatible for Editor in 4.87 ms, found 3 plugins.
Native extension for WindowsStandalone target not found
Mono: successfully reloaded assembly
- Finished resetting the current domain, in  0.948 seconds
Domain Reload Profiling:
	ReloadAssembly (295ms)
		BeginReloadAssembly (197ms)
			ExecutionOrderSort (0ms)
			DisableScriptedObjects (7ms)
			BackupInstance (0ms)
			ReleaseScriptingObjects (0ms)
			CreateAndSetChildDomain (54ms)
		LoadAllAssembliesAndSetupDomain (714ms)
			LoadAssemblies (342ms)
			RebuildTransferFunctionScriptingTraits (0ms)
			SetupTypeCache (460ms)
				TypeCache.Initialize (453ms)
					TypeCache.ScanAssembly (446ms)
				ResolveRequiredComponents (5ms)
		FinalizeReload (0ms)
			ReleaseScriptCaches (0ms)
			RebuildScriptCaches (0ms)
			SetupLoadedEditorAssemblies (413ms)
				LogAssemblyErrors (0ms)
				InitializePlatformSupportModulesInManaged (8ms)
				SetLoadedEditorAssemblies (4ms)
				RefreshPlugins (0ms)
				BeforeProcessingInitializeOnLoad (79ms)
				ProcessInitializeOnLoadAttributes (296ms)
				ProcessInitializeOnLoadMethodAttributes (19ms)
				AfterProcessingInitializeOnLoad (7ms)
				EditorAssembliesLoaded (0ms)
			ExecutionOrderSort2 (0ms)
			AwakeInstancesAfterBackupRestoration (8ms)
Refreshing native plugins compatible for Editor in 2.86 ms, found 3 plugins.
Preloading 0 native plugins for Editor in 0.00 ms.
Unloading 3119 Unused Serialized files (Serialized files now loaded: 0)
Unloading 20 unused Assets / (30.5 KB). Loaded Objects now: 3804.
Memory consumption went from 112.9 MB to 112.9 MB.
Total: 2.834600 ms (FindLiveObjects: 0.267700 ms CreateObjectMapping: 0.233100 ms MarkObjects: 2.273400 ms  DeleteObjects: 0.059500 ms)

Prepare: number of updated asset objects reloaded= 0
AssetImportParameters requested are different than current active one (requested -> active):
  custom:container-demuxer-ogg: 62fdf1f143b41e24485cea50d1cbac27 -> 
  custom:video-codec-MediaFoundation-h265: 746d11721c4dcdbdad8f713fa42b33f4 -> 
  custom:video-decoder-ogg-theora: a1e56fd34408186e4bbccfd4996cb3dc -> 
  custom:framework-win-MediaFoundation: 216162199b28c13a410421893ffa2e32 -> 
  custom:container-demuxer-webm: 4f35f7cbe854078d1ac9338744f61a02 -> 
  custom:container-muxer-webm: aa71ff27fc2769a1b78a27578f13a17b -> 
  custom:video-decoder-webm-vp8: 9c59270c3fd7afecdb556c50c9e8de78 -> 
  custom:AudioImporter_EditorPlatform: d09bf68614088b80899f8185d706f6e7 -> 
  custom:video-encoder-webm-vp8: eb34c28f22e8b96e1ab97ce403110664 -> 
  custom:audio-decoder-ogg-vorbis: bf7c407c2cedff20999df2af8eb42d56 -> 
  custom:audio-encoder-webm-vorbis: bf7c407c2cedff20999df2af8eb42d56 -> 
========================================================================
Received Prepare
Begin MonoManager ReloadAssembly
Symbol file LoadedFromMemory doesn't match image C:\Users\aleza\My project (1)\Library\PackageCache\com.unity.visualscripting@1.8.0\Editor\VisualScripting.Core\Dependencies\YamlDotNet\Unity.VisualScripting.YamlDotNet.dll
Symbol file LoadedFromMemory doesn't match image C:\Users\aleza\My project (1)\Library\PackageCache\com.unity.visualscripting@1.8.0\Editor\VisualScripting.Core\Dependencies\DotNetZip\Unity.VisualScripting.IonicZip.dll
- Loaded All Assemblies, in  1.225 seconds
Refreshing native plugins compatible for Editor in 4.91 ms, found 3 plugins.
Native extension for WindowsStandalone target not found
Mono: successfully reloaded assembly
- Finished resetting the current domain, in  1.760 seconds
Domain Reload Profiling:
	ReloadAssembly (272ms)
		BeginReloadAssembly (172ms)
			ExecutionOrderSort (0ms)
			DisableScriptedObjects (9ms)
			BackupInstance (0ms)
			ReleaseScriptingObjects (0ms)
			CreateAndSetChildDomain (51ms)
		LoadAllAssembliesAndSetupDomain (951ms)
			LoadAssemblies (364ms)
			RebuildTransferFunctionScriptingTraits (0ms)
			SetupTypeCache (657ms)
				TypeCache.Initialize (641ms)
					TypeCache.ScanAssembly (630ms)
				ResolveRequiredComponents (16ms)
		FinalizeReload (0ms)
			ReleaseScriptCaches (0ms)
			RebuildScriptCaches (0ms)
			SetupLoadedEditorAssemblies (797ms)
				LogAssemblyErrors (0ms)
				InitializePlatformSupportModulesInManaged (15ms)
				SetLoadedEditorAssemblies (4ms)
				RefreshPlugins (0ms)
				BeforeProcessingInitializeOnLoad (115ms)
				ProcessInitializeOnLoadAttributes (590ms)
				ProcessInitializeOnLoadMethodAttributes (54ms)
				AfterProcessingInitializeOnLoad (19ms)
				EditorAssembliesLoaded (0ms)
			ExecutionOrderSort2 (0ms)
			AwakeInstancesAfterBackupRestoration (14ms)
Refreshing native plugins compatible for Editor in 24.80 ms, found 3 plugins.
Preloading 0 native plugins for Editor in 0.00 ms.
Unloading 3119 Unused Serialized files (Serialized files now loaded: 0)
Unloading 20 unused Assets / (30.5 KB). Loaded Objects now: 3807.
Memory consumption went from 112.9 MB to 112.9 MB.
Total: 14.255400 ms (FindLiveObjects: 2.498600 ms CreateObjectMapping: 5.942900 ms MarkObjects: 5.615300 ms  DeleteObjects: 0.194500 ms)

Prepare: number of updated asset objects reloaded= 0
AssetImportParameters requested are different than current active one (requested -> active):
  custom:container-demuxer-ogg: 62fdf1f143b41e24485cea50d1cbac27 -> 
  custom:video-codec-MediaFoundation-h265: 746d11721c4dcdbdad8f713fa42b33f4 -> 
  custom:video-decoder-ogg-theora: a1e56fd34408186e4bbccfd4996cb3dc -> 
  custom:framework-win-MediaFoundation: 216162199b28c13a410421893ffa2e32 -> 
  custom:container-demuxer-webm: 4f35f7cbe854078d1ac9338744f61a02 -> 
  custom:container-muxer-webm: aa71ff27fc2769a1b78a27578f13a17b -> 
  custom:video-decoder-webm-vp8: 9c59270c3fd7afecdb556c50c9e8de78 -> 
  custom:AudioImporter_EditorPlatform: d09bf68614088b80899f8185d706f6e7 -> 
  custom:video-encoder-webm-vp8: eb34c28f22e8b96e1ab97ce403110664 -> 
  custom:audio-decoder-ogg-vorbis: bf7c407c2cedff20999df2af8eb42d56 -> 
  custom:audio-encoder-webm-vorbis: bf7c407c2cedff20999df2af8eb42d56 -> 
========================================================================
Received Prepare
Begin MonoManager ReloadAssembly
Symbol file LoadedFromMemory doesn't match image C:\Users\aleza\My project (1)\Library\PackageCache\com.unity.visualscripting@1.8.0\Editor\VisualScripting.Core\Dependencies\YamlDotNet\Unity.VisualScripting.YamlDotNet.dll
Symbol file LoadedFromMemory doesn't match image C:\Users\aleza\My project (1)\Library\PackageCache\com.unity.visualscripting@1.8.0\Editor\VisualScripting.Core\Dependencies\DotNetZip\Unity.VisualScripting.IonicZip.dll
- Loaded All Assemblies, in  0.947 seconds
Refreshing native plugins compatible for Editor in 4.16 ms, found 3 plugins.
Native extension for WindowsStandalone target not found
Mono: successfully reloaded assembly
- Finished resetting the current domain, in  2.004 seconds
Domain Reload Profiling:
	ReloadAssembly (280ms)
		BeginReloadAssembly (183ms)
			ExecutionOrderSort (0ms)
			DisableScriptedObjects (6ms)
			BackupInstance (0ms)
			ReleaseScriptingObjects (0ms)
			CreateAndSetChildDomain (51ms)
		LoadAllAssembliesAndSetupDomain (663ms)
			LoadAssemblies (338ms)
			RebuildTransferFunctionScriptingTraits (0ms)
			SetupTypeCache (408ms)
				TypeCache.Initialize (403ms)
					TypeCache.ScanAssembly (398ms)
				ResolveRequiredComponents (4ms)
		FinalizeReload (0ms)
			ReleaseScriptCaches (0ms)
			RebuildScriptCaches (0ms)
			SetupLoadedEditorAssemblies (905ms)
				LogAssemblyErrors (0ms)
				InitializePlatformSupportModulesInManaged (19ms)
				SetLoadedEditorAssemblies (5ms)
				RefreshPlugins (0ms)
				BeforeProcessingInitializeOnLoad (138ms)
				ProcessInitializeOnLoadAttributes (670ms)
				ProcessInitializeOnLoadMethodAttributes (48ms)
				AfterProcessingInitializeOnLoad (24ms)
				EditorAssembliesLoaded (0ms)
			ExecutionOrderSort2 (0ms)
			AwakeInstancesAfterBackupRestoration (14ms)
Refreshing native plugins compatible for Editor in 8.60 ms, found 3 plugins.
Preloading 0 native plugins for Editor in 0.00 ms.
Unloading 3119 Unused Serialized files (Serialized files now loaded: 0)
Unloading 20 unused Assets / (30.6 KB). Loaded Objects now: 3810.
Memory consumption went from 112.9 MB to 112.9 MB.
Total: 14.407500 ms (FindLiveObjects: 3.933600 ms CreateObjectMapping: 1.470400 ms MarkObjects: 8.838400 ms  DeleteObjects: 0.162300 ms)

Prepare: number of updated asset objects reloaded= 0
AssetImportParameters requested are different than current active one (requested -> active):
  custom:container-demuxer-ogg: 62fdf1f143b41e24485cea50d1cbac27 -> 
  custom:video-codec-MediaFoundation-h265: 746d11721c4dcdbdad8f713fa42b33f4 -> 
  custom:video-decoder-ogg-theora: a1e56fd34408186e4bbccfd4996cb3dc -> 
  custom:framework-win-MediaFoundation: 216162199b28c13a410421893ffa2e32 -> 
  custom:container-demuxer-webm: 4f35f7cbe854078d1ac9338744f61a02 -> 
  custom:container-muxer-webm: aa71ff27fc2769a1b78a27578f13a17b -> 
  custom:video-decoder-webm-vp8: 9c59270c3fd7afecdb556c50c9e8de78 -> 
  custom:AudioImporter_EditorPlatform: d09bf68614088b80899f8185d706f6e7 -> 
  custom:video-encoder-webm-vp8: eb34c28f22e8b96e1ab97ce403110664 -> 
  custom:audio-decoder-ogg-vorbis: bf7c407c2cedff20999df2af8eb42d56 -> 
  custom:audio-encoder-webm-vorbis: bf7c407c2cedff20999df2af8eb42d56 -> 
========================================================================
Received Prepare
Begin MonoManager ReloadAssembly
Symbol file LoadedFromMemory doesn't match image C:\Users\aleza\My project (1)\Library\PackageCache\com.unity.visualscripting@1.8.0\Editor\VisualScripting.Core\Dependencies\YamlDotNet\Unity.VisualScripting.YamlDotNet.dll
Symbol file LoadedFromMemory doesn't match image C:\Users\aleza\My project (1)\Library\PackageCache\com.unity.visualscripting@1.8.0\Editor\VisualScripting.Core\Dependencies\DotNetZip\Unity.VisualScripting.IonicZip.dll
- Loaded All Assemblies, in  0.806 seconds
Refreshing native plugins compatible for Editor in 4.16 ms, found 3 plugins.
Native extension for WindowsStandalone target not found
Mono: successfully reloaded assembly
- Finished resetting the current domain, in  0.870 seconds
Domain Reload Profiling:
	ReloadAssembly (267ms)
		BeginReloadAssembly (174ms)
			ExecutionOrderSort (0ms)
			DisableScriptedObjects (5ms)
			BackupInstance (0ms)
			ReleaseScriptingObjects (0ms)
			CreateAndSetChildDomain (45ms)
		LoadAllAssembliesAndSetupDomain (536ms)
			LoadAssemblies (296ms)
			RebuildTransferFunctionScriptingTraits (0ms)
			SetupTypeCache (324ms)
				TypeCache.Initialize (317ms)
					TypeCache.ScanAssembly (309ms)
				ResolveRequiredComponents (5ms)
		FinalizeReload (0ms)
			ReleaseScriptCaches (0ms)
			RebuildScriptCaches (0ms)
			SetupLoadedEditorAssemblies (370ms)
				LogAssemblyErrors (0ms)
				InitializePlatformSupportModulesInManaged (5ms)
				SetLoadedEditorAssemblies (3ms)
				RefreshPlugins (0ms)
				BeforeProcessingInitializeOnLoad (60ms)
				ProcessInitializeOnLoadAttributes (276ms)
				ProcessInitializeOnLoadMethodAttributes (19ms)
				AfterProcessingInitializeOnLoad (6ms)
				EditorAssembliesLoaded (0ms)
			ExecutionOrderSort2 (0ms)
			AwakeInstancesAfterBackupRestoration (9ms)
Refreshing native plugins compatible for Editor in 6.64 ms, found 3 plugins.
Preloading 0 native plugins for Editor in 0.00 ms.
Unloading 3119 Unused Serialized files (Serialized files now loaded: 0)
Unloading 20 unused Assets / (30.4 KB). Loaded Objects now: 3813.
Memory consumption went from 112.9 MB to 112.9 MB.
Total: 6.553500 ms (FindLiveObjects: 0.555200 ms CreateObjectMapping: 0.420300 ms MarkObjects: 5.478700 ms  DeleteObjects: 0.096800 ms)

Prepare: number of updated asset objects reloaded= 0
AssetImportParameters requested are different than current active one (requested -> active):
  custom:container-demuxer-ogg: 62fdf1f143b41e24485cea50d1cbac27 -> 
  custom:video-codec-MediaFoundation-h265: 746d11721c4dcdbdad8f713fa42b33f4 -> 
  custom:video-decoder-ogg-theora: a1e56fd34408186e4bbccfd4996cb3dc -> 
  custom:framework-win-MediaFoundation: 216162199b28c13a410421893ffa2e32 -> 
  custom:container-demuxer-webm: 4f35f7cbe854078d1ac9338744f61a02 -> 
  custom:container-muxer-webm: aa71ff27fc2769a1b78a27578f13a17b -> 
  custom:video-decoder-webm-vp8: 9c59270c3fd7afecdb556c50c9e8de78 -> 
  custom:AudioImporter_EditorPlatform: d09bf68614088b80899f8185d706f6e7 -> 
  custom:video-encoder-webm-vp8: eb34c28f22e8b96e1ab97ce403110664 -> 
  custom:audio-decoder-ogg-vorbis: bf7c407c2cedff20999df2af8eb42d56 -> 
  custom:audio-encoder-webm-vorbis: bf7c407c2cedff20999df2af8eb42d56 -> 
========================================================================
Received Prepare
Begin MonoManager ReloadAssembly
Symbol file LoadedFromMemory doesn't match image C:\Users\aleza\My project (1)\Library\PackageCache\com.unity.visualscripting@1.8.0\Editor\VisualScripting.Core\Dependencies\YamlDotNet\Unity.VisualScripting.YamlDotNet.dll
Symbol file LoadedFromMemory doesn't match image C:\Users\aleza\My project (1)\Library\PackageCache\com.unity.visualscripting@1.8.0\Editor\VisualScripting.Core\Dependencies\DotNetZip\Unity.VisualScripting.IonicZip.dll
- Loaded All Assemblies, in  0.796 seconds
Refreshing native plugins compatible for Editor in 3.10 ms, found 3 plugins.
Native extension for WindowsStandalone target not found
Mono: successfully reloaded assembly
- Finished resetting the current domain, in  1.189 seconds
Domain Reload Profiling:
	ReloadAssembly (239ms)
		BeginReloadAssembly (150ms)
			ExecutionOrderSort (0ms)
			DisableScriptedObjects (5ms)
			BackupInstance (0ms)
			ReleaseScriptingObjects (0ms)
			CreateAndSetChildDomain (41ms)
		LoadAllAssembliesAndSetupDomain (555ms)
			LoadAssemblies (277ms)
			RebuildTransferFunctionScriptingTraits (0ms)
			SetupTypeCache (343ms)
				TypeCache.Initialize (339ms)
					TypeCache.ScanAssembly (333ms)
				ResolveRequiredComponents (4ms)
		FinalizeReload (0ms)
			ReleaseScriptCaches (0ms)
			RebuildScriptCaches (0ms)
			SetupLoadedEditorAssemblies (569ms)
				LogAssemblyErrors (0ms)
				InitializePlatformSupportModulesInManaged (9ms)
				SetLoadedEditorAssemblies (6ms)
				RefreshPlugins (0ms)
				BeforeProcessingInitializeOnLoad (91ms)
				ProcessInitializeOnLoadAttributes (420ms)
				ProcessInitializeOnLoadMethodAttributes (32ms)
				AfterProcessingInitializeOnLoad (11ms)
				EditorAssembliesLoaded (0ms)
			ExecutionOrderSort2 (0ms)
			AwakeInstancesAfterBackupRestoration (12ms)
Refreshing native plugins compatible for Editor in 5.03 ms, found 3 plugins.
Preloading 0 native plugins for Editor in 0.00 ms.
Unloading 3119 Unused Serialized files (Serialized files now loaded: 0)
Unloading 20 unused Assets / (30.4 KB). Loaded Objects now: 3816.
Memory consumption went from 112.9 MB to 112.9 MB.
Total: 5.428200 ms (FindLiveObjects: 0.481800 ms CreateObjectMapping: 0.418100 ms MarkObjects: 4.463100 ms  DeleteObjects: 0.063600 ms)

Prepare: number of updated asset objects reloaded= 0
AssetImportParameters requested are different than current active one (requested -> active):
  custom:container-demuxer-ogg: 62fdf1f143b41e24485cea50d1cbac27 -> 
  custom:video-codec-MediaFoundation-h265: 746d11721c4dcdbdad8f713fa42b33f4 -> 
  custom:video-decoder-ogg-theora: a1e56fd34408186e4bbccfd4996cb3dc -> 
  custom:framework-win-MediaFoundation: 216162199b28c13a410421893ffa2e32 -> 
  custom:container-demuxer-webm: 4f35f7cbe854078d1ac9338744f61a02 -> 
  custom:container-muxer-webm: aa71ff27fc2769a1b78a27578f13a17b -> 
  custom:video-decoder-webm-vp8: 9c59270c3fd7afecdb556c50c9e8de78 -> 
  custom:AudioImporter_EditorPlatform: d09bf68614088b80899f8185d706f6e7 -> 
  custom:video-encoder-webm-vp8: eb34c28f22e8b96e1ab97ce403110664 -> 
  custom:audio-decoder-ogg-vorbis: bf7c407c2cedff20999df2af8eb42d56 -> 
  custom:audio-encoder-webm-vorbis: bf7c407c2cedff20999df2af8eb42d56 -> 
========================================================================
Received Prepare
Begin MonoManager ReloadAssembly
Symbol file LoadedFromMemory doesn't match image C:\Users\aleza\My project (1)\Library\PackageCache\com.unity.visualscripting@1.8.0\Editor\VisualScripting.Core\Dependencies\YamlDotNet\Unity.VisualScripting.YamlDotNet.dll
Symbol file LoadedFromMemory doesn't match image C:\Users\aleza\My project (1)\Library\PackageCache\com.unity.visualscripting@1.8.0\Editor\VisualScripting.Core\Dependencies\DotNetZip\Unity.VisualScripting.IonicZip.dll
- Loaded All Assemblies, in  0.807 seconds
Refreshing native plugins compatible for Editor in 3.13 ms, found 3 plugins.
Native extension for WindowsStandalone target not found
Mono: successfully reloaded assembly
- Finished resetting the current domain, in  1.222 seconds
Domain Reload Profiling:
	ReloadAssembly (254ms)
		BeginReloadAssembly (166ms)
			ExecutionOrderSort (0ms)
			DisableScriptedObjects (6ms)
			BackupInstance (0ms)
			ReleaseScriptingObjects (0ms)
			CreateAndSetChildDomain (44ms)
		LoadAllAssembliesAndSetupDomain (550ms)
			LoadAssemblies (291ms)
			RebuildTransferFunctionScriptingTraits (0ms)
			SetupTypeCache (334ms)
				TypeCache.Initialize (330ms)
					TypeCache.ScanAssembly (324ms)
				ResolveRequiredComponents (4ms)
		FinalizeReload (0ms)
			ReleaseScriptCaches (0ms)
			RebuildScriptCaches (0ms)
			SetupLoadedEditorAssemblies (579ms)
				LogAssemblyErrors (0ms)
				InitializePlatformSupportModulesInManaged (10ms)
				SetLoadedEditorAssemblies (4ms)
				RefreshPlugins (0ms)
				BeforeProcessingInitializeOnLoad (94ms)
				ProcessInitializeOnLoadAttributes (428ms)
				ProcessInitializeOnLoadMethodAttributes (34ms)
				AfterProcessingInitializeOnLoad (10ms)
				EditorAssembliesLoaded (0ms)
			ExecutionOrderSort2 (0ms)
			AwakeInstancesAfterBackupRestoration (12ms)
Refreshing native plugins compatible for Editor in 3.74 ms, found 3 plugins.
Preloading 0 native plugins for Editor in 0.00 ms.
Unloading 3119 Unused Serialized files (Serialized files now loaded: 0)
Unloading 20 unused Assets / (30.4 KB). Loaded Objects now: 3819.
Memory consumption went from 113.0 MB to 112.9 MB.
Total: 4.901800 ms (FindLiveObjects: 0.745900 ms CreateObjectMapping: 0.266100 ms MarkObjects: 3.683100 ms  DeleteObjects: 0.204700 ms)

Prepare: number of updated asset objects reloaded= 0
AssetImportParameters requested are different than current active one (requested -> active):
  custom:container-demuxer-ogg: 62fdf1f143b41e24485cea50d1cbac27 -> 
  custom:video-codec-MediaFoundation-h265: 746d11721c4dcdbdad8f713fa42b33f4 -> 
  custom:video-decoder-ogg-theora: a1e56fd34408186e4bbccfd4996cb3dc -> 
  custom:framework-win-MediaFoundation: 216162199b28c13a410421893ffa2e32 -> 
  custom:container-demuxer-webm: 4f35f7cbe854078d1ac9338744f61a02 -> 
  custom:container-muxer-webm: aa71ff27fc2769a1b78a27578f13a17b -> 
  custom:video-decoder-webm-vp8: 9c59270c3fd7afecdb556c50c9e8de78 -> 
  custom:AudioImporter_EditorPlatform: d09bf68614088b80899f8185d706f6e7 -> 
  custom:video-encoder-webm-vp8: eb34c28f22e8b96e1ab97ce403110664 -> 
  custom:audio-decoder-ogg-vorbis: bf7c407c2cedff20999df2af8eb42d56 -> 
  custom:audio-encoder-webm-vorbis: bf7c407c2cedff20999df2af8eb42d56 -> 
========================================================================
Received Import Request.
  Time since last request: 2384.242269 seconds.
  path: ProjectSettings/TagManager.asset
  artifactKey: Guid(00000000000000003000000000000000) Importer(815301076,1909f56bfc062723c751e8b465ee728b)
Start importing ProjectSettings/TagManager.asset using Guid(00000000000000003000000000000000) Importer(815301076,1909f56bfc062723c751e8b465ee728b)  -> (artifact id: '6b9326e97e2461385864aa44f9e28ada') in 0.016848 seconds
Number of updated asset objects reloaded before import = 0
Number of asset objects unloaded after import = 0
========================================================================
Received Prepare
Begin MonoManager ReloadAssembly
Symbol file LoadedFromMemory doesn't match image C:\Users\aleza\My project (1)\Library\PackageCache\com.unity.visualscripting@1.8.0\Editor\VisualScripting.Core\Dependencies\YamlDotNet\Unity.VisualScripting.YamlDotNet.dll
Symbol file LoadedFromMemory doesn't match image C:\Users\aleza\My project (1)\Library\PackageCache\com.unity.visualscripting@1.8.0\Editor\VisualScripting.Core\Dependencies\DotNetZip\Unity.VisualScripting.IonicZip.dll
- Loaded All Assemblies, in  1.011 seconds
Refreshing native plugins compatible for Editor in 3.91 ms, found 3 plugins.
Native extension for WindowsStandalone target not found
Mono: successfully reloaded assembly
- Finished resetting the current domain, in  0.799 seconds
Domain Reload Profiling:
	ReloadAssembly (319ms)
		BeginReloadAssembly (205ms)
			ExecutionOrderSort (0ms)
			DisableScriptedObjects (7ms)
			BackupInstance (0ms)
			ReleaseScriptingObjects (0ms)
			CreateAndSetChildDomain (59ms)
		LoadAllAssembliesAndSetupDomain (687ms)
			LoadAssemblies (353ms)
			RebuildTransferFunctionScriptingTraits (0ms)
			SetupTypeCache (421ms)
				TypeCache.Initialize (414ms)
					TypeCache.ScanAssembly (407ms)
				ResolveRequiredComponents (4ms)
		FinalizeReload (0ms)
			ReleaseScriptCaches (0ms)
			RebuildScriptCaches (0ms)
			SetupLoadedEditorAssemblies (371ms)
				LogAssemblyErrors (0ms)
				InitializePlatformSupportModulesInManaged (5ms)
				SetLoadedEditorAssemblies (4ms)
				RefreshPlugins (0ms)
				BeforeProcessingInitializeOnLoad (63ms)
				ProcessInitializeOnLoadAttributes (273ms)
				ProcessInitializeOnLoadMethodAttributes (20ms)
				AfterProcessingInitializeOnLoad (6ms)
				EditorAssembliesLoaded (0ms)
			ExecutionOrderSort2 (0ms)
			AwakeInstancesAfterBackupRestoration (8ms)
Refreshing native plugins compatible for Editor in 3.11 ms, found 3 plugins.
Preloading 0 native plugins for Editor in 0.00 ms.
Unloading 3118 Unused Serialized files (Serialized files now loaded: 0)
Unloading 20 unused Assets / (30.4 KB). Loaded Objects now: 3822.
Memory consumption went from 112.7 MB to 112.7 MB.
Total: 2.851100 ms (FindLiveObjects: 0.265400 ms CreateObjectMapping: 0.195200 ms MarkObjects: 2.351200 ms  DeleteObjects: 0.038500 ms)

Prepare: number of updated asset objects reloaded= 0
AssetImportParameters requested are different than current active one (requested -> active):
  custom:container-demuxer-ogg: 62fdf1f143b41e24485cea50d1cbac27 -> 
  custom:video-codec-MediaFoundation-h265: 746d11721c4dcdbdad8f713fa42b33f4 -> 
  custom:video-decoder-ogg-theora: a1e56fd34408186e4bbccfd4996cb3dc -> 
  custom:framework-win-MediaFoundation: 216162199b28c13a410421893ffa2e32 -> 
  custom:container-demuxer-webm: 4f35f7cbe854078d1ac9338744f61a02 -> 
  custom:container-muxer-webm: aa71ff27fc2769a1b78a27578f13a17b -> 
  custom:video-decoder-webm-vp8: 9c59270c3fd7afecdb556c50c9e8de78 -> 
  custom:AudioImporter_EditorPlatform: d09bf68614088b80899f8185d706f6e7 -> 
  custom:video-encoder-webm-vp8: eb34c28f22e8b96e1ab97ce403110664 -> 
  custom:audio-decoder-ogg-vorbis: bf7c407c2cedff20999df2af8eb42d56 -> 
  custom:audio-encoder-webm-vorbis: bf7c407c2cedff20999df2af8eb42d56 -> 
========================================================================
Received Import Request.
  Time since last request: 456.387883 seconds.
  path: Assets/Prefabs/bala.prefab
  artifactKey: Guid(0295a8eba3e21574b9385de076b64668) Importer(815301076,1909f56bfc062723c751e8b465ee728b)
Start importing Assets/Prefabs/bala.prefab using Guid(0295a8eba3e21574b9385de076b64668) Importer(815301076,1909f56bfc062723c751e8b465ee728b)  -> (artifact id: 'f20df98af07b2376830c5f875e6a5832') in 0.130247 seconds
Number of updated asset objects reloaded before import = 0
Number of asset objects unloaded after import = 9
========================================================================
Received Prepare
Begin MonoManager ReloadAssembly
Symbol file LoadedFromMemory doesn't match image C:\Users\aleza\My project (1)\Library\PackageCache\com.unity.visualscripting@1.8.0\Editor\VisualScripting.Core\Dependencies\YamlDotNet\Unity.VisualScripting.YamlDotNet.dll
Symbol file LoadedFromMemory doesn't match image C:\Users\aleza\My project (1)\Library\PackageCache\com.unity.visualscripting@1.8.0\Editor\VisualScripting.Core\Dependencies\DotNetZip\Unity.VisualScripting.IonicZip.dll
- Loaded All Assemblies, in  0.877 seconds
Refreshing native plugins compatible for Editor in 3.01 ms, found 3 plugins.
Native extension for WindowsStandalone target not found
Mono: successfully reloaded assembly
- Finished resetting the current domain, in  1.273 seconds
Domain Reload Profiling:
	ReloadAssembly (269ms)
		BeginReloadAssembly (169ms)
			ExecutionOrderSort (0ms)
			DisableScriptedObjects (5ms)
			BackupInstance (0ms)
			ReleaseScriptingObjects (0ms)
			CreateAndSetChildDomain (51ms)
		LoadAllAssembliesAndSetupDomain (604ms)
			LoadAssemblies (340ms)
			RebuildTransferFunctionScriptingTraits (0ms)
			SetupTypeCache (333ms)
				TypeCache.Initialize (324ms)
					TypeCache.ScanAssembly (316ms)
				ResolveRequiredComponents (6ms)
		FinalizeReload (0ms)
			ReleaseScriptCaches (0ms)
			RebuildScriptCaches (0ms)
			SetupLoadedEditorAssemblies (541ms)
				LogAssemblyErrors (0ms)
				InitializePlatformSupportModulesInManaged (8ms)
				SetLoadedEditorAssemblies (4ms)
				RefreshPlugins (0ms)
				BeforeProcessingInitializeOnLoad (86ms)
				ProcessInitializeOnLoadAttributes (405ms)
				ProcessInitializeOnLoadMethodAttributes (27ms)
				AfterProcessingInitializeOnLoad (10ms)
				EditorAssembliesLoaded (0ms)
			ExecutionOrderSort2 (0ms)
			AwakeInstancesAfterBackupRestoration (13ms)
Refreshing native plugins compatible for Editor in 5.52 ms, found 3 plugins.
Preloading 0 native plugins for Editor in 0.00 ms.
Unloading 3118 Unused Serialized files (Serialized files now loaded: 0)
Unloading 20 unused Assets / (30.5 KB). Loaded Objects now: 3825.
Memory consumption went from 112.7 MB to 112.7 MB.
Total: 4.914100 ms (FindLiveObjects: 0.337900 ms CreateObjectMapping: 0.274600 ms MarkObjects: 4.236200 ms  DeleteObjects: 0.064300 ms)

Prepare: number of updated asset objects reloaded= 0
AssetImportParameters requested are different than current active one (requested -> active):
  custom:container-demuxer-ogg: 62fdf1f143b41e24485cea50d1cbac27 -> 
  custom:video-codec-MediaFoundation-h265: 746d11721c4dcdbdad8f713fa42b33f4 -> 
  custom:video-decoder-ogg-theora: a1e56fd34408186e4bbccfd4996cb3dc -> 
  custom:framework-win-MediaFoundation: 216162199b28c13a410421893ffa2e32 -> 
  custom:container-demuxer-webm: 4f35f7cbe854078d1ac9338744f61a02 -> 
  custom:container-muxer-webm: aa71ff27fc2769a1b78a27578f13a17b -> 
  custom:video-decoder-webm-vp8: 9c59270c3fd7afecdb556c50c9e8de78 -> 
  custom:AudioImporter_EditorPlatform: d09bf68614088b80899f8185d706f6e7 -> 
  custom:video-encoder-webm-vp8: eb34c28f22e8b96e1ab97ce403110664 -> 
  custom:audio-decoder-ogg-vorbis: bf7c407c2cedff20999df2af8eb42d56 -> 
  custom:audio-encoder-webm-vorbis: bf7c407c2cedff20999df2af8eb42d56 -> 
========================================================================
Received Import Request.
  Time since last request: 57.540250 seconds.
  path: Assets/Prefabs/bala.prefab
  artifactKey: Guid(0295a8eba3e21574b9385de076b64668) Importer(815301076,1909f56bfc062723c751e8b465ee728b)
Start importing Assets/Prefabs/bala.prefab using Guid(0295a8eba3e21574b9385de076b64668) Importer(815301076,1909f56bfc062723c751e8b465ee728b)  -> (artifact id: '9007161ec580a713ad9822cec070ffbc') in 0.109670 seconds
Number of updated asset objects reloaded before import = 0
Number of asset objects unloaded after import = 9
========================================================================
Received Prepare
Begin MonoManager ReloadAssembly
Symbol file LoadedFromMemory doesn't match image C:\Users\aleza\My project (1)\Library\PackageCache\com.unity.visualscripting@1.8.0\Editor\VisualScripting.Core\Dependencies\YamlDotNet\Unity.VisualScripting.YamlDotNet.dll
Symbol file LoadedFromMemory doesn't match image C:\Users\aleza\My project (1)\Library\PackageCache\com.unity.visualscripting@1.8.0\Editor\VisualScripting.Core\Dependencies\DotNetZip\Unity.VisualScripting.IonicZip.dll
- Loaded All Assemblies, in  0.820 seconds
Refreshing native plugins compatible for Editor in 5.08 ms, found 3 plugins.
Native extension for WindowsStandalone target not found
Mono: successfully reloaded assembly
- Finished resetting the current domain, in  1.253 seconds
Domain Reload Profiling:
	ReloadAssembly (244ms)
		BeginReloadAssembly (163ms)
			ExecutionOrderSort (0ms)
			DisableScriptedObjects (5ms)
			BackupInstance (0ms)
			ReleaseScriptingObjects (0ms)
			CreateAndSetChildDomain (43ms)
		LoadAllAssembliesAndSetupDomain (573ms)
			LoadAssemblies (297ms)
			RebuildTransferFunctionScriptingTraits (0ms)
			SetupTypeCache (347ms)
				TypeCache.Initialize (341ms)
					TypeCache.ScanAssembly (331ms)
				ResolveRequiredComponents (6ms)
		FinalizeReload (0ms)
			ReleaseScriptCaches (0ms)
			RebuildScriptCaches (0ms)
			SetupLoadedEditorAssemblies (557ms)
				LogAssemblyErrors (0ms)
				InitializePlatformSupportModulesInManaged (10ms)
				SetLoadedEditorAssemblies (8ms)
				RefreshPlugins (0ms)
				BeforeProcessingInitializeOnLoad (87ms)
				ProcessInitializeOnLoadAttributes (412ms)
				ProcessInitializeOnLoadMethodAttributes (30ms)
				AfterProcessingInitializeOnLoad (9ms)
				EditorAssembliesLoaded (0ms)
			ExecutionOrderSort2 (0ms)
			AwakeInstancesAfterBackupRestoration (13ms)
Refreshing native plugins compatible for Editor in 4.70 ms, found 3 plugins.
Preloading 0 native plugins for Editor in 0.00 ms.
Unloading 3118 Unused Serialized files (Serialized files now loaded: 0)
Unloading 20 unused Assets / (30.4 KB). Loaded Objects now: 3828.
Memory consumption went from 112.7 MB to 112.7 MB.
Total: 7.233000 ms (FindLiveObjects: 1.639000 ms CreateObjectMapping: 0.550500 ms MarkObjects: 4.943000 ms  DeleteObjects: 0.099000 ms)

Prepare: number of updated asset objects reloaded= 0
AssetImportParameters requested are different than current active one (requested -> active):
  custom:container-demuxer-ogg: 62fdf1f143b41e24485cea50d1cbac27 -> 
  custom:video-codec-MediaFoundation-h265: 746d11721c4dcdbdad8f713fa42b33f4 -> 
  custom:video-decoder-ogg-theora: a1e56fd34408186e4bbccfd4996cb3dc -> 
  custom:framework-win-MediaFoundation: 216162199b28c13a410421893ffa2e32 -> 
  custom:container-demuxer-webm: 4f35f7cbe854078d1ac9338744f61a02 -> 
  custom:container-muxer-webm: aa71ff27fc2769a1b78a27578f13a17b -> 
  custom:video-decoder-webm-vp8: 9c59270c3fd7afecdb556c50c9e8de78 -> 
  custom:AudioImporter_EditorPlatform: d09bf68614088b80899f8185d706f6e7 -> 
  custom:video-encoder-webm-vp8: eb34c28f22e8b96e1ab97ce403110664 -> 
  custom:audio-decoder-ogg-vorbis: bf7c407c2cedff20999df2af8eb42d56 -> 
  custom:audio-encoder-webm-vorbis: bf7c407c2cedff20999df2af8eb42d56 -> 
========================================================================
Received Prepare
Begin MonoManager ReloadAssembly
Symbol file LoadedFromMemory doesn't match image C:\Users\aleza\My project (1)\Library\PackageCache\com.unity.visualscripting@1.8.0\Editor\VisualScripting.Core\Dependencies\YamlDotNet\Unity.VisualScripting.YamlDotNet.dll
Symbol file LoadedFromMemory doesn't match image C:\Users\aleza\My project (1)\Library\PackageCache\com.unity.visualscripting@1.8.0\Editor\VisualScripting.Core\Dependencies\DotNetZip\Unity.VisualScripting.IonicZip.dll
- Loaded All Assemblies, in  0.871 seconds
Refreshing native plugins compatible for Editor in 3.03 ms, found 3 plugins.
Native extension for WindowsStandalone target not found
Mono: successfully reloaded assembly
- Finished resetting the current domain, in  1.297 seconds
Domain Reload Profiling:
	ReloadAssembly (253ms)
		BeginReloadAssembly (162ms)
			ExecutionOrderSort (0ms)
			DisableScriptedObjects (6ms)
			BackupInstance (0ms)
			ReleaseScriptingObjects (0ms)
			CreateAndSetChildDomain (43ms)
		LoadAllAssembliesAndSetupDomain (616ms)
			LoadAssemblies (292ms)
			RebuildTransferFunctionScriptingTraits (0ms)
			SetupTypeCache (396ms)
				TypeCache.Initialize (392ms)
					TypeCache.ScanAssembly (383ms)
				ResolveRequiredComponents (4ms)
		FinalizeReload (0ms)
			ReleaseScriptCaches (0ms)
			RebuildScriptCaches (0ms)
			SetupLoadedEditorAssemblies (571ms)
				LogAssemblyErrors (0ms)
				InitializePlatformSupportModulesInManaged (9ms)
				SetLoadedEditorAssemblies (6ms)
				RefreshPlugins (0ms)
				BeforeProcessingInitializeOnLoad (86ms)
				ProcessInitializeOnLoadAttributes (429ms)
				ProcessInitializeOnLoadMethodAttributes (31ms)
				AfterProcessingInitializeOnLoad (11ms)
				EditorAssembliesLoaded (0ms)
			ExecutionOrderSort2 (0ms)
			AwakeInstancesAfterBackupRestoration (13ms)
Refreshing native plugins compatible for Editor in 5.22 ms, found 3 plugins.
Preloading 0 native plugins for Editor in 0.00 ms.
Unloading 3119 Unused Serialized files (Serialized files now loaded: 0)
Unloading 20 unused Assets / (30.5 KB). Loaded Objects now: 3831.
Memory consumption went from 113.0 MB to 112.9 MB.
Total: 11.466800 ms (FindLiveObjects: 0.879300 ms CreateObjectMapping: 1.432700 ms MarkObjects: 8.893100 ms  DeleteObjects: 0.260300 ms)

Prepare: number of updated asset objects reloaded= 0
AssetImportParameters requested are different than current active one (requested -> active):
  custom:container-demuxer-ogg: 62fdf1f143b41e24485cea50d1cbac27 -> 
  custom:video-codec-MediaFoundation-h265: 746d11721c4dcdbdad8f713fa42b33f4 -> 
  custom:video-decoder-ogg-theora: a1e56fd34408186e4bbccfd4996cb3dc -> 
  custom:framework-win-MediaFoundation: 216162199b28c13a410421893ffa2e32 -> 
  custom:container-demuxer-webm: 4f35f7cbe854078d1ac9338744f61a02 -> 
  custom:container-muxer-webm: aa71ff27fc2769a1b78a27578f13a17b -> 
  custom:video-decoder-webm-vp8: 9c59270c3fd7afecdb556c50c9e8de78 -> 
  custom:AudioImporter_EditorPlatform: d09bf68614088b80899f8185d706f6e7 -> 
  custom:video-encoder-webm-vp8: eb34c28f22e8b96e1ab97ce403110664 -> 
  custom:audio-decoder-ogg-vorbis: bf7c407c2cedff20999df2af8eb42d56 -> 
  custom:audio-encoder-webm-vorbis: bf7c407c2cedff20999df2af8eb42d56 -> 
========================================================================
Received Prepare
Begin MonoManager ReloadAssembly
Symbol file LoadedFromMemory doesn't match image C:\Users\aleza\My project (1)\Library\PackageCache\com.unity.visualscripting@1.8.0\Editor\VisualScripting.Core\Dependencies\YamlDotNet\Unity.VisualScripting.YamlDotNet.dll
Symbol file LoadedFromMemory doesn't match image C:\Users\aleza\My project (1)\Library\PackageCache\com.unity.visualscripting@1.8.0\Editor\VisualScripting.Core\Dependencies\DotNetZip\Unity.VisualScripting.IonicZip.dll
- Loaded All Assemblies, in  1.078 seconds
Refreshing native plugins compatible for Editor in 4.12 ms, found 3 plugins.
Native extension for WindowsStandalone target not found
Mono: successfully reloaded assembly
- Finished resetting the current domain, in  1.097 seconds
Domain Reload Profiling:
	ReloadAssembly (315ms)
		BeginReloadAssembly (193ms)
			ExecutionOrderSort (0ms)
			DisableScriptedObjects (9ms)
			BackupInstance (0ms)
			ReleaseScriptingObjects (0ms)
			CreateAndSetChildDomain (54ms)
		LoadAllAssembliesAndSetupDomain (760ms)
			LoadAssemblies (340ms)
			RebuildTransferFunctionScriptingTraits (0ms)
			SetupTypeCache (499ms)
				TypeCache.Initialize (489ms)
					TypeCache.ScanAssembly (480ms)
				ResolveRequiredComponents (7ms)
		FinalizeReload (0ms)
			ReleaseScriptCaches (0ms)
			RebuildScriptCaches (0ms)
			SetupLoadedEditorAssemblies (422ms)
				LogAssemblyErrors (0ms)
				InitializePlatformSupportModulesInManaged (6ms)
				SetLoadedEditorAssemblies (4ms)
				RefreshPlugins (0ms)
				BeforeProcessingInitializeOnLoad (63ms)
				ProcessInitializeOnLoadAttributes (323ms)
				ProcessInitializeOnLoadMethodAttributes (19ms)
				AfterProcessingInitializeOnLoad (6ms)
				EditorAssembliesLoaded (0ms)
			ExecutionOrderSort2 (0ms)
			AwakeInstancesAfterBackupRestoration (8ms)
Refreshing native plugins compatible for Editor in 3.51 ms, found 3 plugins.
Preloading 0 native plugins for Editor in 0.00 ms.
Unloading 3119 Unused Serialized files (Serialized files now loaded: 0)
Unloading 20 unused Assets / (30.5 KB). Loaded Objects now: 3834.
Memory consumption went from 113.0 MB to 112.9 MB.
Total: 3.195500 ms (FindLiveObjects: 0.270600 ms CreateObjectMapping: 0.209100 ms MarkObjects: 2.672800 ms  DeleteObjects: 0.042000 ms)

Prepare: number of updated asset objects reloaded= 0
AssetImportParameters requested are different than current active one (requested -> active):
  custom:container-demuxer-ogg: 62fdf1f143b41e24485cea50d1cbac27 -> 
  custom:video-codec-MediaFoundation-h265: 746d11721c4dcdbdad8f713fa42b33f4 -> 
  custom:video-decoder-ogg-theora: a1e56fd34408186e4bbccfd4996cb3dc -> 
  custom:framework-win-MediaFoundation: 216162199b28c13a410421893ffa2e32 -> 
  custom:container-demuxer-webm: 4f35f7cbe854078d1ac9338744f61a02 -> 
  custom:container-muxer-webm: aa71ff27fc2769a1b78a27578f13a17b -> 
  custom:video-decoder-webm-vp8: 9c59270c3fd7afecdb556c50c9e8de78 -> 
  custom:AudioImporter_EditorPlatform: d09bf68614088b80899f8185d706f6e7 -> 
  custom:video-encoder-webm-vp8: eb34c28f22e8b96e1ab97ce403110664 -> 
  custom:audio-decoder-ogg-vorbis: bf7c407c2cedff20999df2af8eb42d56 -> 
  custom:audio-encoder-webm-vorbis: bf7c407c2cedff20999df2af8eb42d56 -> 
========================================================================
Received Prepare
Begin MonoManager ReloadAssembly
Symbol file LoadedFromMemory doesn't match image C:\Users\aleza\My project (1)\Library\PackageCache\com.unity.visualscripting@1.8.0\Editor\VisualScripting.Core\Dependencies\YamlDotNet\Unity.VisualScripting.YamlDotNet.dll
Symbol file LoadedFromMemory doesn't match image C:\Users\aleza\My project (1)\Library\PackageCache\com.unity.visualscripting@1.8.0\Editor\VisualScripting.Core\Dependencies\DotNetZip\Unity.VisualScripting.IonicZip.dll
- Loaded All Assemblies, in  0.865 seconds
Refreshing native plugins compatible for Editor in 3.89 ms, found 3 plugins.
Native extension for WindowsStandalone target not found
Mono: successfully reloaded assembly
- Finished resetting the current domain, in  1.292 seconds
Domain Reload Profiling:
	ReloadAssembly (271ms)
		BeginReloadAssembly (170ms)
			ExecutionOrderSort (0ms)
			DisableScriptedObjects (7ms)
			BackupInstance (0ms)
			ReleaseScriptingObjects (0ms)
			CreateAndSetChildDomain (49ms)
		LoadAllAssembliesAndSetupDomain (591ms)
			LoadAssemblies (291ms)
			RebuildTransferFunctionScriptingTraits (0ms)
			SetupTypeCache (373ms)
				TypeCache.Initialize (367ms)
					TypeCache.ScanAssembly (358ms)
				ResolveRequiredComponents (5ms)
		FinalizeReload (0ms)
			ReleaseScriptCaches (0ms)
			RebuildScriptCaches (0ms)
			SetupLoadedEditorAssemblies (564ms)
				LogAssemblyErrors (0ms)
				InitializePlatformSupportModulesInManaged (8ms)
				SetLoadedEditorAssemblies (5ms)
				RefreshPlugins (0ms)
				BeforeProcessingInitializeOnLoad (91ms)
				ProcessInitializeOnLoadAttributes (415ms)
				ProcessInitializeOnLoadMethodAttributes (34ms)
				AfterProcessingInitializeOnLoad (9ms)
				EditorAssembliesLoaded (1ms)
			ExecutionOrderSort2 (0ms)
			AwakeInstancesAfterBackupRestoration (12ms)
Refreshing native plugins compatible for Editor in 4.85 ms, found 3 plugins.
Preloading 0 native plugins for Editor in 0.00 ms.
Unloading 3119 Unused Serialized files (Serialized files now loaded: 0)
Unloading 20 unused Assets / (30.4 KB). Loaded Objects now: 3837.
Memory consumption went from 113.0 MB to 112.9 MB.
Total: 5.285900 ms (FindLiveObjects: 0.469900 ms CreateObjectMapping: 0.271800 ms MarkObjects: 4.479200 ms  DeleteObjects: 0.064100 ms)

Prepare: number of updated asset objects reloaded= 0
AssetImportParameters requested are different than current active one (requested -> active):
  custom:container-demuxer-ogg: 62fdf1f143b41e24485cea50d1cbac27 -> 
  custom:video-codec-MediaFoundation-h265: 746d11721c4dcdbdad8f713fa42b33f4 -> 
  custom:video-decoder-ogg-theora: a1e56fd34408186e4bbccfd4996cb3dc -> 
  custom:framework-win-MediaFoundation: 216162199b28c13a410421893ffa2e32 -> 
  custom:container-demuxer-webm: 4f35f7cbe854078d1ac9338744f61a02 -> 
  custom:container-muxer-webm: aa71ff27fc2769a1b78a27578f13a17b -> 
  custom:video-decoder-webm-vp8: 9c59270c3fd7afecdb556c50c9e8de78 -> 
  custom:AudioImporter_EditorPlatform: d09bf68614088b80899f8185d706f6e7 -> 
  custom:video-encoder-webm-vp8: eb34c28f22e8b96e1ab97ce403110664 -> 
  custom:audio-decoder-ogg-vorbis: bf7c407c2cedff20999df2af8eb42d56 -> 
  custom:audio-encoder-webm-vorbis: bf7c407c2cedff20999df2af8eb42d56 -> 
========================================================================
Received Import Request.
  Time since last request: 255.422896 seconds.
  path: Assets/Prefabs/bala.prefab
  artifactKey: Guid(0295a8eba3e21574b9385de076b64668) Importer(815301076,1909f56bfc062723c751e8b465ee728b)
Start importing Assets/Prefabs/bala.prefab using Guid(0295a8eba3e21574b9385de076b64668) Importer(815301076,1909f56bfc062723c751e8b465ee728b)  -> (artifact id: '69a09d843bd7a242a2f5156e54954b99') in 0.122147 seconds
Number of updated asset objects reloaded before import = 0
Number of asset objects unloaded after import = 9
========================================================================
Received Import Request.
  Time since last request: 29.869714 seconds.
  path: Assets/Prefabs/bala.prefab
  artifactKey: Guid(0295a8eba3e21574b9385de076b64668) Importer(815301076,1909f56bfc062723c751e8b465ee728b)
Start importing Assets/Prefabs/bala.prefab using Guid(0295a8eba3e21574b9385de076b64668) Importer(815301076,1909f56bfc062723c751e8b465ee728b)  -> (artifact id: '9579dcb3c569855c63df85acd302d8e6') in 0.010308 seconds
Number of updated asset objects reloaded before import = 0
Number of asset objects unloaded after import = 9
========================================================================
Received Import Request.
  Time since last request: 0.342009 seconds.
  path: Assets/Prefabs/bala.prefab
  artifactKey: Guid(0295a8eba3e21574b9385de076b64668) Importer(815301076,1909f56bfc062723c751e8b465ee728b)
Start importing Assets/Prefabs/bala.prefab using Guid(0295a8eba3e21574b9385de076b64668) Importer(815301076,1909f56bfc062723c751e8b465ee728b)  -> (artifact id: 'eaa3500c13d02dbfbf018b447f6f6dde') in 0.010278 seconds
Number of updated asset objects reloaded before import = 0
Number of asset objects unloaded after import = 9
========================================================================
Received Import Request.
  Time since last request: 1.005016 seconds.
  path: Assets/Prefabs/bala.prefab
  artifactKey: Guid(0295a8eba3e21574b9385de076b64668) Importer(815301076,1909f56bfc062723c751e8b465ee728b)
Start importing Assets/Prefabs/bala.prefab using Guid(0295a8eba3e21574b9385de076b64668) Importer(815301076,1909f56bfc062723c751e8b465ee728b)  -> (artifact id: 'dc35baf6c0ce1b542193c16ec18c8bf4') in 0.011180 seconds
Number of updated asset objects reloaded before import = 0
Number of asset objects unloaded after import = 9
========================================================================
Received Prepare
Begin MonoManager ReloadAssembly
Symbol file LoadedFromMemory doesn't match image C:\Users\aleza\My project (1)\Library\PackageCache\com.unity.visualscripting@1.8.0\Editor\VisualScripting.Core\Dependencies\YamlDotNet\Unity.VisualScripting.YamlDotNet.dll
Symbol file LoadedFromMemory doesn't match image C:\Users\aleza\My project (1)\Library\PackageCache\com.unity.visualscripting@1.8.0\Editor\VisualScripting.Core\Dependencies\DotNetZip\Unity.VisualScripting.IonicZip.dll
- Loaded All Assemblies, in  0.794 seconds
Refreshing native plugins compatible for Editor in 3.58 ms, found 3 plugins.
Native extension for WindowsStandalone target not found
Mono: successfully reloaded assembly
- Finished resetting the current domain, in  1.251 seconds
Domain Reload Profiling:
	ReloadAssembly (255ms)
		BeginReloadAssembly (170ms)
			ExecutionOrderSort (0ms)
			DisableScriptedObjects (6ms)
			BackupInstance (0ms)
			ReleaseScriptingObjects (0ms)
			CreateAndSetChildDomain (47ms)
		LoadAllAssembliesAndSetupDomain (536ms)
			LoadAssemblies (291ms)
			RebuildTransferFunctionScriptingTraits (0ms)
			SetupTypeCache (323ms)
				TypeCache.Initialize (318ms)
					TypeCache.ScanAssembly (312ms)
				ResolveRequiredComponents (5ms)
		FinalizeReload (0ms)
			ReleaseScriptCaches (0ms)
			RebuildScriptCaches (0ms)
			SetupLoadedEditorAssemblies (630ms)
				LogAssemblyErrors (0ms)
				InitializePlatformSupportModulesInManaged (10ms)
				SetLoadedEditorAssemblies (5ms)
				RefreshPlugins (0ms)
				BeforeProcessingInitializeOnLoad (88ms)
				ProcessInitializeOnLoadAttributes (470ms)
				ProcessInitializeOnLoadMethodAttributes (46ms)
				AfterProcessingInitializeOnLoad (10ms)
				EditorAssembliesLoaded (0ms)
			ExecutionOrderSort2 (0ms)
			AwakeInstancesAfterBackupRestoration (17ms)
Refreshing native plugins compatible for Editor in 4.16 ms, found 3 plugins.
Preloading 0 native plugins for Editor in 0.00 ms.
Unloading 3118 Unused Serialized files (Serialized files now loaded: 0)
Unloading 20 unused Assets / (30.4 KB). Loaded Objects now: 3840.
Memory consumption went from 112.7 MB to 112.7 MB.
Total: 5.406100 ms (FindLiveObjects: 0.422000 ms CreateObjectMapping: 0.357900 ms MarkObjects: 4.552000 ms  DeleteObjects: 0.072300 ms)

Prepare: number of updated asset objects reloaded= 0
AssetImportParameters requested are different than current active one (requested -> active):
  custom:container-demuxer-ogg: 62fdf1f143b41e24485cea50d1cbac27 -> 
  custom:video-codec-MediaFoundation-h265: 746d11721c4dcdbdad8f713fa42b33f4 -> 
  custom:video-decoder-ogg-theora: a1e56fd34408186e4bbccfd4996cb3dc -> 
  custom:framework-win-MediaFoundation: 216162199b28c13a410421893ffa2e32 -> 
  custom:container-demuxer-webm: 4f35f7cbe854078d1ac9338744f61a02 -> 
  custom:container-muxer-webm: aa71ff27fc2769a1b78a27578f13a17b -> 
  custom:video-decoder-webm-vp8: 9c59270c3fd7afecdb556c50c9e8de78 -> 
  custom:AudioImporter_EditorPlatform: d09bf68614088b80899f8185d706f6e7 -> 
  custom:video-encoder-webm-vp8: eb34c28f22e8b96e1ab97ce403110664 -> 
  custom:audio-decoder-ogg-vorbis: bf7c407c2cedff20999df2af8eb42d56 -> 
  custom:audio-encoder-webm-vorbis: bf7c407c2cedff20999df2af8eb42d56 -> 
========================================================================
Received Prepare
Begin MonoManager ReloadAssembly
Symbol file LoadedFromMemory doesn't match image C:\Users\aleza\My project (1)\Library\PackageCache\com.unity.visualscripting@1.8.0\Editor\VisualScripting.Core\Dependencies\YamlDotNet\Unity.VisualScripting.YamlDotNet.dll
Symbol file LoadedFromMemory doesn't match image C:\Users\aleza\My project (1)\Library\PackageCache\com.unity.visualscripting@1.8.0\Editor\VisualScripting.Core\Dependencies\DotNetZip\Unity.VisualScripting.IonicZip.dll
- Loaded All Assemblies, in  0.789 seconds
Refreshing native plugins compatible for Editor in 3.83 ms, found 3 plugins.
Native extension for WindowsStandalone target not found
Mono: successfully reloaded assembly
- Finished resetting the current domain, in  1.189 seconds
Domain Reload Profiling:
	ReloadAssembly (247ms)
		BeginReloadAssembly (166ms)
			ExecutionOrderSort (0ms)
			DisableScriptedObjects (6ms)
			BackupInstance (0ms)
			ReleaseScriptingObjects (0ms)
			CreateAndSetChildDomain (45ms)
		LoadAllAssembliesAndSetupDomain (538ms)
			LoadAssemblies (286ms)
			RebuildTransferFunctionScriptingTraits (0ms)
			SetupTypeCache (326ms)
				TypeCache.Initialize (322ms)
					TypeCache.ScanAssembly (315ms)
				ResolveRequiredComponents (4ms)
		FinalizeReload (0ms)
			ReleaseScriptCaches (0ms)
			RebuildScriptCaches (0ms)
			SetupLoadedEditorAssemblies (564ms)
				LogAssemblyErrors (0ms)
				InitializePlatformSupportModulesInManaged (11ms)
				SetLoadedEditorAssemblies (5ms)
				RefreshPlugins (0ms)
				BeforeProcessingInitializeOnLoad (86ms)
				ProcessInitializeOnLoadAttributes (420ms)
				ProcessInitializeOnLoadMethodAttributes (30ms)
				AfterProcessingInitializeOnLoad (11ms)
				EditorAssembliesLoaded (0ms)
			ExecutionOrderSort2 (0ms)
			AwakeInstancesAfterBackupRestoration (11ms)
Refreshing native plugins compatible for Editor in 3.91 ms, found 3 plugins.
Preloading 0 native plugins for Editor in 0.00 ms.
Unloading 3119 Unused Serialized files (Serialized files now loaded: 0)
Unloading 20 unused Assets / (30.5 KB). Loaded Objects now: 3843.
Memory consumption went from 113.0 MB to 112.9 MB.
Total: 5.979100 ms (FindLiveObjects: 0.619100 ms CreateObjectMapping: 0.291700 ms MarkObjects: 5.017800 ms  DeleteObjects: 0.049600 ms)

Prepare: number of updated asset objects reloaded= 0
AssetImportParameters requested are different than current active one (requested -> active):
  custom:container-demuxer-ogg: 62fdf1f143b41e24485cea50d1cbac27 -> 
  custom:video-codec-MediaFoundation-h265: 746d11721c4dcdbdad8f713fa42b33f4 -> 
  custom:video-decoder-ogg-theora: a1e56fd34408186e4bbccfd4996cb3dc -> 
  custom:framework-win-MediaFoundation: 216162199b28c13a410421893ffa2e32 -> 
  custom:container-demuxer-webm: 4f35f7cbe854078d1ac9338744f61a02 -> 
  custom:container-muxer-webm: aa71ff27fc2769a1b78a27578f13a17b -> 
  custom:video-decoder-webm-vp8: 9c59270c3fd7afecdb556c50c9e8de78 -> 
  custom:AudioImporter_EditorPlatform: d09bf68614088b80899f8185d706f6e7 -> 
  custom:video-encoder-webm-vp8: eb34c28f22e8b96e1ab97ce403110664 -> 
  custom:audio-decoder-ogg-vorbis: bf7c407c2cedff20999df2af8eb42d56 -> 
  custom:audio-encoder-webm-vorbis: bf7c407c2cedff20999df2af8eb42d56 -> 
========================================================================
Received Prepare
Begin MonoManager ReloadAssembly
Symbol file LoadedFromMemory doesn't match image C:\Users\aleza\My project (1)\Library\PackageCache\com.unity.visualscripting@1.8.0\Editor\VisualScripting.Core\Dependencies\YamlDotNet\Unity.VisualScripting.YamlDotNet.dll
Symbol file LoadedFromMemory doesn't match image C:\Users\aleza\My project (1)\Library\PackageCache\com.unity.visualscripting@1.8.0\Editor\VisualScripting.Core\Dependencies\DotNetZip\Unity.VisualScripting.IonicZip.dll
- Loaded All Assemblies, in  0.790 seconds
Refreshing native plugins compatible for Editor in 2.89 ms, found 3 plugins.
Native extension for WindowsStandalone target not found
Mono: successfully reloaded assembly
- Finished resetting the current domain, in  1.236 seconds
Domain Reload Profiling:
	ReloadAssembly (251ms)
		BeginReloadAssembly (160ms)
			ExecutionOrderSort (0ms)
			DisableScriptedObjects (6ms)
			BackupInstance (0ms)
			ReleaseScriptingObjects (0ms)
			CreateAndSetChildDomain (43ms)
		LoadAllAssembliesAndSetupDomain (536ms)
			LoadAssemblies (281ms)
			RebuildTransferFunctionScriptingTraits (0ms)
			SetupTypeCache (327ms)
				TypeCache.Initialize (321ms)
					TypeCache.ScanAssembly (314ms)
				ResolveRequiredComponents (6ms)
		FinalizeReload (0ms)
			ReleaseScriptCaches (0ms)
			RebuildScriptCaches (0ms)
			SetupLoadedEditorAssemblies (552ms)
				LogAssemblyErrors (0ms)
				InitializePlatformSupportModulesInManaged (8ms)
				SetLoadedEditorAssemblies (6ms)
				RefreshPlugins (0ms)
				BeforeProcessingInitializeOnLoad (86ms)
				ProcessInitializeOnLoadAttributes (409ms)
				ProcessInitializeOnLoadMethodAttributes (31ms)
				AfterProcessingInitializeOnLoad (11ms)
				EditorAssembliesLoaded (0ms)
			ExecutionOrderSort2 (0ms)
			AwakeInstancesAfterBackupRestoration (14ms)
Refreshing native plugins compatible for Editor in 4.67 ms, found 3 plugins.
Preloading 0 native plugins for Editor in 0.00 ms.
Unloading 3119 Unused Serialized files (Serialized files now loaded: 0)
Unloading 20 unused Assets / (30.4 KB). Loaded Objects now: 3846.
Memory consumption went from 113.0 MB to 112.9 MB.
Total: 4.202600 ms (FindLiveObjects: 0.478200 ms CreateObjectMapping: 0.321200 ms MarkObjects: 3.352500 ms  DeleteObjects: 0.049400 ms)

Prepare: number of updated asset objects reloaded= 0
AssetImportParameters requested are different than current active one (requested -> active):
  custom:container-demuxer-ogg: 62fdf1f143b41e24485cea50d1cbac27 -> 
  custom:video-codec-MediaFoundation-h265: 746d11721c4dcdbdad8f713fa42b33f4 -> 
  custom:video-decoder-ogg-theora: a1e56fd34408186e4bbccfd4996cb3dc -> 
  custom:framework-win-MediaFoundation: 216162199b28c13a410421893ffa2e32 -> 
  custom:container-demuxer-webm: 4f35f7cbe854078d1ac9338744f61a02 -> 
  custom:container-muxer-webm: aa71ff27fc2769a1b78a27578f13a17b -> 
  custom:video-decoder-webm-vp8: 9c59270c3fd7afecdb556c50c9e8de78 -> 
  custom:AudioImporter_EditorPlatform: d09bf68614088b80899f8185d706f6e7 -> 
  custom:video-encoder-webm-vp8: eb34c28f22e8b96e1ab97ce403110664 -> 
  custom:audio-decoder-ogg-vorbis: bf7c407c2cedff20999df2af8eb42d56 -> 
  custom:audio-encoder-webm-vorbis: bf7c407c2cedff20999df2af8eb42d56 -> 
========================================================================
Received Prepare
Begin MonoManager ReloadAssembly
Symbol file LoadedFromMemory doesn't match image C:\Users\aleza\My project (1)\Library\PackageCache\com.unity.visualscripting@1.8.0\Editor\VisualScripting.Core\Dependencies\YamlDotNet\Unity.VisualScripting.YamlDotNet.dll
Symbol file LoadedFromMemory doesn't match image C:\Users\aleza\My project (1)\Library\PackageCache\com.unity.visualscripting@1.8.0\Editor\VisualScripting.Core\Dependencies\DotNetZip\Unity.VisualScripting.IonicZip.dll
- Loaded All Assemblies, in  0.792 seconds
Refreshing native plugins compatible for Editor in 2.92 ms, found 3 plugins.
Native extension for WindowsStandalone target not found
Mono: successfully reloaded assembly
- Finished resetting the current domain, in  1.261 seconds
Domain Reload Profiling:
	ReloadAssembly (244ms)
		BeginReloadAssembly (153ms)
			ExecutionOrderSort (0ms)
			DisableScriptedObjects (7ms)
			BackupInstance (0ms)
			ReleaseScriptingObjects (0ms)
			CreateAndSetChildDomain (42ms)
		LoadAllAssembliesAndSetupDomain (544ms)
			LoadAssemblies (288ms)
			RebuildTransferFunctionScriptingTraits (0ms)
			SetupTypeCache (324ms)
				TypeCache.Initialize (320ms)
					TypeCache.ScanAssembly (313ms)
				ResolveRequiredComponents (4ms)
		FinalizeReload (0ms)
			ReleaseScriptCaches (0ms)
			RebuildScriptCaches (0ms)
			SetupLoadedEditorAssemblies (623ms)
				LogAssemblyErrors (0ms)
				InitializePlatformSupportModulesInManaged (9ms)
				SetLoadedEditorAssemblies (5ms)
				RefreshPlugins (0ms)
				BeforeProcessingInitializeOnLoad (88ms)
				ProcessInitializeOnLoadAttributes (476ms)
				ProcessInitializeOnLoadMethodAttributes (36ms)
				AfterProcessingInitializeOnLoad (10ms)
				EditorAssembliesLoaded (0ms)
			ExecutionOrderSort2 (0ms)
			AwakeInstancesAfterBackupRestoration (12ms)
Refreshing native plugins compatible for Editor in 5.14 ms, found 3 plugins.
Preloading 0 native plugins for Editor in 0.00 ms.
Unloading 3119 Unused Serialized files (Serialized files now loaded: 0)
Unloading 20 unused Assets / (30.5 KB). Loaded Objects now: 3849.
Memory consumption went from 113.0 MB to 112.9 MB.
Total: 5.252700 ms (FindLiveObjects: 0.914300 ms CreateObjectMapping: 0.414700 ms MarkObjects: 3.843000 ms  DeleteObjects: 0.078400 ms)

Prepare: number of updated asset objects reloaded= 0
AssetImportParameters requested are different than current active one (requested -> active):
  custom:container-demuxer-ogg: 62fdf1f143b41e24485cea50d1cbac27 -> 
  custom:video-codec-MediaFoundation-h265: 746d11721c4dcdbdad8f713fa42b33f4 -> 
  custom:video-decoder-ogg-theora: a1e56fd34408186e4bbccfd4996cb3dc -> 
  custom:framework-win-MediaFoundation: 216162199b28c13a410421893ffa2e32 -> 
  custom:container-demuxer-webm: 4f35f7cbe854078d1ac9338744f61a02 -> 
  custom:container-muxer-webm: aa71ff27fc2769a1b78a27578f13a17b -> 
  custom:video-decoder-webm-vp8: 9c59270c3fd7afecdb556c50c9e8de78 -> 
  custom:AudioImporter_EditorPlatform: d09bf68614088b80899f8185d706f6e7 -> 
  custom:video-encoder-webm-vp8: eb34c28f22e8b96e1ab97ce403110664 -> 
  custom:audio-decoder-ogg-vorbis: bf7c407c2cedff20999df2af8eb42d56 -> 
  custom:audio-encoder-webm-vorbis: bf7c407c2cedff20999df2af8eb42d56 -> 
========================================================================
Received Prepare
Begin MonoManager ReloadAssembly
Symbol file LoadedFromMemory doesn't match image C:\Users\aleza\My project (1)\Library\PackageCache\com.unity.visualscripting@1.8.0\Editor\VisualScripting.Core\Dependencies\YamlDotNet\Unity.VisualScripting.YamlDotNet.dll
Symbol file LoadedFromMemory doesn't match image C:\Users\aleza\My project (1)\Library\PackageCache\com.unity.visualscripting@1.8.0\Editor\VisualScripting.Core\Dependencies\DotNetZip\Unity.VisualScripting.IonicZip.dll
- Loaded All Assemblies, in  0.886 seconds
Refreshing native plugins compatible for Editor in 4.66 ms, found 3 plugins.
Native extension for WindowsStandalone target not found
Mono: successfully reloaded assembly
- Finished resetting the current domain, in  1.288 seconds
Domain Reload Profiling:
	ReloadAssembly (269ms)
		BeginReloadAssembly (174ms)
			ExecutionOrderSort (0ms)
			DisableScriptedObjects (5ms)
			BackupInstance (0ms)
			ReleaseScriptingObjects (0ms)
			CreateAndSetChildDomain (45ms)
		LoadAllAssembliesAndSetupDomain (615ms)
			LoadAssemblies (289ms)
			RebuildTransferFunctionScriptingTraits (0ms)
			SetupTypeCache (404ms)
				TypeCache.Initialize (397ms)
					TypeCache.ScanAssembly (386ms)
				ResolveRequiredComponents (7ms)
		FinalizeReload (0ms)
			ReleaseScriptCaches (0ms)
			RebuildScriptCaches (0ms)
			SetupLoadedEditorAssemblies (578ms)
				LogAssemblyErrors (0ms)
				InitializePlatformSupportModulesInManaged (8ms)
				SetLoadedEditorAssemblies (5ms)
				RefreshPlugins (0ms)
				BeforeProcessingInitializeOnLoad (98ms)
				ProcessInitializeOnLoadAttributes (425ms)
				ProcessInitializeOnLoadMethodAttributes (32ms)
				AfterProcessingInitializeOnLoad (9ms)
				EditorAssembliesLoaded (0ms)
			ExecutionOrderSort2 (0ms)
			AwakeInstancesAfterBackupRestoration (14ms)
Refreshing native plugins compatible for Editor in 5.22 ms, found 3 plugins.
Preloading 0 native plugins for Editor in 0.00 ms.
Unloading 3119 Unused Serialized files (Serialized files now loaded: 0)
Unloading 20 unused Assets / (30.5 KB). Loaded Objects now: 3852.
Memory consumption went from 113.0 MB to 113.0 MB.
Total: 5.308000 ms (FindLiveObjects: 0.723700 ms CreateObjectMapping: 0.531200 ms MarkObjects: 3.963400 ms  DeleteObjects: 0.087600 ms)

Prepare: number of updated asset objects reloaded= 0
AssetImportParameters requested are different than current active one (requested -> active):
  custom:container-demuxer-ogg: 62fdf1f143b41e24485cea50d1cbac27 -> 
  custom:video-codec-MediaFoundation-h265: 746d11721c4dcdbdad8f713fa42b33f4 -> 
  custom:video-decoder-ogg-theora: a1e56fd34408186e4bbccfd4996cb3dc -> 
  custom:framework-win-MediaFoundation: 216162199b28c13a410421893ffa2e32 -> 
  custom:container-demuxer-webm: 4f35f7cbe854078d1ac9338744f61a02 -> 
  custom:container-muxer-webm: aa71ff27fc2769a1b78a27578f13a17b -> 
  custom:video-decoder-webm-vp8: 9c59270c3fd7afecdb556c50c9e8de78 -> 
  custom:AudioImporter_EditorPlatform: d09bf68614088b80899f8185d706f6e7 -> 
  custom:video-encoder-webm-vp8: eb34c28f22e8b96e1ab97ce403110664 -> 
  custom:audio-decoder-ogg-vorbis: bf7c407c2cedff20999df2af8eb42d56 -> 
  custom:audio-encoder-webm-vorbis: bf7c407c2cedff20999df2af8eb42d56 -> 
========================================================================
Received Prepare
Begin MonoManager ReloadAssembly
Symbol file LoadedFromMemory doesn't match image C:\Users\aleza\My project (1)\Library\PackageCache\com.unity.visualscripting@1.8.0\Editor\VisualScripting.Core\Dependencies\YamlDotNet\Unity.VisualScripting.YamlDotNet.dll
Symbol file LoadedFromMemory doesn't match image C:\Users\aleza\My project (1)\Library\PackageCache\com.unity.visualscripting@1.8.0\Editor\VisualScripting.Core\Dependencies\DotNetZip\Unity.VisualScripting.IonicZip.dll
- Loaded All Assemblies, in  0.946 seconds
Refreshing native plugins compatible for Editor in 3.53 ms, found 3 plugins.
Native extension for WindowsStandalone target not found
Mono: successfully reloaded assembly
- Finished resetting the current domain, in  0.876 seconds
Domain Reload Profiling:
	ReloadAssembly (303ms)
		BeginReloadAssembly (184ms)
			ExecutionOrderSort (0ms)
			DisableScriptedObjects (6ms)
			BackupInstance (0ms)
			ReleaseScriptingObjects (0ms)
			CreateAndSetChildDomain (46ms)
		LoadAllAssembliesAndSetupDomain (640ms)
			LoadAssemblies (339ms)
			RebuildTransferFunctionScriptingTraits (0ms)
			SetupTypeCache (389ms)
				TypeCache.Initialize (383ms)
					TypeCache.ScanAssembly (373ms)
				ResolveRequiredComponents (4ms)
		FinalizeReload (0ms)
			ReleaseScriptCaches (0ms)
			RebuildScriptCaches (0ms)
			SetupLoadedEditorAssemblies (364ms)
				LogAssemblyErrors (0ms)
				InitializePlatformSupportModulesInManaged (6ms)
				SetLoadedEditorAssemblies (3ms)
				RefreshPlugins (0ms)
				BeforeProcessingInitializeOnLoad (60ms)
				ProcessInitializeOnLoadAttributes (270ms)
				ProcessInitializeOnLoadMethodAttributes (19ms)
				AfterProcessingInitializeOnLoad (6ms)
				EditorAssembliesLoaded (0ms)
			ExecutionOrderSort2 (0ms)
			AwakeInstancesAfterBackupRestoration (8ms)
Refreshing native plugins compatible for Editor in 2.93 ms, found 3 plugins.
Preloading 0 native plugins for Editor in 0.00 ms.
Unloading 3119 Unused Serialized files (Serialized files now loaded: 0)
Unloading 20 unused Assets / (30.5 KB). Loaded Objects now: 3855.
Memory consumption went from 113.0 MB to 113.0 MB.
Total: 3.806800 ms (FindLiveObjects: 0.360400 ms CreateObjectMapping: 0.244100 ms MarkObjects: 3.133000 ms  DeleteObjects: 0.068100 ms)

Prepare: number of updated asset objects reloaded= 0
AssetImportParameters requested are different than current active one (requested -> active):
  custom:container-demuxer-ogg: 62fdf1f143b41e24485cea50d1cbac27 -> 
  custom:video-codec-MediaFoundation-h265: 746d11721c4dcdbdad8f713fa42b33f4 -> 
  custom:video-decoder-ogg-theora: a1e56fd34408186e4bbccfd4996cb3dc -> 
  custom:framework-win-MediaFoundation: 216162199b28c13a410421893ffa2e32 -> 
  custom:container-demuxer-webm: 4f35f7cbe854078d1ac9338744f61a02 -> 
  custom:container-muxer-webm: aa71ff27fc2769a1b78a27578f13a17b -> 
  custom:video-decoder-webm-vp8: 9c59270c3fd7afecdb556c50c9e8de78 -> 
  custom:AudioImporter_EditorPlatform: d09bf68614088b80899f8185d706f6e7 -> 
  custom:video-encoder-webm-vp8: eb34c28f22e8b96e1ab97ce403110664 -> 
  custom:audio-decoder-ogg-vorbis: bf7c407c2cedff20999df2af8eb42d56 -> 
  custom:audio-encoder-webm-vorbis: bf7c407c2cedff20999df2af8eb42d56 -> 
========================================================================
Received Prepare
Begin MonoManager ReloadAssembly
Symbol file LoadedFromMemory doesn't match image C:\Users\aleza\My project (1)\Library\PackageCache\com.unity.visualscripting@1.8.0\Editor\VisualScripting.Core\Dependencies\YamlDotNet\Unity.VisualScripting.YamlDotNet.dll
Symbol file LoadedFromMemory doesn't match image C:\Users\aleza\My project (1)\Library\PackageCache\com.unity.visualscripting@1.8.0\Editor\VisualScripting.Core\Dependencies\DotNetZip\Unity.VisualScripting.IonicZip.dll
- Loaded All Assemblies, in  0.770 seconds
Refreshing native plugins compatible for Editor in 2.90 ms, found 3 plugins.
Native extension for WindowsStandalone target not found
Mono: successfully reloaded assembly
- Finished resetting the current domain, in  1.274 seconds
Domain Reload Profiling:
	ReloadAssembly (238ms)
		BeginReloadAssembly (158ms)
			ExecutionOrderSort (0ms)
			DisableScriptedObjects (6ms)
			BackupInstance (0ms)
			ReleaseScriptingObjects (0ms)
			CreateAndSetChildDomain (39ms)
		LoadAllAssembliesAndSetupDomain (530ms)
			LoadAssemblies (286ms)
			RebuildTransferFunctionScriptingTraits (0ms)
			SetupTypeCache (315ms)
				TypeCache.Initialize (310ms)
					TypeCache.ScanAssembly (304ms)
				ResolveRequiredComponents (4ms)
		FinalizeReload (0ms)
			ReleaseScriptCaches (0ms)
			RebuildScriptCaches (0ms)
			SetupLoadedEditorAssemblies (562ms)
				LogAssemblyErrors (0ms)
				InitializePlatformSupportModulesInManaged (9ms)
				SetLoadedEditorAssemblies (7ms)
				RefreshPlugins (0ms)
				BeforeProcessingInitializeOnLoad (86ms)
				ProcessInitializeOnLoadAttributes (420ms)
				ProcessInitializeOnLoadMethodAttributes (31ms)
				AfterProcessingInitializeOnLoad (10ms)
				EditorAssembliesLoaded (0ms)
			ExecutionOrderSort2 (0ms)
			AwakeInstancesAfterBackupRestoration (13ms)
Refreshing native plugins compatible for Editor in 4.66 ms, found 3 plugins.
Preloading 0 native plugins for Editor in 0.00 ms.
Unloading 3119 Unused Serialized files (Serialized files now loaded: 0)
Unloading 20 unused Assets / (30.5 KB). Loaded Objects now: 3858.
Memory consumption went from 113.0 MB to 113.0 MB.
Total: 5.845300 ms (FindLiveObjects: 0.388700 ms CreateObjectMapping: 0.388300 ms MarkObjects: 4.987800 ms  DeleteObjects: 0.079300 ms)

Prepare: number of updated asset objects reloaded= 0
AssetImportParameters requested are different than current active one (requested -> active):
  custom:container-demuxer-ogg: 62fdf1f143b41e24485cea50d1cbac27 -> 
  custom:video-codec-MediaFoundation-h265: 746d11721c4dcdbdad8f713fa42b33f4 -> 
  custom:video-decoder-ogg-theora: a1e56fd34408186e4bbccfd4996cb3dc -> 
  custom:framework-win-MediaFoundation: 216162199b28c13a410421893ffa2e32 -> 
  custom:container-demuxer-webm: 4f35f7cbe854078d1ac9338744f61a02 -> 
  custom:container-muxer-webm: aa71ff27fc2769a1b78a27578f13a17b -> 
  custom:video-decoder-webm-vp8: 9c59270c3fd7afecdb556c50c9e8de78 -> 
  custom:AudioImporter_EditorPlatform: d09bf68614088b80899f8185d706f6e7 -> 
  custom:video-encoder-webm-vp8: eb34c28f22e8b96e1ab97ce403110664 -> 
  custom:audio-decoder-ogg-vorbis: bf7c407c2cedff20999df2af8eb42d56 -> 
  custom:audio-encoder-webm-vorbis: bf7c407c2cedff20999df2af8eb42d56 -> 
========================================================================
Received Import Request.
  Time since last request: 307.376957 seconds.
  path: Assets/Prefabs/bala.prefab
  artifactKey: Guid(0295a8eba3e21574b9385de076b64668) Importer(815301076,1909f56bfc062723c751e8b465ee728b)
Start importing Assets/Prefabs/bala.prefab using Guid(0295a8eba3e21574b9385de076b64668) Importer(815301076,1909f56bfc062723c751e8b465ee728b)  -> (artifact id: '6f979cc9159da0b4dc6757042746391d') in 0.151614 seconds
Number of updated asset objects reloaded before import = 0
Number of asset objects unloaded after import = 9
========================================================================
Received Import Request.
  Time since last request: 95.088659 seconds.
  path: Assets/Prefabs/bala.prefab
  artifactKey: Guid(0295a8eba3e21574b9385de076b64668) Importer(815301076,1909f56bfc062723c751e8b465ee728b)
Start importing Assets/Prefabs/bala.prefab using Guid(0295a8eba3e21574b9385de076b64668) Importer(815301076,1909f56bfc062723c751e8b465ee728b)  -> (artifact id: 'cb25cf7bbc3dca1febb267d715aa851c') in 0.012711 seconds
Number of updated asset objects reloaded before import = 0
Number of asset objects unloaded after import = 9
========================================================================
Received Import Request.
  Time since last request: 3.198323 seconds.
  path: Assets/Prefabs/bala_doble (1).prefab
  artifactKey: Guid(2dbe57ccc5dec4542a6666b93a24bbfc) Importer(815301076,1909f56bfc062723c751e8b465ee728b)
Start importing Assets/Prefabs/bala_doble (1).prefab using Guid(2dbe57ccc5dec4542a6666b93a24bbfc) Importer(815301076,1909f56bfc062723c751e8b465ee728b)  -> (artifact id: '6f42368368f6ecdbd1c92ae8fe728c67') in 0.023429 seconds
Number of updated asset objects reloaded before import = 0
Number of asset objects unloaded after import = 10
========================================================================
Received Prepare
Begin MonoManager ReloadAssembly
Symbol file LoadedFromMemory doesn't match image C:\Users\aleza\My project (1)\Library\PackageCache\com.unity.visualscripting@1.8.0\Editor\VisualScripting.Core\Dependencies\YamlDotNet\Unity.VisualScripting.YamlDotNet.dll
Symbol file LoadedFromMemory doesn't match image C:\Users\aleza\My project (1)\Library\PackageCache\com.unity.visualscripting@1.8.0\Editor\VisualScripting.Core\Dependencies\DotNetZip\Unity.VisualScripting.IonicZip.dll
- Loaded All Assemblies, in  0.793 seconds
Refreshing native plugins compatible for Editor in 3.17 ms, found 3 plugins.
Native extension for WindowsStandalone target not found
Mono: successfully reloaded assembly
- Finished resetting the current domain, in  1.486 seconds
Domain Reload Profiling:
	ReloadAssembly (256ms)
		BeginReloadAssembly (162ms)
			ExecutionOrderSort (0ms)
			DisableScriptedObjects (9ms)
			BackupInstance (0ms)
			ReleaseScriptingObjects (0ms)
			CreateAndSetChildDomain (45ms)
		LoadAllAssembliesAndSetupDomain (534ms)
			LoadAssemblies (278ms)
			RebuildTransferFunctionScriptingTraits (0ms)
			SetupTypeCache (325ms)
				TypeCache.Initialize (319ms)
					TypeCache.ScanAssembly (309ms)
				ResolveRequiredComponents (6ms)
		FinalizeReload (0ms)
			ReleaseScriptCaches (0ms)
			RebuildScriptCaches (0ms)
			SetupLoadedEditorAssemblies (689ms)
				LogAssemblyErrors (0ms)
				InitializePlatformSupportModulesInManaged (14ms)
				SetLoadedEditorAssemblies (5ms)
				RefreshPlugins (0ms)
				BeforeProcessingInitializeOnLoad (109ms)
				ProcessInitializeOnLoadAttributes (517ms)
				ProcessInitializeOnLoadMethodAttributes (33ms)
				AfterProcessingInitializeOnLoad (10ms)
				EditorAssembliesLoaded (0ms)
			ExecutionOrderSort2 (0ms)
			AwakeInstancesAfterBackupRestoration (13ms)
Refreshing native plugins compatible for Editor in 4.72 ms, found 3 plugins.
Preloading 0 native plugins for Editor in 0.00 ms.
Unloading 3118 Unused Serialized files (Serialized files now loaded: 0)
Unloading 20 unused Assets / (30.5 KB). Loaded Objects now: 3861.
Memory consumption went from 112.7 MB to 112.7 MB.
Total: 5.497100 ms (FindLiveObjects: 0.387800 ms CreateObjectMapping: 0.556500 ms MarkObjects: 4.487000 ms  DeleteObjects: 0.064500 ms)

Prepare: number of updated asset objects reloaded= 0
AssetImportParameters requested are different than current active one (requested -> active):
  custom:container-demuxer-ogg: 62fdf1f143b41e24485cea50d1cbac27 -> 
  custom:video-codec-MediaFoundation-h265: 746d11721c4dcdbdad8f713fa42b33f4 -> 
  custom:video-decoder-ogg-theora: a1e56fd34408186e4bbccfd4996cb3dc -> 
  custom:framework-win-MediaFoundation: 216162199b28c13a410421893ffa2e32 -> 
  custom:container-demuxer-webm: 4f35f7cbe854078d1ac9338744f61a02 -> 
  custom:container-muxer-webm: aa71ff27fc2769a1b78a27578f13a17b -> 
  custom:video-decoder-webm-vp8: 9c59270c3fd7afecdb556c50c9e8de78 -> 
  custom:AudioImporter_EditorPlatform: d09bf68614088b80899f8185d706f6e7 -> 
  custom:video-encoder-webm-vp8: eb34c28f22e8b96e1ab97ce403110664 -> 
  custom:audio-decoder-ogg-vorbis: bf7c407c2cedff20999df2af8eb42d56 -> 
  custom:audio-encoder-webm-vorbis: bf7c407c2cedff20999df2af8eb42d56 -> 
========================================================================
Received Prepare
Begin MonoManager ReloadAssembly
Symbol file LoadedFromMemory doesn't match image C:\Users\aleza\My project (1)\Library\PackageCache\com.unity.visualscripting@1.8.0\Editor\VisualScripting.Core\Dependencies\YamlDotNet\Unity.VisualScripting.YamlDotNet.dll
Symbol file LoadedFromMemory doesn't match image C:\Users\aleza\My project (1)\Library\PackageCache\com.unity.visualscripting@1.8.0\Editor\VisualScripting.Core\Dependencies\DotNetZip\Unity.VisualScripting.IonicZip.dll
- Loaded All Assemblies, in  0.824 seconds
Refreshing native plugins compatible for Editor in 2.82 ms, found 3 plugins.
Native extension for WindowsStandalone target not found
Mono: successfully reloaded assembly
- Finished resetting the current domain, in  1.036 seconds
Domain Reload Profiling:
	ReloadAssembly (291ms)
		BeginReloadAssembly (196ms)
			ExecutionOrderSort (0ms)
			DisableScriptedObjects (7ms)
			BackupInstance (0ms)
			ReleaseScriptingObjects (0ms)
			CreateAndSetChildDomain (53ms)
		LoadAllAssembliesAndSetupDomain (531ms)
			LoadAssemblies (309ms)
			RebuildTransferFunctionScriptingTraits (0ms)
			SetupTypeCache (314ms)
				TypeCache.Initialize (306ms)
					TypeCache.ScanAssembly (299ms)
				ResolveRequiredComponents (5ms)
		FinalizeReload (0ms)
			ReleaseScriptCaches (0ms)
			RebuildScriptCaches (0ms)
			SetupLoadedEditorAssemblies (371ms)
				LogAssemblyErrors (0ms)
				InitializePlatformSupportModulesInManaged (7ms)
				SetLoadedEditorAssemblies (4ms)
				RefreshPlugins (0ms)
				BeforeProcessingInitializeOnLoad (60ms)
				ProcessInitializeOnLoadAttributes (276ms)
				ProcessInitializeOnLoadMethodAttributes (18ms)
				AfterProcessingInitializeOnLoad (6ms)
				EditorAssembliesLoaded (0ms)
			ExecutionOrderSort2 (0ms)
			AwakeInstancesAfterBackupRestoration (8ms)
Refreshing native plugins compatible for Editor in 2.90 ms, found 3 plugins.
Preloading 0 native plugins for Editor in 0.00 ms.
Unloading 3119 Unused Serialized files (Serialized files now loaded: 0)
Unloading 20 unused Assets / (30.5 KB). Loaded Objects now: 3864.
Memory consumption went from 113.0 MB to 113.0 MB.
Total: 3.692000 ms (FindLiveObjects: 0.329400 ms CreateObjectMapping: 0.220200 ms MarkObjects: 3.095000 ms  DeleteObjects: 0.046400 ms)

Prepare: number of updated asset objects reloaded= 0
AssetImportParameters requested are different than current active one (requested -> active):
  custom:container-demuxer-ogg: 62fdf1f143b41e24485cea50d1cbac27 -> 
  custom:video-codec-MediaFoundation-h265: 746d11721c4dcdbdad8f713fa42b33f4 -> 
  custom:video-decoder-ogg-theora: a1e56fd34408186e4bbccfd4996cb3dc -> 
  custom:framework-win-MediaFoundation: 216162199b28c13a410421893ffa2e32 -> 
  custom:container-demuxer-webm: 4f35f7cbe854078d1ac9338744f61a02 -> 
  custom:container-muxer-webm: aa71ff27fc2769a1b78a27578f13a17b -> 
  custom:video-decoder-webm-vp8: 9c59270c3fd7afecdb556c50c9e8de78 -> 
  custom:AudioImporter_EditorPlatform: d09bf68614088b80899f8185d706f6e7 -> 
  custom:video-encoder-webm-vp8: eb34c28f22e8b96e1ab97ce403110664 -> 
  custom:audio-decoder-ogg-vorbis: bf7c407c2cedff20999df2af8eb42d56 -> 
  custom:audio-encoder-webm-vorbis: bf7c407c2cedff20999df2af8eb42d56 -> 
========================================================================
Received Import Request.
  Time since last request: 97.172079 seconds.
  path: Assets/Prefabs/bala.prefab
  artifactKey: Guid(0295a8eba3e21574b9385de076b64668) Importer(815301076,1909f56bfc062723c751e8b465ee728b)
Start importing Assets/Prefabs/bala.prefab using Guid(0295a8eba3e21574b9385de076b64668) Importer(815301076,1909f56bfc062723c751e8b465ee728b)  -> (artifact id: 'b7327d8c3ae8f91bcb08fd14f49cd8bb') in 0.083315 seconds
Number of updated asset objects reloaded before import = 0
Number of asset objects unloaded after import = 9
========================================================================
Received Prepare
Begin MonoManager ReloadAssembly
Symbol file LoadedFromMemory doesn't match image C:\Users\aleza\My project (1)\Library\PackageCache\com.unity.visualscripting@1.8.0\Editor\VisualScripting.Core\Dependencies\YamlDotNet\Unity.VisualScripting.YamlDotNet.dll
Symbol file LoadedFromMemory doesn't match image C:\Users\aleza\My project (1)\Library\PackageCache\com.unity.visualscripting@1.8.0\Editor\VisualScripting.Core\Dependencies\DotNetZip\Unity.VisualScripting.IonicZip.dll
- Loaded All Assemblies, in  0.803 seconds
Refreshing native plugins compatible for Editor in 3.91 ms, found 3 plugins.
Native extension for WindowsStandalone target not found
Mono: successfully reloaded assembly
- Finished resetting the current domain, in  1.332 seconds
Domain Reload Profiling:
	ReloadAssembly (248ms)
		BeginReloadAssembly (150ms)
			ExecutionOrderSort (0ms)
			DisableScriptedObjects (6ms)
			BackupInstance (0ms)
			ReleaseScriptingObjects (0ms)
			CreateAndSetChildDomain (41ms)
		LoadAllAssembliesAndSetupDomain (553ms)
			LoadAssemblies (283ms)
			RebuildTransferFunctionScriptingTraits (0ms)
			SetupTypeCache (335ms)
				TypeCache.Initialize (329ms)
					TypeCache.ScanAssembly (319ms)
				ResolveRequiredComponents (6ms)
		FinalizeReload (0ms)
			ReleaseScriptCaches (0ms)
			RebuildScriptCaches (0ms)
			SetupLoadedEditorAssemblies (598ms)
				LogAssemblyErrors (0ms)
				InitializePlatformSupportModulesInManaged (11ms)
				SetLoadedEditorAssemblies (5ms)
				RefreshPlugins (0ms)
				BeforeProcessingInitializeOnLoad (91ms)
				ProcessInitializeOnLoadAttributes (447ms)
				ProcessInitializeOnLoadMethodAttributes (33ms)
				AfterProcessingInitializeOnLoad (11ms)
				EditorAssembliesLoaded (0ms)
			ExecutionOrderSort2 (0ms)
			AwakeInstancesAfterBackupRestoration (13ms)
Refreshing native plugins compatible for Editor in 6.54 ms, found 3 plugins.
Preloading 0 native plugins for Editor in 0.00 ms.
Unloading 3118 Unused Serialized files (Serialized files now loaded: 0)
Unloading 20 unused Assets / (30.5 KB). Loaded Objects now: 3867.
Memory consumption went from 112.7 MB to 112.7 MB.
Total: 6.327800 ms (FindLiveObjects: 0.471100 ms CreateObjectMapping: 0.338500 ms MarkObjects: 5.419800 ms  DeleteObjects: 0.096500 ms)

Prepare: number of updated asset objects reloaded= 0
AssetImportParameters requested are different than current active one (requested -> active):
  custom:container-demuxer-ogg: 62fdf1f143b41e24485cea50d1cbac27 -> 
  custom:video-codec-MediaFoundation-h265: 746d11721c4dcdbdad8f713fa42b33f4 -> 
  custom:video-decoder-ogg-theora: a1e56fd34408186e4bbccfd4996cb3dc -> 
  custom:framework-win-MediaFoundation: 216162199b28c13a410421893ffa2e32 -> 
  custom:container-demuxer-webm: 4f35f7cbe854078d1ac9338744f61a02 -> 
  custom:container-muxer-webm: aa71ff27fc2769a1b78a27578f13a17b -> 
  custom:video-decoder-webm-vp8: 9c59270c3fd7afecdb556c50c9e8de78 -> 
  custom:AudioImporter_EditorPlatform: d09bf68614088b80899f8185d706f6e7 -> 
  custom:video-encoder-webm-vp8: eb34c28f22e8b96e1ab97ce403110664 -> 
  custom:audio-decoder-ogg-vorbis: bf7c407c2cedff20999df2af8eb42d56 -> 
  custom:audio-encoder-webm-vorbis: bf7c407c2cedff20999df2af8eb42d56 -> 
========================================================================
Received Prepare
Begin MonoManager ReloadAssembly
Symbol file LoadedFromMemory doesn't match image C:\Users\aleza\My project (1)\Library\PackageCache\com.unity.visualscripting@1.8.0\Editor\VisualScripting.Core\Dependencies\YamlDotNet\Unity.VisualScripting.YamlDotNet.dll
Symbol file LoadedFromMemory doesn't match image C:\Users\aleza\My project (1)\Library\PackageCache\com.unity.visualscripting@1.8.0\Editor\VisualScripting.Core\Dependencies\DotNetZip\Unity.VisualScripting.IonicZip.dll
- Loaded All Assemblies, in  0.784 seconds
Refreshing native plugins compatible for Editor in 2.90 ms, found 3 plugins.
Native extension for WindowsStandalone target not found
Mono: successfully reloaded assembly
- Finished resetting the current domain, in  1.182 seconds
Domain Reload Profiling:
	ReloadAssembly (256ms)
		BeginReloadAssembly (166ms)
			ExecutionOrderSort (0ms)
			DisableScriptedObjects (10ms)
			BackupInstance (0ms)
			ReleaseScriptingObjects (0ms)
			CreateAndSetChildDomain (48ms)
		LoadAllAssembliesAndSetupDomain (525ms)
			LoadAssemblies (270ms)
			RebuildTransferFunctionScriptingTraits (0ms)
			SetupTypeCache (321ms)
				TypeCache.Initialize (317ms)
					TypeCache.ScanAssembly (311ms)
				ResolveRequiredComponents (4ms)
		FinalizeReload (0ms)
			ReleaseScriptCaches (0ms)
			RebuildScriptCaches (0ms)
			SetupLoadedEditorAssemblies (541ms)
				LogAssemblyErrors (0ms)
				InitializePlatformSupportModulesInManaged (9ms)
				SetLoadedEditorAssemblies (6ms)
				RefreshPlugins (0ms)
				BeforeProcessingInitializeOnLoad (86ms)
				ProcessInitializeOnLoadAttributes (399ms)
				ProcessInitializeOnLoadMethodAttributes (32ms)
				AfterProcessingInitializeOnLoad (9ms)
				EditorAssembliesLoaded (0ms)
			ExecutionOrderSort2 (0ms)
			AwakeInstancesAfterBackupRestoration (14ms)
Refreshing native plugins compatible for Editor in 4.35 ms, found 3 plugins.
Preloading 0 native plugins for Editor in 0.00 ms.
Unloading 3119 Unused Serialized files (Serialized files now loaded: 0)
Unloading 20 unused Assets / (30.5 KB). Loaded Objects now: 3870.
Memory consumption went from 113.0 MB to 113.0 MB.
Total: 4.115700 ms (FindLiveObjects: 0.535300 ms CreateObjectMapping: 0.790800 ms MarkObjects: 2.735800 ms  DeleteObjects: 0.052200 ms)

Prepare: number of updated asset objects reloaded= 0
AssetImportParameters requested are different than current active one (requested -> active):
  custom:container-demuxer-ogg: 62fdf1f143b41e24485cea50d1cbac27 -> 
  custom:video-codec-MediaFoundation-h265: 746d11721c4dcdbdad8f713fa42b33f4 -> 
  custom:video-decoder-ogg-theora: a1e56fd34408186e4bbccfd4996cb3dc -> 
  custom:framework-win-MediaFoundation: 216162199b28c13a410421893ffa2e32 -> 
  custom:container-demuxer-webm: 4f35f7cbe854078d1ac9338744f61a02 -> 
  custom:container-muxer-webm: aa71ff27fc2769a1b78a27578f13a17b -> 
  custom:video-decoder-webm-vp8: 9c59270c3fd7afecdb556c50c9e8de78 -> 
  custom:AudioImporter_EditorPlatform: d09bf68614088b80899f8185d706f6e7 -> 
  custom:video-encoder-webm-vp8: eb34c28f22e8b96e1ab97ce403110664 -> 
  custom:audio-decoder-ogg-vorbis: bf7c407c2cedff20999df2af8eb42d56 -> 
  custom:audio-encoder-webm-vorbis: bf7c407c2cedff20999df2af8eb42d56 -> 
========================================================================
Received Prepare
Begin MonoManager ReloadAssembly
Symbol file LoadedFromMemory doesn't match image C:\Users\aleza\My project (1)\Library\PackageCache\com.unity.visualscripting@1.8.0\Editor\VisualScripting.Core\Dependencies\YamlDotNet\Unity.VisualScripting.YamlDotNet.dll
Symbol file LoadedFromMemory doesn't match image C:\Users\aleza\My project (1)\Library\PackageCache\com.unity.visualscripting@1.8.0\Editor\VisualScripting.Core\Dependencies\DotNetZip\Unity.VisualScripting.IonicZip.dll
- Loaded All Assemblies, in  0.770 seconds
Refreshing native plugins compatible for Editor in 3.09 ms, found 3 plugins.
Native extension for WindowsStandalone target not found
Mono: successfully reloaded assembly
- Finished resetting the current domain, in  1.196 seconds
Domain Reload Profiling:
	ReloadAssembly (249ms)
		BeginReloadAssembly (158ms)
			ExecutionOrderSort (0ms)
			DisableScriptedObjects (6ms)
			BackupInstance (0ms)
			ReleaseScriptingObjects (0ms)
			CreateAndSetChildDomain (41ms)
		LoadAllAssembliesAndSetupDomain (519ms)
			LoadAssemblies (279ms)
			RebuildTransferFunctionScriptingTraits (0ms)
			SetupTypeCache (308ms)
				TypeCache.Initialize (304ms)
					TypeCache.ScanAssembly (297ms)
				ResolveRequiredComponents (4ms)
		FinalizeReload (0ms)
			ReleaseScriptCaches (0ms)
			RebuildScriptCaches (0ms)
			SetupLoadedEditorAssemblies (544ms)
				LogAssemblyErrors (0ms)
				InitializePlatformSupportModulesInManaged (10ms)
				SetLoadedEditorAssemblies (8ms)
				RefreshPlugins (0ms)
				BeforeProcessingInitializeOnLoad (86ms)
				ProcessInitializeOnLoadAttributes (398ms)
				ProcessInitializeOnLoadMethodAttributes (32ms)
				AfterProcessingInitializeOnLoad (10ms)
				EditorAssembliesLoaded (0ms)
			ExecutionOrderSort2 (0ms)
			AwakeInstancesAfterBackupRestoration (13ms)
Refreshing native plugins compatible for Editor in 4.88 ms, found 3 plugins.
Preloading 0 native plugins for Editor in 0.00 ms.
Unloading 3119 Unused Serialized files (Serialized files now loaded: 0)
Unloading 20 unused Assets / (30.5 KB). Loaded Objects now: 3873.
Memory consumption went from 113.0 MB to 113.0 MB.
Total: 3.545600 ms (FindLiveObjects: 0.294200 ms CreateObjectMapping: 0.262900 ms MarkObjects: 2.922300 ms  DeleteObjects: 0.064800 ms)

Prepare: number of updated asset objects reloaded= 0
AssetImportParameters requested are different than current active one (requested -> active):
  custom:container-demuxer-ogg: 62fdf1f143b41e24485cea50d1cbac27 -> 
  custom:video-codec-MediaFoundation-h265: 746d11721c4dcdbdad8f713fa42b33f4 -> 
  custom:video-decoder-ogg-theora: a1e56fd34408186e4bbccfd4996cb3dc -> 
  custom:framework-win-MediaFoundation: 216162199b28c13a410421893ffa2e32 -> 
  custom:container-demuxer-webm: 4f35f7cbe854078d1ac9338744f61a02 -> 
  custom:container-muxer-webm: aa71ff27fc2769a1b78a27578f13a17b -> 
  custom:video-decoder-webm-vp8: 9c59270c3fd7afecdb556c50c9e8de78 -> 
  custom:AudioImporter_EditorPlatform: d09bf68614088b80899f8185d706f6e7 -> 
  custom:video-encoder-webm-vp8: eb34c28f22e8b96e1ab97ce403110664 -> 
  custom:audio-decoder-ogg-vorbis: bf7c407c2cedff20999df2af8eb42d56 -> 
  custom:audio-encoder-webm-vorbis: bf7c407c2cedff20999df2af8eb42d56 -> 
========================================================================
Received Prepare
Begin MonoManager ReloadAssembly
Symbol file LoadedFromMemory doesn't match image C:\Users\aleza\My project (1)\Library\PackageCache\com.unity.visualscripting@1.8.0\Editor\VisualScripting.Core\Dependencies\YamlDotNet\Unity.VisualScripting.YamlDotNet.dll
Symbol file LoadedFromMemory doesn't match image C:\Users\aleza\My project (1)\Library\PackageCache\com.unity.visualscripting@1.8.0\Editor\VisualScripting.Core\Dependencies\DotNetZip\Unity.VisualScripting.IonicZip.dll
- Loaded All Assemblies, in  0.951 seconds
Refreshing native plugins compatible for Editor in 4.42 ms, found 3 plugins.
Native extension for WindowsStandalone target not found
Mono: successfully reloaded assembly
- Finished resetting the current domain, in  1.206 seconds
Domain Reload Profiling:
	ReloadAssembly (250ms)
		BeginReloadAssembly (165ms)
			ExecutionOrderSort (0ms)
			DisableScriptedObjects (6ms)
			BackupInstance (0ms)
			ReleaseScriptingObjects (0ms)
			CreateAndSetChildDomain (45ms)
		LoadAllAssembliesAndSetupDomain (698ms)
			LoadAssemblies (311ms)
			RebuildTransferFunctionScriptingTraits (0ms)
			SetupTypeCache (466ms)
				TypeCache.Initialize (461ms)
					TypeCache.ScanAssembly (450ms)
				ResolveRequiredComponents (6ms)
		FinalizeReload (0ms)
			ReleaseScriptCaches (0ms)
			RebuildScriptCaches (0ms)
			SetupLoadedEditorAssemblies (551ms)
				LogAssemblyErrors (0ms)
				InitializePlatformSupportModulesInManaged (9ms)
				SetLoadedEditorAssemblies (7ms)
				RefreshPlugins (0ms)
				BeforeProcessingInitializeOnLoad (85ms)
				ProcessInitializeOnLoadAttributes (413ms)
				ProcessInitializeOnLoadMethodAttributes (28ms)
				AfterProcessingInitializeOnLoad (10ms)
				EditorAssembliesLoaded (0ms)
			ExecutionOrderSort2 (0ms)
			AwakeInstancesAfterBackupRestoration (13ms)
Refreshing native plugins compatible for Editor in 5.18 ms, found 3 plugins.
Preloading 0 native plugins for Editor in 0.00 ms.
Unloading 3119 Unused Serialized files (Serialized files now loaded: 0)
Unloading 20 unused Assets / (30.5 KB). Loaded Objects now: 3876.
Memory consumption went from 113.0 MB to 113.0 MB.
Total: 6.841900 ms (FindLiveObjects: 0.451500 ms CreateObjectMapping: 0.379300 ms MarkObjects: 5.950000 ms  DeleteObjects: 0.060000 ms)

Prepare: number of updated asset objects reloaded= 0
AssetImportParameters requested are different than current active one (requested -> active):
  custom:container-demuxer-ogg: 62fdf1f143b41e24485cea50d1cbac27 -> 
  custom:video-codec-MediaFoundation-h265: 746d11721c4dcdbdad8f713fa42b33f4 -> 
  custom:video-decoder-ogg-theora: a1e56fd34408186e4bbccfd4996cb3dc -> 
  custom:framework-win-MediaFoundation: 216162199b28c13a410421893ffa2e32 -> 
  custom:container-demuxer-webm: 4f35f7cbe854078d1ac9338744f61a02 -> 
  custom:container-muxer-webm: aa71ff27fc2769a1b78a27578f13a17b -> 
  custom:video-decoder-webm-vp8: 9c59270c3fd7afecdb556c50c9e8de78 -> 
  custom:AudioImporter_EditorPlatform: d09bf68614088b80899f8185d706f6e7 -> 
  custom:video-encoder-webm-vp8: eb34c28f22e8b96e1ab97ce403110664 -> 
  custom:audio-decoder-ogg-vorbis: bf7c407c2cedff20999df2af8eb42d56 -> 
  custom:audio-encoder-webm-vorbis: bf7c407c2cedff20999df2af8eb42d56 -> 
========================================================================
Received Prepare
Begin MonoManager ReloadAssembly
Symbol file LoadedFromMemory doesn't match image C:\Users\aleza\My project (1)\Library\PackageCache\com.unity.visualscripting@1.8.0\Editor\VisualScripting.Core\Dependencies\YamlDotNet\Unity.VisualScripting.YamlDotNet.dll
Symbol file LoadedFromMemory doesn't match image C:\Users\aleza\My project (1)\Library\PackageCache\com.unity.visualscripting@1.8.0\Editor\VisualScripting.Core\Dependencies\DotNetZip\Unity.VisualScripting.IonicZip.dll
- Loaded All Assemblies, in  0.850 seconds
Refreshing native plugins compatible for Editor in 4.63 ms, found 3 plugins.
Native extension for WindowsStandalone target not found
Mono: successfully reloaded assembly
- Finished resetting the current domain, in  1.031 seconds
Domain Reload Profiling:
	ReloadAssembly (236ms)
		BeginReloadAssembly (152ms)
			ExecutionOrderSort (0ms)
			DisableScriptedObjects (6ms)
			BackupInstance (0ms)
			ReleaseScriptingObjects (0ms)
			CreateAndSetChildDomain (38ms)
		LoadAllAssembliesAndSetupDomain (612ms)
			LoadAssemblies (286ms)
			RebuildTransferFunctionScriptingTraits (0ms)
			SetupTypeCache (393ms)
				TypeCache.Initialize (383ms)
					TypeCache.ScanAssembly (372ms)
				ResolveRequiredComponents (6ms)
		FinalizeReload (0ms)
			ReleaseScriptCaches (0ms)
			RebuildScriptCaches (0ms)
			SetupLoadedEditorAssemblies (462ms)
				LogAssemblyErrors (0ms)
				InitializePlatformSupportModulesInManaged (6ms)
				SetLoadedEditorAssemblies (4ms)
				RefreshPlugins (0ms)
				BeforeProcessingInitializeOnLoad (57ms)
				ProcessInitializeOnLoadAttributes (361ms)
				ProcessInitializeOnLoadMethodAttributes (25ms)
				AfterProcessingInitializeOnLoad (9ms)
				EditorAssembliesLoaded (0ms)
			ExecutionOrderSort2 (0ms)
			AwakeInstancesAfterBackupRestoration (12ms)
Refreshing native plugins compatible for Editor in 5.13 ms, found 3 plugins.
Preloading 0 native plugins for Editor in 0.00 ms.
Unloading 3119 Unused Serialized files (Serialized files now loaded: 0)
Unloading 20 unused Assets / (30.5 KB). Loaded Objects now: 3879.
Memory consumption went from 113.1 MB to 113.0 MB.
Total: 5.894300 ms (FindLiveObjects: 0.376500 ms CreateObjectMapping: 0.243400 ms MarkObjects: 5.222700 ms  DeleteObjects: 0.050600 ms)

Prepare: number of updated asset objects reloaded= 0
AssetImportParameters requested are different than current active one (requested -> active):
  custom:container-demuxer-ogg: 62fdf1f143b41e24485cea50d1cbac27 -> 
  custom:video-codec-MediaFoundation-h265: 746d11721c4dcdbdad8f713fa42b33f4 -> 
  custom:video-decoder-ogg-theora: a1e56fd34408186e4bbccfd4996cb3dc -> 
  custom:framework-win-MediaFoundation: 216162199b28c13a410421893ffa2e32 -> 
  custom:container-demuxer-webm: 4f35f7cbe854078d1ac9338744f61a02 -> 
  custom:container-muxer-webm: aa71ff27fc2769a1b78a27578f13a17b -> 
  custom:video-decoder-webm-vp8: 9c59270c3fd7afecdb556c50c9e8de78 -> 
  custom:AudioImporter_EditorPlatform: d09bf68614088b80899f8185d706f6e7 -> 
  custom:video-encoder-webm-vp8: eb34c28f22e8b96e1ab97ce403110664 -> 
  custom:audio-decoder-ogg-vorbis: bf7c407c2cedff20999df2af8eb42d56 -> 
  custom:audio-encoder-webm-vorbis: bf7c407c2cedff20999df2af8eb42d56 -> 
========================================================================
Received Prepare
Begin MonoManager ReloadAssembly
Symbol file LoadedFromMemory doesn't match image C:\Users\aleza\My project (1)\Library\PackageCache\com.unity.visualscripting@1.8.0\Editor\VisualScripting.Core\Dependencies\YamlDotNet\Unity.VisualScripting.YamlDotNet.dll
Symbol file LoadedFromMemory doesn't match image C:\Users\aleza\My project (1)\Library\PackageCache\com.unity.visualscripting@1.8.0\Editor\VisualScripting.Core\Dependencies\DotNetZip\Unity.VisualScripting.IonicZip.dll
- Loaded All Assemblies, in  0.815 seconds
Refreshing native plugins compatible for Editor in 3.02 ms, found 3 plugins.
Native extension for WindowsStandalone target not found
Mono: successfully reloaded assembly
- Finished resetting the current domain, in  1.297 seconds
Domain Reload Profiling:
	ReloadAssembly (229ms)
		BeginReloadAssembly (153ms)
			ExecutionOrderSort (0ms)
			DisableScriptedObjects (9ms)
			BackupInstance (0ms)
			ReleaseScriptingObjects (0ms)
			CreateAndSetChildDomain (40ms)
		LoadAllAssembliesAndSetupDomain (584ms)
			LoadAssemblies (325ms)
			RebuildTransferFunctionScriptingTraits (0ms)
			SetupTypeCache (319ms)
				TypeCache.Initialize (315ms)
					TypeCache.ScanAssembly (307ms)
				ResolveRequiredComponents (4ms)
		FinalizeReload (0ms)
			ReleaseScriptCaches (0ms)
			RebuildScriptCaches (0ms)
			SetupLoadedEditorAssemblies (644ms)
				LogAssemblyErrors (0ms)
				InitializePlatformSupportModulesInManaged (8ms)
				SetLoadedEditorAssemblies (3ms)
				RefreshPlugins (0ms)
				BeforeProcessingInitializeOnLoad (81ms)
				ProcessInitializeOnLoadAttributes (493ms)
				ProcessInitializeOnLoadMethodAttributes (46ms)
				AfterProcessingInitializeOnLoad (13ms)
				EditorAssembliesLoaded (0ms)
			ExecutionOrderSort2 (0ms)
			AwakeInstancesAfterBackupRestoration (17ms)
Refreshing native plugins compatible for Editor in 4.83 ms, found 3 plugins.
Preloading 0 native plugins for Editor in 0.00 ms.
Unloading 3119 Unused Serialized files (Serialized files now loaded: 0)
Unloading 20 unused Assets / (30.5 KB). Loaded Objects now: 3882.
Memory consumption went from 113.1 MB to 113.0 MB.
Total: 4.568700 ms (FindLiveObjects: 0.500300 ms CreateObjectMapping: 0.285300 ms MarkObjects: 3.720100 ms  DeleteObjects: 0.061600 ms)

Prepare: number of updated asset objects reloaded= 0
AssetImportParameters requested are different than current active one (requested -> active):
  custom:container-demuxer-ogg: 62fdf1f143b41e24485cea50d1cbac27 -> 
  custom:video-codec-MediaFoundation-h265: 746d11721c4dcdbdad8f713fa42b33f4 -> 
  custom:video-decoder-ogg-theora: a1e56fd34408186e4bbccfd4996cb3dc -> 
  custom:framework-win-MediaFoundation: 216162199b28c13a410421893ffa2e32 -> 
  custom:container-demuxer-webm: 4f35f7cbe854078d1ac9338744f61a02 -> 
  custom:container-muxer-webm: aa71ff27fc2769a1b78a27578f13a17b -> 
  custom:video-decoder-webm-vp8: 9c59270c3fd7afecdb556c50c9e8de78 -> 
  custom:AudioImporter_EditorPlatform: d09bf68614088b80899f8185d706f6e7 -> 
  custom:video-encoder-webm-vp8: eb34c28f22e8b96e1ab97ce403110664 -> 
  custom:audio-decoder-ogg-vorbis: bf7c407c2cedff20999df2af8eb42d56 -> 
  custom:audio-encoder-webm-vorbis: bf7c407c2cedff20999df2af8eb42d56 -> 
========================================================================
Received Prepare
Begin MonoManager ReloadAssembly
Symbol file LoadedFromMemory doesn't match image C:\Users\aleza\My project (1)\Library\PackageCache\com.unity.visualscripting@1.8.0\Editor\VisualScripting.Core\Dependencies\YamlDotNet\Unity.VisualScripting.YamlDotNet.dll
Symbol file LoadedFromMemory doesn't match image C:\Users\aleza\My project (1)\Library\PackageCache\com.unity.visualscripting@1.8.0\Editor\VisualScripting.Core\Dependencies\DotNetZip\Unity.VisualScripting.IonicZip.dll
- Loaded All Assemblies, in  0.799 seconds
Refreshing native plugins compatible for Editor in 4.24 ms, found 3 plugins.
Native extension for WindowsStandalone target not found
Mono: successfully reloaded assembly
- Finished resetting the current domain, in  1.245 seconds
Domain Reload Profiling:
	ReloadAssembly (243ms)
		BeginReloadAssembly (161ms)
			ExecutionOrderSort (0ms)
			DisableScriptedObjects (6ms)
			BackupInstance (0ms)
			ReleaseScriptingObjects (0ms)
			CreateAndSetChildDomain (41ms)
		LoadAllAssembliesAndSetupDomain (553ms)
			LoadAssemblies (296ms)
			RebuildTransferFunctionScriptingTraits (0ms)
			SetupTypeCache (328ms)
				TypeCache.Initialize (320ms)
					TypeCache.ScanAssembly (311ms)
				ResolveRequiredComponents (7ms)
		FinalizeReload (0ms)
			ReleaseScriptCaches (0ms)
			RebuildScriptCaches (0ms)
			SetupLoadedEditorAssemblies (575ms)
				LogAssemblyErrors (0ms)
				InitializePlatformSupportModulesInManaged (9ms)
				SetLoadedEditorAssemblies (5ms)
				RefreshPlugins (0ms)
				BeforeProcessingInitializeOnLoad (85ms)
				ProcessInitializeOnLoadAttributes (434ms)
				ProcessInitializeOnLoadMethodAttributes (32ms)
				AfterProcessingInitializeOnLoad (9ms)
				EditorAssembliesLoaded (0ms)
			ExecutionOrderSort2 (0ms)
			AwakeInstancesAfterBackupRestoration (12ms)
Refreshing native plugins compatible for Editor in 5.31 ms, found 3 plugins.
Preloading 0 native plugins for Editor in 0.00 ms.
Unloading 3119 Unused Serialized files (Serialized files now loaded: 0)
Unloading 20 unused Assets / (30.5 KB). Loaded Objects now: 3885.
Memory consumption went from 113.1 MB to 113.0 MB.
Total: 4.825900 ms (FindLiveObjects: 0.534400 ms CreateObjectMapping: 0.341000 ms MarkObjects: 3.874700 ms  DeleteObjects: 0.074000 ms)

Prepare: number of updated asset objects reloaded= 0
AssetImportParameters requested are different than current active one (requested -> active):
  custom:container-demuxer-ogg: 62fdf1f143b41e24485cea50d1cbac27 -> 
  custom:video-codec-MediaFoundation-h265: 746d11721c4dcdbdad8f713fa42b33f4 -> 
  custom:video-decoder-ogg-theora: a1e56fd34408186e4bbccfd4996cb3dc -> 
  custom:framework-win-MediaFoundation: 216162199b28c13a410421893ffa2e32 -> 
  custom:container-demuxer-webm: 4f35f7cbe854078d1ac9338744f61a02 -> 
  custom:container-muxer-webm: aa71ff27fc2769a1b78a27578f13a17b -> 
  custom:video-decoder-webm-vp8: 9c59270c3fd7afecdb556c50c9e8de78 -> 
  custom:AudioImporter_EditorPlatform: d09bf68614088b80899f8185d706f6e7 -> 
  custom:video-encoder-webm-vp8: eb34c28f22e8b96e1ab97ce403110664 -> 
  custom:audio-decoder-ogg-vorbis: bf7c407c2cedff20999df2af8eb42d56 -> 
  custom:audio-encoder-webm-vorbis: bf7c407c2cedff20999df2af8eb42d56 -> 
========================================================================
Received Prepare
Begin MonoManager ReloadAssembly
Symbol file LoadedFromMemory doesn't match image C:\Users\aleza\My project (1)\Library\PackageCache\com.unity.visualscripting@1.8.0\Editor\VisualScripting.Core\Dependencies\YamlDotNet\Unity.VisualScripting.YamlDotNet.dll
Symbol file LoadedFromMemory doesn't match image C:\Users\aleza\My project (1)\Library\PackageCache\com.unity.visualscripting@1.8.0\Editor\VisualScripting.Core\Dependencies\DotNetZip\Unity.VisualScripting.IonicZip.dll
- Loaded All Assemblies, in  0.834 seconds
Refreshing native plugins compatible for Editor in 3.38 ms, found 3 plugins.
Native extension for WindowsStandalone target not found
Mono: successfully reloaded assembly
- Finished resetting the current domain, in  1.303 seconds
Domain Reload Profiling:
	ReloadAssembly (247ms)
		BeginReloadAssembly (162ms)
			ExecutionOrderSort (0ms)
			DisableScriptedObjects (6ms)
			BackupInstance (0ms)
			ReleaseScriptingObjects (0ms)
			CreateAndSetChildDomain (46ms)
		LoadAllAssembliesAndSetupDomain (585ms)
			LoadAssemblies (328ms)
			RebuildTransferFunctionScriptingTraits (0ms)
			SetupTypeCache (327ms)
				TypeCache.Initialize (319ms)
					TypeCache.ScanAssembly (311ms)
				ResolveRequiredComponents (7ms)
		FinalizeReload (0ms)
			ReleaseScriptCaches (0ms)
			RebuildScriptCaches (0ms)
			SetupLoadedEditorAssemblies (562ms)
				LogAssemblyErrors (0ms)
				InitializePlatformSupportModulesInManaged (9ms)
				SetLoadedEditorAssemblies (7ms)
				RefreshPlugins (0ms)
				BeforeProcessingInitializeOnLoad (87ms)
				ProcessInitializeOnLoadAttributes (418ms)
				ProcessInitializeOnLoadMethodAttributes (32ms)
				AfterProcessingInitializeOnLoad (8ms)
				EditorAssembliesLoaded (1ms)
			ExecutionOrderSort2 (0ms)
			AwakeInstancesAfterBackupRestoration (13ms)
Refreshing native plugins compatible for Editor in 3.24 ms, found 3 plugins.
Preloading 0 native plugins for Editor in 0.00 ms.
Unloading 3119 Unused Serialized files (Serialized files now loaded: 0)
Unloading 20 unused Assets / (30.5 KB). Loaded Objects now: 3888.
Memory consumption went from 113.1 MB to 113.0 MB.
Total: 5.846800 ms (FindLiveObjects: 0.305100 ms CreateObjectMapping: 0.280600 ms MarkObjects: 5.191400 ms  DeleteObjects: 0.068100 ms)

Prepare: number of updated asset objects reloaded= 0
AssetImportParameters requested are different than current active one (requested -> active):
  custom:container-demuxer-ogg: 62fdf1f143b41e24485cea50d1cbac27 -> 
  custom:video-codec-MediaFoundation-h265: 746d11721c4dcdbdad8f713fa42b33f4 -> 
  custom:video-decoder-ogg-theora: a1e56fd34408186e4bbccfd4996cb3dc -> 
  custom:framework-win-MediaFoundation: 216162199b28c13a410421893ffa2e32 -> 
  custom:container-demuxer-webm: 4f35f7cbe854078d1ac9338744f61a02 -> 
  custom:container-muxer-webm: aa71ff27fc2769a1b78a27578f13a17b -> 
  custom:video-decoder-webm-vp8: 9c59270c3fd7afecdb556c50c9e8de78 -> 
  custom:AudioImporter_EditorPlatform: d09bf68614088b80899f8185d706f6e7 -> 
  custom:video-encoder-webm-vp8: eb34c28f22e8b96e1ab97ce403110664 -> 
  custom:audio-decoder-ogg-vorbis: bf7c407c2cedff20999df2af8eb42d56 -> 
  custom:audio-encoder-webm-vorbis: bf7c407c2cedff20999df2af8eb42d56 -> 
========================================================================
Received Prepare
Begin MonoManager ReloadAssembly
Symbol file LoadedFromMemory doesn't match image C:\Users\aleza\My project (1)\Library\PackageCache\com.unity.visualscripting@1.8.0\Editor\VisualScripting.Core\Dependencies\YamlDotNet\Unity.VisualScripting.YamlDotNet.dll
Symbol file LoadedFromMemory doesn't match image C:\Users\aleza\My project (1)\Library\PackageCache\com.unity.visualscripting@1.8.0\Editor\VisualScripting.Core\Dependencies\DotNetZip\Unity.VisualScripting.IonicZip.dll
- Loaded All Assemblies, in  0.979 seconds
Refreshing native plugins compatible for Editor in 3.58 ms, found 3 plugins.
Native extension for WindowsStandalone target not found
Mono: successfully reloaded assembly
- Finished resetting the current domain, in  0.936 seconds
Domain Reload Profiling:
	ReloadAssembly (285ms)
		BeginReloadAssembly (183ms)
			ExecutionOrderSort (0ms)
			DisableScriptedObjects (6ms)
			BackupInstance (0ms)
			ReleaseScriptingObjects (0ms)
			CreateAndSetChildDomain (51ms)
		LoadAllAssembliesAndSetupDomain (691ms)
			LoadAssemblies (342ms)
			RebuildTransferFunctionScriptingTraits (0ms)
			SetupTypeCache (436ms)
				TypeCache.Initialize (429ms)
					TypeCache.ScanAssembly (422ms)
				ResolveRequiredComponents (6ms)
		FinalizeReload (0ms)
			ReleaseScriptCaches (0ms)
			RebuildScriptCaches (0ms)
			SetupLoadedEditorAssemblies (401ms)
				LogAssemblyErrors (0ms)
				InitializePlatformSupportModulesInManaged (9ms)
				SetLoadedEditorAssemblies (5ms)
				RefreshPlugins (0ms)
				BeforeProcessingInitializeOnLoad (71ms)
				ProcessInitializeOnLoadAttributes (290ms)
				ProcessInitializeOnLoadMethodAttributes (19ms)
				AfterProcessingInitializeOnLoad (6ms)
				EditorAssembliesLoaded (0ms)
			ExecutionOrderSort2 (0ms)
			AwakeInstancesAfterBackupRestoration (13ms)
Refreshing native plugins compatible for Editor in 2.75 ms, found 3 plugins.
Preloading 0 native plugins for Editor in 0.00 ms.
Unloading 3119 Unused Serialized files (Serialized files now loaded: 0)
Unloading 20 unused Assets / (30.5 KB). Loaded Objects now: 3891.
Memory consumption went from 113.1 MB to 113.0 MB.
Total: 5.277400 ms (FindLiveObjects: 0.305000 ms CreateObjectMapping: 0.692800 ms MarkObjects: 4.217000 ms  DeleteObjects: 0.061400 ms)

Prepare: number of updated asset objects reloaded= 0
AssetImportParameters requested are different than current active one (requested -> active):
  custom:container-demuxer-ogg: 62fdf1f143b41e24485cea50d1cbac27 -> 
  custom:video-codec-MediaFoundation-h265: 746d11721c4dcdbdad8f713fa42b33f4 -> 
  custom:video-decoder-ogg-theora: a1e56fd34408186e4bbccfd4996cb3dc -> 
  custom:framework-win-MediaFoundation: 216162199b28c13a410421893ffa2e32 -> 
  custom:container-demuxer-webm: 4f35f7cbe854078d1ac9338744f61a02 -> 
  custom:container-muxer-webm: aa71ff27fc2769a1b78a27578f13a17b -> 
  custom:video-decoder-webm-vp8: 9c59270c3fd7afecdb556c50c9e8de78 -> 
  custom:AudioImporter_EditorPlatform: d09bf68614088b80899f8185d706f6e7 -> 
  custom:video-encoder-webm-vp8: eb34c28f22e8b96e1ab97ce403110664 -> 
  custom:audio-decoder-ogg-vorbis: bf7c407c2cedff20999df2af8eb42d56 -> 
  custom:audio-encoder-webm-vorbis: bf7c407c2cedff20999df2af8eb42d56 -> 
========================================================================
Received Prepare
Begin MonoManager ReloadAssembly
Symbol file LoadedFromMemory doesn't match image C:\Users\aleza\My project (1)\Library\PackageCache\com.unity.visualscripting@1.8.0\Editor\VisualScripting.Core\Dependencies\YamlDotNet\Unity.VisualScripting.YamlDotNet.dll
Symbol file LoadedFromMemory doesn't match image C:\Users\aleza\My project (1)\Library\PackageCache\com.unity.visualscripting@1.8.0\Editor\VisualScripting.Core\Dependencies\DotNetZip\Unity.VisualScripting.IonicZip.dll
- Loaded All Assemblies, in  0.778 seconds
Refreshing native plugins compatible for Editor in 3.11 ms, found 3 plugins.
Native extension for WindowsStandalone target not found
Mono: successfully reloaded assembly
- Finished resetting the current domain, in  1.296 seconds
Domain Reload Profiling:
	ReloadAssembly (229ms)
		BeginReloadAssembly (148ms)
			ExecutionOrderSort (0ms)
			DisableScriptedObjects (5ms)
			BackupInstance (0ms)
			ReleaseScriptingObjects (0ms)
			CreateAndSetChildDomain (38ms)
		LoadAllAssembliesAndSetupDomain (547ms)
			LoadAssemblies (287ms)
			RebuildTransferFunctionScriptingTraits (0ms)
			SetupTypeCache (329ms)
				TypeCache.Initialize (323ms)
					TypeCache.ScanAssembly (316ms)
				ResolveRequiredComponents (5ms)
		FinalizeReload (0ms)
			ReleaseScriptCaches (0ms)
			RebuildScriptCaches (0ms)
			SetupLoadedEditorAssemblies (544ms)
				LogAssemblyErrors (0ms)
				InitializePlatformSupportModulesInManaged (8ms)
				SetLoadedEditorAssemblies (5ms)
				RefreshPlugins (0ms)
				BeforeProcessingInitializeOnLoad (83ms)
				ProcessInitializeOnLoadAttributes (408ms)
				ProcessInitializeOnLoadMethodAttributes (31ms)
				AfterProcessingInitializeOnLoad (9ms)
				EditorAssembliesLoaded (0ms)
			ExecutionOrderSort2 (0ms)
			AwakeInstancesAfterBackupRestoration (12ms)
Refreshing native plugins compatible for Editor in 5.44 ms, found 3 plugins.
Preloading 0 native plugins for Editor in 0.00 ms.
Unloading 3119 Unused Serialized files (Serialized files now loaded: 0)
Unloading 20 unused Assets / (30.5 KB). Loaded Objects now: 3894.
Memory consumption went from 113.1 MB to 113.0 MB.
Total: 5.264000 ms (FindLiveObjects: 0.747900 ms CreateObjectMapping: 0.303000 ms MarkObjects: 4.141200 ms  DeleteObjects: 0.068600 ms)

Prepare: number of updated asset objects reloaded= 0
AssetImportParameters requested are different than current active one (requested -> active):
  custom:container-demuxer-ogg: 62fdf1f143b41e24485cea50d1cbac27 -> 
  custom:video-codec-MediaFoundation-h265: 746d11721c4dcdbdad8f713fa42b33f4 -> 
  custom:video-decoder-ogg-theora: a1e56fd34408186e4bbccfd4996cb3dc -> 
  custom:framework-win-MediaFoundation: 216162199b28c13a410421893ffa2e32 -> 
  custom:container-demuxer-webm: 4f35f7cbe854078d1ac9338744f61a02 -> 
  custom:container-muxer-webm: aa71ff27fc2769a1b78a27578f13a17b -> 
  custom:video-decoder-webm-vp8: 9c59270c3fd7afecdb556c50c9e8de78 -> 
  custom:AudioImporter_EditorPlatform: d09bf68614088b80899f8185d706f6e7 -> 
  custom:video-encoder-webm-vp8: eb34c28f22e8b96e1ab97ce403110664 -> 
  custom:audio-decoder-ogg-vorbis: bf7c407c2cedff20999df2af8eb42d56 -> 
  custom:audio-encoder-webm-vorbis: bf7c407c2cedff20999df2af8eb42d56 -> 
========================================================================
Received Prepare
Begin MonoManager ReloadAssembly
Symbol file LoadedFromMemory doesn't match image C:\Users\aleza\My project (1)\Library\PackageCache\com.unity.visualscripting@1.8.0\Editor\VisualScripting.Core\Dependencies\YamlDotNet\Unity.VisualScripting.YamlDotNet.dll
Symbol file LoadedFromMemory doesn't match image C:\Users\aleza\My project (1)\Library\PackageCache\com.unity.visualscripting@1.8.0\Editor\VisualScripting.Core\Dependencies\DotNetZip\Unity.VisualScripting.IonicZip.dll
- Loaded All Assemblies, in  0.978 seconds
Refreshing native plugins compatible for Editor in 4.06 ms, found 3 plugins.
Native extension for WindowsStandalone target not found
Mono: successfully reloaded assembly
- Finished resetting the current domain, in  0.910 seconds
Domain Reload Profiling:
	ReloadAssembly (300ms)
		BeginReloadAssembly (181ms)
			ExecutionOrderSort (0ms)
			DisableScriptedObjects (6ms)
			BackupInstance (0ms)
			ReleaseScriptingObjects (0ms)
			CreateAndSetChildDomain (47ms)
		LoadAllAssembliesAndSetupDomain (674ms)
			LoadAssemblies (319ms)
			RebuildTransferFunctionScriptingTraits (0ms)
			SetupTypeCache (433ms)
				TypeCache.Initialize (427ms)
					TypeCache.ScanAssembly (420ms)
				ResolveRequiredComponents (4ms)
		FinalizeReload (0ms)
			ReleaseScriptCaches (0ms)
			RebuildScriptCaches (0ms)
			SetupLoadedEditorAssemblies (425ms)
				LogAssemblyErrors (0ms)
				InitializePlatformSupportModulesInManaged (8ms)
				SetLoadedEditorAssemblies (3ms)
				RefreshPlugins (0ms)
				BeforeProcessingInitializeOnLoad (69ms)
				ProcessInitializeOnLoadAttributes (315ms)
				ProcessInitializeOnLoadMethodAttributes (23ms)
				AfterProcessingInitializeOnLoad (7ms)
				EditorAssembliesLoaded (0ms)
			ExecutionOrderSort2 (0ms)
			AwakeInstancesAfterBackupRestoration (9ms)
Refreshing native plugins compatible for Editor in 3.74 ms, found 3 plugins.
Preloading 0 native plugins for Editor in 0.00 ms.
Unloading 3119 Unused Serialized files (Serialized files now loaded: 0)
Unloading 20 unused Assets / (30.5 KB). Loaded Objects now: 3897.
Memory consumption went from 113.1 MB to 113.0 MB.
Total: 3.166500 ms (FindLiveObjects: 0.301000 ms CreateObjectMapping: 0.212700 ms MarkObjects: 2.591000 ms  DeleteObjects: 0.060900 ms)

Prepare: number of updated asset objects reloaded= 0
AssetImportParameters requested are different than current active one (requested -> active):
  custom:container-demuxer-ogg: 62fdf1f143b41e24485cea50d1cbac27 -> 
  custom:video-codec-MediaFoundation-h265: 746d11721c4dcdbdad8f713fa42b33f4 -> 
  custom:video-decoder-ogg-theora: a1e56fd34408186e4bbccfd4996cb3dc -> 
  custom:framework-win-MediaFoundation: 216162199b28c13a410421893ffa2e32 -> 
  custom:container-demuxer-webm: 4f35f7cbe854078d1ac9338744f61a02 -> 
  custom:container-muxer-webm: aa71ff27fc2769a1b78a27578f13a17b -> 
  custom:video-decoder-webm-vp8: 9c59270c3fd7afecdb556c50c9e8de78 -> 
  custom:AudioImporter_EditorPlatform: d09bf68614088b80899f8185d706f6e7 -> 
  custom:video-encoder-webm-vp8: eb34c28f22e8b96e1ab97ce403110664 -> 
  custom:audio-decoder-ogg-vorbis: bf7c407c2cedff20999df2af8eb42d56 -> 
  custom:audio-encoder-webm-vorbis: bf7c407c2cedff20999df2af8eb42d56 -> 
========================================================================
Received Prepare
Begin MonoManager ReloadAssembly
Symbol file LoadedFromMemory doesn't match image C:\Users\aleza\My project (1)\Library\PackageCache\com.unity.visualscripting@1.8.0\Editor\VisualScripting.Core\Dependencies\YamlDotNet\Unity.VisualScripting.YamlDotNet.dll
Symbol file LoadedFromMemory doesn't match image C:\Users\aleza\My project (1)\Library\PackageCache\com.unity.visualscripting@1.8.0\Editor\VisualScripting.Core\Dependencies\DotNetZip\Unity.VisualScripting.IonicZip.dll
- Loaded All Assemblies, in  0.782 seconds
Refreshing native plugins compatible for Editor in 4.52 ms, found 3 plugins.
Native extension for WindowsStandalone target not found
Mono: successfully reloaded assembly
- Finished resetting the current domain, in  1.192 seconds
Domain Reload Profiling:
	ReloadAssembly (248ms)
		BeginReloadAssembly (158ms)
			ExecutionOrderSort (0ms)
			DisableScriptedObjects (6ms)
			BackupInstance (0ms)
			ReleaseScriptingObjects (0ms)
			CreateAndSetChildDomain (42ms)
		LoadAllAssembliesAndSetupDomain (532ms)
			LoadAssemblies (291ms)
			RebuildTransferFunctionScriptingTraits (0ms)
			SetupTypeCache (313ms)
				TypeCache.Initialize (307ms)
					TypeCache.ScanAssembly (299ms)
				ResolveRequiredComponents (5ms)
		FinalizeReload (0ms)
			ReleaseScriptCaches (0ms)
			RebuildScriptCaches (0ms)
			SetupLoadedEditorAssemblies (545ms)
				LogAssemblyErrors (0ms)
				InitializePlatformSupportModulesInManaged (8ms)
				SetLoadedEditorAssemblies (3ms)
				RefreshPlugins (0ms)
				BeforeProcessingInitializeOnLoad (82ms)
				ProcessInitializeOnLoadAttributes (408ms)
				ProcessInitializeOnLoadMethodAttributes (32ms)
				AfterProcessingInitializeOnLoad (11ms)
				EditorAssembliesLoaded (0ms)
			ExecutionOrderSort2 (1ms)
			AwakeInstancesAfterBackupRestoration (14ms)
Refreshing native plugins compatible for Editor in 4.98 ms, found 3 plugins.
Preloading 0 native plugins for Editor in 0.00 ms.
Unloading 3119 Unused Serialized files (Serialized files now loaded: 0)
Unloading 20 unused Assets / (30.5 KB). Loaded Objects now: 3900.
Memory consumption went from 113.1 MB to 113.0 MB.
Total: 6.418800 ms (FindLiveObjects: 0.547400 ms CreateObjectMapping: 0.516300 ms MarkObjects: 5.279900 ms  DeleteObjects: 0.073900 ms)

Prepare: number of updated asset objects reloaded= 0
AssetImportParameters requested are different than current active one (requested -> active):
  custom:container-demuxer-ogg: 62fdf1f143b41e24485cea50d1cbac27 -> 
  custom:video-codec-MediaFoundation-h265: 746d11721c4dcdbdad8f713fa42b33f4 -> 
  custom:video-decoder-ogg-theora: a1e56fd34408186e4bbccfd4996cb3dc -> 
  custom:framework-win-MediaFoundation: 216162199b28c13a410421893ffa2e32 -> 
  custom:container-demuxer-webm: 4f35f7cbe854078d1ac9338744f61a02 -> 
  custom:container-muxer-webm: aa71ff27fc2769a1b78a27578f13a17b -> 
  custom:video-decoder-webm-vp8: 9c59270c3fd7afecdb556c50c9e8de78 -> 
  custom:AudioImporter_EditorPlatform: d09bf68614088b80899f8185d706f6e7 -> 
  custom:video-encoder-webm-vp8: eb34c28f22e8b96e1ab97ce403110664 -> 
  custom:audio-decoder-ogg-vorbis: bf7c407c2cedff20999df2af8eb42d56 -> 
  custom:audio-encoder-webm-vorbis: bf7c407c2cedff20999df2af8eb42d56 -> 
========================================================================
Received Import Request.
  Time since last request: 691.383940 seconds.
  path: Assets/Prefabs/bala.prefab
  artifactKey: Guid(0295a8eba3e21574b9385de076b64668) Importer(815301076,1909f56bfc062723c751e8b465ee728b)
Start importing Assets/Prefabs/bala.prefab using Guid(0295a8eba3e21574b9385de076b64668) Importer(815301076,1909f56bfc062723c751e8b465ee728b)  -> (artifact id: '3526b4153de1f6285a09673fd3618799') in 0.114810 seconds
Number of updated asset objects reloaded before import = 0
Number of asset objects unloaded after import = 9
========================================================================
Received Import Request.
  Time since last request: 33.106245 seconds.
  path: Assets/Prefabs/bala.prefab
  artifactKey: Guid(0295a8eba3e21574b9385de076b64668) Importer(815301076,1909f56bfc062723c751e8b465ee728b)
Start importing Assets/Prefabs/bala.prefab using Guid(0295a8eba3e21574b9385de076b64668) Importer(815301076,1909f56bfc062723c751e8b465ee728b)  -> (artifact id: '0d97bf5bcabd2db14b863a6cd29aaff5') in 0.011792 seconds
Number of updated asset objects reloaded before import = 0
Number of asset objects unloaded after import = 9
========================================================================
Received Import Request.
  Time since last request: 3.372148 seconds.
  path: Assets/Prefabs/bala.prefab
  artifactKey: Guid(0295a8eba3e21574b9385de076b64668) Importer(815301076,1909f56bfc062723c751e8b465ee728b)
Start importing Assets/Prefabs/bala.prefab using Guid(0295a8eba3e21574b9385de076b64668) Importer(815301076,1909f56bfc062723c751e8b465ee728b)  -> (artifact id: '9650bf9febf95f0624b2091507efc14d') in 0.010256 seconds
Number of updated asset objects reloaded before import = 0
Number of asset objects unloaded after import = 9
========================================================================
Received Prepare
Begin MonoManager ReloadAssembly
Symbol file LoadedFromMemory doesn't match image C:\Users\aleza\My project (1)\Library\PackageCache\com.unity.visualscripting@1.8.0\Editor\VisualScripting.Core\Dependencies\YamlDotNet\Unity.VisualScripting.YamlDotNet.dll
Symbol file LoadedFromMemory doesn't match image C:\Users\aleza\My project (1)\Library\PackageCache\com.unity.visualscripting@1.8.0\Editor\VisualScripting.Core\Dependencies\DotNetZip\Unity.VisualScripting.IonicZip.dll
- Loaded All Assemblies, in  0.782 seconds
Refreshing native plugins compatible for Editor in 3.67 ms, found 3 plugins.
Native extension for WindowsStandalone target not found
Mono: successfully reloaded assembly
- Finished resetting the current domain, in  1.176 seconds
Domain Reload Profiling:
	ReloadAssembly (247ms)
		BeginReloadAssembly (165ms)
			ExecutionOrderSort (0ms)
			DisableScriptedObjects (5ms)
			BackupInstance (0ms)
			ReleaseScriptingObjects (0ms)
			CreateAndSetChildDomain (41ms)
		LoadAllAssembliesAndSetupDomain (532ms)
			LoadAssemblies (288ms)
			RebuildTransferFunctionScriptingTraits (0ms)
			SetupTypeCache (320ms)
				TypeCache.Initialize (316ms)
					TypeCache.ScanAssembly (309ms)
				ResolveRequiredComponents (4ms)
		FinalizeReload (0ms)
			ReleaseScriptCaches (0ms)
			RebuildScriptCaches (0ms)
			SetupLoadedEditorAssemblies (524ms)
				LogAssemblyErrors (0ms)
				InitializePlatformSupportModulesInManaged (8ms)
				SetLoadedEditorAssemblies (5ms)
				RefreshPlugins (0ms)
				BeforeProcessingInitializeOnLoad (81ms)
				ProcessInitializeOnLoadAttributes (392ms)
				ProcessInitializeOnLoadMethodAttributes (29ms)
				AfterProcessingInitializeOnLoad (8ms)
				EditorAssembliesLoaded (0ms)
			ExecutionOrderSort2 (0ms)
			AwakeInstancesAfterBackupRestoration (12ms)
Refreshing native plugins compatible for Editor in 5.42 ms, found 3 plugins.
Preloading 0 native plugins for Editor in 0.00 ms.
Unloading 3118 Unused Serialized files (Serialized files now loaded: 0)
Unloading 20 unused Assets / (30.5 KB). Loaded Objects now: 3903.
Memory consumption went from 112.8 MB to 112.8 MB.
Total: 6.108400 ms (FindLiveObjects: 0.598100 ms CreateObjectMapping: 0.513400 ms MarkObjects: 4.896600 ms  DeleteObjects: 0.098300 ms)

Prepare: number of updated asset objects reloaded= 0
AssetImportParameters requested are different than current active one (requested -> active):
  custom:container-demuxer-ogg: 62fdf1f143b41e24485cea50d1cbac27 -> 
  custom:video-codec-MediaFoundation-h265: 746d11721c4dcdbdad8f713fa42b33f4 -> 
  custom:video-decoder-ogg-theora: a1e56fd34408186e4bbccfd4996cb3dc -> 
  custom:framework-win-MediaFoundation: 216162199b28c13a410421893ffa2e32 -> 
  custom:container-demuxer-webm: 4f35f7cbe854078d1ac9338744f61a02 -> 
  custom:container-muxer-webm: aa71ff27fc2769a1b78a27578f13a17b -> 
  custom:video-decoder-webm-vp8: 9c59270c3fd7afecdb556c50c9e8de78 -> 
  custom:AudioImporter_EditorPlatform: d09bf68614088b80899f8185d706f6e7 -> 
  custom:video-encoder-webm-vp8: eb34c28f22e8b96e1ab97ce403110664 -> 
  custom:audio-decoder-ogg-vorbis: bf7c407c2cedff20999df2af8eb42d56 -> 
  custom:audio-encoder-webm-vorbis: bf7c407c2cedff20999df2af8eb42d56 -> 
========================================================================
Received Prepare
Begin MonoManager ReloadAssembly
Symbol file LoadedFromMemory doesn't match image C:\Users\aleza\My project (1)\Library\PackageCache\com.unity.visualscripting@1.8.0\Editor\VisualScripting.Core\Dependencies\YamlDotNet\Unity.VisualScripting.YamlDotNet.dll
Symbol file LoadedFromMemory doesn't match image C:\Users\aleza\My project (1)\Library\PackageCache\com.unity.visualscripting@1.8.0\Editor\VisualScripting.Core\Dependencies\DotNetZip\Unity.VisualScripting.IonicZip.dll
- Loaded All Assemblies, in  0.981 seconds
Refreshing native plugins compatible for Editor in 4.59 ms, found 3 plugins.
Native extension for WindowsStandalone target not found
Mono: successfully reloaded assembly
- Finished resetting the current domain, in  0.944 seconds
Domain Reload Profiling:
	ReloadAssembly (291ms)
		BeginReloadAssembly (183ms)
			ExecutionOrderSort (0ms)
			DisableScriptedObjects (11ms)
			BackupInstance (0ms)
			ReleaseScriptingObjects (0ms)
			CreateAndSetChildDomain (46ms)
		LoadAllAssembliesAndSetupDomain (687ms)
			LoadAssemblies (321ms)
			RebuildTransferFunctionScriptingTraits (0ms)
			SetupTypeCache (451ms)
				TypeCache.Initialize (441ms)
					TypeCache.ScanAssembly (432ms)
				ResolveRequiredComponents (8ms)
		FinalizeReload (0ms)
			ReleaseScriptCaches (0ms)
			RebuildScriptCaches (0ms)
			SetupLoadedEditorAssemblies (379ms)
				LogAssemblyErrors (0ms)
				InitializePlatformSupportModulesInManaged (5ms)
				SetLoadedEditorAssemblies (3ms)
				RefreshPlugins (0ms)
				BeforeProcessingInitializeOnLoad (73ms)
				ProcessInitializeOnLoadAttributes (273ms)
				ProcessInitializeOnLoadMethodAttributes (18ms)
				AfterProcessingInitializeOnLoad (7ms)
				EditorAssembliesLoaded (0ms)
			ExecutionOrderSort2 (0ms)
			AwakeInstancesAfterBackupRestoration (8ms)
Refreshing native plugins compatible for Editor in 3.03 ms, found 3 plugins.
Preloading 0 native plugins for Editor in 0.00 ms.
Unloading 3119 Unused Serialized files (Serialized files now loaded: 0)
Unloading 20 unused Assets / (30.6 KB). Loaded Objects now: 3906.
Memory consumption went from 113.1 MB to 113.0 MB.
Total: 3.321900 ms (FindLiveObjects: 0.421700 ms CreateObjectMapping: 0.316800 ms MarkObjects: 2.535900 ms  DeleteObjects: 0.046600 ms)

Prepare: number of updated asset objects reloaded= 0
AssetImportParameters requested are different than current active one (requested -> active):
  custom:container-demuxer-ogg: 62fdf1f143b41e24485cea50d1cbac27 -> 
  custom:video-codec-MediaFoundation-h265: 746d11721c4dcdbdad8f713fa42b33f4 -> 
  custom:video-decoder-ogg-theora: a1e56fd34408186e4bbccfd4996cb3dc -> 
  custom:framework-win-MediaFoundation: 216162199b28c13a410421893ffa2e32 -> 
  custom:container-demuxer-webm: 4f35f7cbe854078d1ac9338744f61a02 -> 
  custom:container-muxer-webm: aa71ff27fc2769a1b78a27578f13a17b -> 
  custom:video-decoder-webm-vp8: 9c59270c3fd7afecdb556c50c9e8de78 -> 
  custom:AudioImporter_EditorPlatform: d09bf68614088b80899f8185d706f6e7 -> 
  custom:video-encoder-webm-vp8: eb34c28f22e8b96e1ab97ce403110664 -> 
  custom:audio-decoder-ogg-vorbis: bf7c407c2cedff20999df2af8eb42d56 -> 
  custom:audio-encoder-webm-vorbis: bf7c407c2cedff20999df2af8eb42d56 -> 
========================================================================
Received Import Request.
  Time since last request: 168.627665 seconds.
  path: Assets/Prefabs/bala.prefab
  artifactKey: Guid(0295a8eba3e21574b9385de076b64668) Importer(815301076,1909f56bfc062723c751e8b465ee728b)
Start importing Assets/Prefabs/bala.prefab using Guid(0295a8eba3e21574b9385de076b64668) Importer(815301076,1909f56bfc062723c751e8b465ee728b)  -> (artifact id: 'f38a49d43bfafe1e273dba5d91f1839c') in 0.078033 seconds
Number of updated asset objects reloaded before import = 0
Number of asset objects unloaded after import = 9
========================================================================
Received Prepare
Begin MonoManager ReloadAssembly
Symbol file LoadedFromMemory doesn't match image C:\Users\aleza\My project (1)\Library\PackageCache\com.unity.visualscripting@1.8.0\Editor\VisualScripting.Core\Dependencies\YamlDotNet\Unity.VisualScripting.YamlDotNet.dll
Symbol file LoadedFromMemory doesn't match image C:\Users\aleza\My project (1)\Library\PackageCache\com.unity.visualscripting@1.8.0\Editor\VisualScripting.Core\Dependencies\DotNetZip\Unity.VisualScripting.IonicZip.dll
- Loaded All Assemblies, in  0.800 seconds
Refreshing native plugins compatible for Editor in 4.29 ms, found 3 plugins.
Native extension for WindowsStandalone target not found
Mono: successfully reloaded assembly
- Finished resetting the current domain, in  1.221 seconds
Domain Reload Profiling:
	ReloadAssembly (243ms)
		BeginReloadAssembly (160ms)
			ExecutionOrderSort (0ms)
			DisableScriptedObjects (8ms)
			BackupInstance (0ms)
			ReleaseScriptingObjects (0ms)
			CreateAndSetChildDomain (41ms)
		LoadAllAssembliesAndSetupDomain (554ms)
			LoadAssemblies (278ms)
			RebuildTransferFunctionScriptingTraits (0ms)
			SetupTypeCache (347ms)
				TypeCache.Initialize (341ms)
					TypeCache.ScanAssembly (334ms)
				ResolveRequiredComponents (5ms)
		FinalizeReload (0ms)
			ReleaseScriptCaches (0ms)
			RebuildScriptCaches (0ms)
			SetupLoadedEditorAssemblies (548ms)
				LogAssemblyErrors (0ms)
				InitializePlatformSupportModulesInManaged (9ms)
				SetLoadedEditorAssemblies (6ms)
				RefreshPlugins (0ms)
				BeforeProcessingInitializeOnLoad (85ms)
				ProcessInitializeOnLoadAttributes (408ms)
				ProcessInitializeOnLoadMethodAttributes (30ms)
				AfterProcessingInitializeOnLoad (9ms)
				EditorAssembliesLoaded (0ms)
			ExecutionOrderSort2 (0ms)
			AwakeInstancesAfterBackupRestoration (12ms)
Refreshing native plugins compatible for Editor in 3.50 ms, found 3 plugins.
Preloading 0 native plugins for Editor in 0.00 ms.
Unloading 3118 Unused Serialized files (Serialized files now loaded: 0)
Unloading 20 unused Assets / (30.5 KB). Loaded Objects now: 3909.
Memory consumption went from 112.8 MB to 112.8 MB.
Total: 4.209500 ms (FindLiveObjects: 0.537700 ms CreateObjectMapping: 0.427800 ms MarkObjects: 3.125500 ms  DeleteObjects: 0.116700 ms)

Prepare: number of updated asset objects reloaded= 0
AssetImportParameters requested are different than current active one (requested -> active):
  custom:container-demuxer-ogg: 62fdf1f143b41e24485cea50d1cbac27 -> 
  custom:video-codec-MediaFoundation-h265: 746d11721c4dcdbdad8f713fa42b33f4 -> 
  custom:video-decoder-ogg-theora: a1e56fd34408186e4bbccfd4996cb3dc -> 
  custom:framework-win-MediaFoundation: 216162199b28c13a410421893ffa2e32 -> 
  custom:container-demuxer-webm: 4f35f7cbe854078d1ac9338744f61a02 -> 
  custom:container-muxer-webm: aa71ff27fc2769a1b78a27578f13a17b -> 
  custom:video-decoder-webm-vp8: 9c59270c3fd7afecdb556c50c9e8de78 -> 
  custom:AudioImporter_EditorPlatform: d09bf68614088b80899f8185d706f6e7 -> 
  custom:video-encoder-webm-vp8: eb34c28f22e8b96e1ab97ce403110664 -> 
  custom:audio-decoder-ogg-vorbis: bf7c407c2cedff20999df2af8eb42d56 -> 
  custom:audio-encoder-webm-vorbis: bf7c407c2cedff20999df2af8eb42d56 -> 
========================================================================
Received Prepare
Begin MonoManager ReloadAssembly
Symbol file LoadedFromMemory doesn't match image C:\Users\aleza\My project (1)\Library\PackageCache\com.unity.visualscripting@1.8.0\Editor\VisualScripting.Core\Dependencies\YamlDotNet\Unity.VisualScripting.YamlDotNet.dll
Symbol file LoadedFromMemory doesn't match image C:\Users\aleza\My project (1)\Library\PackageCache\com.unity.visualscripting@1.8.0\Editor\VisualScripting.Core\Dependencies\DotNetZip\Unity.VisualScripting.IonicZip.dll
- Loaded All Assemblies, in  0.786 seconds
Refreshing native plugins compatible for Editor in 3.71 ms, found 3 plugins.
Native extension for WindowsStandalone target not found
Mono: successfully reloaded assembly
- Finished resetting the current domain, in  0.846 seconds
Domain Reload Profiling:
	ReloadAssembly (257ms)
		BeginReloadAssembly (160ms)
			ExecutionOrderSort (0ms)
			DisableScriptedObjects (6ms)
			BackupInstance (0ms)
			ReleaseScriptingObjects (0ms)
			CreateAndSetChildDomain (42ms)
		LoadAllAssembliesAndSetupDomain (528ms)
			LoadAssemblies (282ms)
			RebuildTransferFunctionScriptingTraits (0ms)
			SetupTypeCache (314ms)
				TypeCache.Initialize (308ms)
					TypeCache.ScanAssembly (300ms)
				ResolveRequiredComponents (4ms)
		FinalizeReload (0ms)
			ReleaseScriptCaches (0ms)
			RebuildScriptCaches (0ms)
			SetupLoadedEditorAssemblies (360ms)
				LogAssemblyErrors (0ms)
				InitializePlatformSupportModulesInManaged (5ms)
				SetLoadedEditorAssemblies (3ms)
				RefreshPlugins (0ms)
				BeforeProcessingInitializeOnLoad (58ms)
				ProcessInitializeOnLoadAttributes (269ms)
				ProcessInitializeOnLoadMethodAttributes (18ms)
				AfterProcessingInitializeOnLoad (8ms)
				EditorAssembliesLoaded (0ms)
			ExecutionOrderSort2 (0ms)
			AwakeInstancesAfterBackupRestoration (11ms)
Refreshing native plugins compatible for Editor in 5.29 ms, found 3 plugins.
Preloading 0 native plugins for Editor in 0.00 ms.
Unloading 3119 Unused Serialized files (Serialized files now loaded: 0)
Unloading 20 unused Assets / (30.6 KB). Loaded Objects now: 3912.
Memory consumption went from 113.1 MB to 113.0 MB.
Total: 4.093400 ms (FindLiveObjects: 0.311300 ms CreateObjectMapping: 0.209100 ms MarkObjects: 3.513900 ms  DeleteObjects: 0.058300 ms)

Prepare: number of updated asset objects reloaded= 0
AssetImportParameters requested are different than current active one (requested -> active):
  custom:container-demuxer-ogg: 62fdf1f143b41e24485cea50d1cbac27 -> 
  custom:video-codec-MediaFoundation-h265: 746d11721c4dcdbdad8f713fa42b33f4 -> 
  custom:video-decoder-ogg-theora: a1e56fd34408186e4bbccfd4996cb3dc -> 
  custom:framework-win-MediaFoundation: 216162199b28c13a410421893ffa2e32 -> 
  custom:container-demuxer-webm: 4f35f7cbe854078d1ac9338744f61a02 -> 
  custom:container-muxer-webm: aa71ff27fc2769a1b78a27578f13a17b -> 
  custom:video-decoder-webm-vp8: 9c59270c3fd7afecdb556c50c9e8de78 -> 
  custom:AudioImporter_EditorPlatform: d09bf68614088b80899f8185d706f6e7 -> 
  custom:video-encoder-webm-vp8: eb34c28f22e8b96e1ab97ce403110664 -> 
  custom:audio-decoder-ogg-vorbis: bf7c407c2cedff20999df2af8eb42d56 -> 
  custom:audio-encoder-webm-vorbis: bf7c407c2cedff20999df2af8eb42d56 -> 
========================================================================
Received Prepare
Begin MonoManager ReloadAssembly
Symbol file LoadedFromMemory doesn't match image C:\Users\aleza\My project (1)\Library\PackageCache\com.unity.visualscripting@1.8.0\Editor\VisualScripting.Core\Dependencies\YamlDotNet\Unity.VisualScripting.YamlDotNet.dll
Symbol file LoadedFromMemory doesn't match image C:\Users\aleza\My project (1)\Library\PackageCache\com.unity.visualscripting@1.8.0\Editor\VisualScripting.Core\Dependencies\DotNetZip\Unity.VisualScripting.IonicZip.dll
- Loaded All Assemblies, in  0.801 seconds
Refreshing native plugins compatible for Editor in 3.75 ms, found 3 plugins.
Native extension for WindowsStandalone target not found
Mono: successfully reloaded assembly
- Finished resetting the current domain, in  1.156 seconds
Domain Reload Profiling:
	ReloadAssembly (234ms)
		BeginReloadAssembly (147ms)
			ExecutionOrderSort (0ms)
			DisableScriptedObjects (5ms)
			BackupInstance (0ms)
			ReleaseScriptingObjects (0ms)
			CreateAndSetChildDomain (45ms)
		LoadAllAssembliesAndSetupDomain (564ms)
			LoadAssemblies (295ms)
			RebuildTransferFunctionScriptingTraits (0ms)
			SetupTypeCache (326ms)
				TypeCache.Initialize (321ms)
					TypeCache.ScanAssembly (311ms)
				ResolveRequiredComponents (5ms)
		FinalizeReload (0ms)
			ReleaseScriptCaches (0ms)
			RebuildScriptCaches (0ms)
			SetupLoadedEditorAssemblies (529ms)
				LogAssemblyErrors (0ms)
				InitializePlatformSupportModulesInManaged (10ms)
				SetLoadedEditorAssemblies (4ms)
				RefreshPlugins (0ms)
				BeforeProcessingInitializeOnLoad (76ms)
				ProcessInitializeOnLoadAttributes (399ms)
				ProcessInitializeOnLoadMethodAttributes (30ms)
				AfterProcessingInitializeOnLoad (10ms)
				EditorAssembliesLoaded (0ms)
			ExecutionOrderSort2 (0ms)
			AwakeInstancesAfterBackupRestoration (11ms)
Refreshing native plugins compatible for Editor in 3.96 ms, found 3 plugins.
Preloading 0 native plugins for Editor in 0.00 ms.
Unloading 3119 Unused Serialized files (Serialized files now loaded: 0)
Unloading 20 unused Assets / (30.5 KB). Loaded Objects now: 3915.
Memory consumption went from 113.1 MB to 113.1 MB.
Total: 5.243000 ms (FindLiveObjects: 0.790300 ms CreateObjectMapping: 0.458000 ms MarkObjects: 3.928400 ms  DeleteObjects: 0.064600 ms)

Prepare: number of updated asset objects reloaded= 0
AssetImportParameters requested are different than current active one (requested -> active):
  custom:container-demuxer-ogg: 62fdf1f143b41e24485cea50d1cbac27 -> 
  custom:video-codec-MediaFoundation-h265: 746d11721c4dcdbdad8f713fa42b33f4 -> 
  custom:video-decoder-ogg-theora: a1e56fd34408186e4bbccfd4996cb3dc -> 
  custom:framework-win-MediaFoundation: 216162199b28c13a410421893ffa2e32 -> 
  custom:container-demuxer-webm: 4f35f7cbe854078d1ac9338744f61a02 -> 
  custom:container-muxer-webm: aa71ff27fc2769a1b78a27578f13a17b -> 
  custom:video-decoder-webm-vp8: 9c59270c3fd7afecdb556c50c9e8de78 -> 
  custom:AudioImporter_EditorPlatform: d09bf68614088b80899f8185d706f6e7 -> 
  custom:video-encoder-webm-vp8: eb34c28f22e8b96e1ab97ce403110664 -> 
  custom:audio-decoder-ogg-vorbis: bf7c407c2cedff20999df2af8eb42d56 -> 
  custom:audio-encoder-webm-vorbis: bf7c407c2cedff20999df2af8eb42d56 -> 
========================================================================
Received Prepare
Begin MonoManager ReloadAssembly
Symbol file LoadedFromMemory doesn't match image C:\Users\aleza\My project (1)\Library\PackageCache\com.unity.visualscripting@1.8.0\Editor\VisualScripting.Core\Dependencies\YamlDotNet\Unity.VisualScripting.YamlDotNet.dll
Symbol file LoadedFromMemory doesn't match image C:\Users\aleza\My project (1)\Library\PackageCache\com.unity.visualscripting@1.8.0\Editor\VisualScripting.Core\Dependencies\DotNetZip\Unity.VisualScripting.IonicZip.dll
- Loaded All Assemblies, in  0.758 seconds
Refreshing native plugins compatible for Editor in 3.11 ms, found 3 plugins.
Native extension for WindowsStandalone target not found
Mono: successfully reloaded assembly
- Finished resetting the current domain, in  1.136 seconds
Domain Reload Profiling:
	ReloadAssembly (234ms)
		BeginReloadAssembly (148ms)
			ExecutionOrderSort (0ms)
			DisableScriptedObjects (6ms)
			BackupInstance (0ms)
			ReleaseScriptingObjects (0ms)
			CreateAndSetChildDomain (38ms)
		LoadAllAssembliesAndSetupDomain (522ms)
			LoadAssemblies (280ms)
			RebuildTransferFunctionScriptingTraits (0ms)
			SetupTypeCache (306ms)
				TypeCache.Initialize (302ms)
					TypeCache.ScanAssembly (296ms)
				ResolveRequiredComponents (4ms)
		FinalizeReload (0ms)
			ReleaseScriptCaches (0ms)
			RebuildScriptCaches (0ms)
			SetupLoadedEditorAssemblies (539ms)
				LogAssemblyErrors (0ms)
				InitializePlatformSupportModulesInManaged (8ms)
				SetLoadedEditorAssemblies (5ms)
				RefreshPlugins (0ms)
				BeforeProcessingInitializeOnLoad (87ms)
				ProcessInitializeOnLoadAttributes (398ms)
				ProcessInitializeOnLoadMethodAttributes (32ms)
				AfterProcessingInitializeOnLoad (8ms)
				EditorAssembliesLoaded (0ms)
			ExecutionOrderSort2 (0ms)
			AwakeInstancesAfterBackupRestoration (11ms)
Refreshing native plugins compatible for Editor in 4.96 ms, found 3 plugins.
Preloading 0 native plugins for Editor in 0.00 ms.
Unloading 3119 Unused Serialized files (Serialized files now loaded: 0)
Unloading 20 unused Assets / (30.5 KB). Loaded Objects now: 3918.
Memory consumption went from 113.1 MB to 113.1 MB.
Total: 4.985100 ms (FindLiveObjects: 0.747100 ms CreateObjectMapping: 0.539500 ms MarkObjects: 3.626300 ms  DeleteObjects: 0.069600 ms)

Prepare: number of updated asset objects reloaded= 0
AssetImportParameters requested are different than current active one (requested -> active):
  custom:container-demuxer-ogg: 62fdf1f143b41e24485cea50d1cbac27 -> 
  custom:video-codec-MediaFoundation-h265: 746d11721c4dcdbdad8f713fa42b33f4 -> 
  custom:video-decoder-ogg-theora: a1e56fd34408186e4bbccfd4996cb3dc -> 
  custom:framework-win-MediaFoundation: 216162199b28c13a410421893ffa2e32 -> 
  custom:container-demuxer-webm: 4f35f7cbe854078d1ac9338744f61a02 -> 
  custom:container-muxer-webm: aa71ff27fc2769a1b78a27578f13a17b -> 
  custom:video-decoder-webm-vp8: 9c59270c3fd7afecdb556c50c9e8de78 -> 
  custom:AudioImporter_EditorPlatform: d09bf68614088b80899f8185d706f6e7 -> 
  custom:video-encoder-webm-vp8: eb34c28f22e8b96e1ab97ce403110664 -> 
  custom:audio-decoder-ogg-vorbis: bf7c407c2cedff20999df2af8eb42d56 -> 
  custom:audio-encoder-webm-vorbis: bf7c407c2cedff20999df2af8eb42d56 -> 
========================================================================
Received Prepare
Begin MonoManager ReloadAssembly
Symbol file LoadedFromMemory doesn't match image C:\Users\aleza\My project (1)\Library\PackageCache\com.unity.visualscripting@1.8.0\Editor\VisualScripting.Core\Dependencies\YamlDotNet\Unity.VisualScripting.YamlDotNet.dll
Symbol file LoadedFromMemory doesn't match image C:\Users\aleza\My project (1)\Library\PackageCache\com.unity.visualscripting@1.8.0\Editor\VisualScripting.Core\Dependencies\DotNetZip\Unity.VisualScripting.IonicZip.dll
- Loaded All Assemblies, in  0.832 seconds
Refreshing native plugins compatible for Editor in 3.98 ms, found 3 plugins.
Native extension for WindowsStandalone target not found
Mono: successfully reloaded assembly
- Finished resetting the current domain, in  0.827 seconds
Domain Reload Profiling:
	ReloadAssembly (279ms)
		BeginReloadAssembly (193ms)
			ExecutionOrderSort (0ms)
			DisableScriptedObjects (7ms)
			BackupInstance (0ms)
			ReleaseScriptingObjects (0ms)
			CreateAndSetChildDomain (57ms)
		LoadAllAssembliesAndSetupDomain (551ms)
			LoadAssemblies (312ms)
			RebuildTransferFunctionScriptingTraits (0ms)
			SetupTypeCache (324ms)
				TypeCache.Initialize (315ms)
					TypeCache.ScanAssembly (309ms)
				ResolveRequiredComponents (6ms)
		FinalizeReload (0ms)
			ReleaseScriptCaches (0ms)
			RebuildScriptCaches (0ms)
			SetupLoadedEditorAssemblies (378ms)
				LogAssemblyErrors (0ms)
				InitializePlatformSupportModulesInManaged (6ms)
				SetLoadedEditorAssemblies (3ms)
				RefreshPlugins (0ms)
				BeforeProcessingInitializeOnLoad (57ms)
				ProcessInitializeOnLoadAttributes (283ms)
				ProcessInitializeOnLoadMethodAttributes (20ms)
				AfterProcessingInitializeOnLoad (9ms)
				EditorAssembliesLoaded (0ms)
			ExecutionOrderSort2 (0ms)
			AwakeInstancesAfterBackupRestoration (9ms)
Refreshing native plugins compatible for Editor in 2.91 ms, found 3 plugins.
Preloading 0 native plugins for Editor in 0.00 ms.
Unloading 3119 Unused Serialized files (Serialized files now loaded: 0)
Unloading 20 unused Assets / (30.6 KB). Loaded Objects now: 3921.
Memory consumption went from 113.1 MB to 113.1 MB.
Total: 4.627700 ms (FindLiveObjects: 0.279000 ms CreateObjectMapping: 0.217100 ms MarkObjects: 4.063300 ms  DeleteObjects: 0.067100 ms)

Prepare: number of updated asset objects reloaded= 0
AssetImportParameters requested are different than current active one (requested -> active):
  custom:container-demuxer-ogg: 62fdf1f143b41e24485cea50d1cbac27 -> 
  custom:video-codec-MediaFoundation-h265: 746d11721c4dcdbdad8f713fa42b33f4 -> 
  custom:video-decoder-ogg-theora: a1e56fd34408186e4bbccfd4996cb3dc -> 
  custom:framework-win-MediaFoundation: 216162199b28c13a410421893ffa2e32 -> 
  custom:container-demuxer-webm: 4f35f7cbe854078d1ac9338744f61a02 -> 
  custom:container-muxer-webm: aa71ff27fc2769a1b78a27578f13a17b -> 
  custom:video-decoder-webm-vp8: 9c59270c3fd7afecdb556c50c9e8de78 -> 
  custom:AudioImporter_EditorPlatform: d09bf68614088b80899f8185d706f6e7 -> 
  custom:video-encoder-webm-vp8: eb34c28f22e8b96e1ab97ce403110664 -> 
  custom:audio-decoder-ogg-vorbis: bf7c407c2cedff20999df2af8eb42d56 -> 
  custom:audio-encoder-webm-vorbis: bf7c407c2cedff20999df2af8eb42d56 -> 
========================================================================
Received Prepare
Begin MonoManager ReloadAssembly
Symbol file LoadedFromMemory doesn't match image C:\Users\aleza\My project (1)\Library\PackageCache\com.unity.visualscripting@1.8.0\Editor\VisualScripting.Core\Dependencies\YamlDotNet\Unity.VisualScripting.YamlDotNet.dll
Symbol file LoadedFromMemory doesn't match image C:\Users\aleza\My project (1)\Library\PackageCache\com.unity.visualscripting@1.8.0\Editor\VisualScripting.Core\Dependencies\DotNetZip\Unity.VisualScripting.IonicZip.dll
- Loaded All Assemblies, in  0.798 seconds
Refreshing native plugins compatible for Editor in 4.05 ms, found 3 plugins.
Native extension for WindowsStandalone target not found
Mono: successfully reloaded assembly
- Finished resetting the current domain, in  1.259 seconds
Domain Reload Profiling:
	ReloadAssembly (253ms)
		BeginReloadAssembly (173ms)
			ExecutionOrderSort (0ms)
			DisableScriptedObjects (6ms)
			BackupInstance (0ms)
			ReleaseScriptingObjects (0ms)
			CreateAndSetChildDomain (47ms)
		LoadAllAssembliesAndSetupDomain (543ms)
			LoadAssemblies (298ms)
			RebuildTransferFunctionScriptingTraits (0ms)
			SetupTypeCache (326ms)
				TypeCache.Initialize (321ms)
					TypeCache.ScanAssembly (314ms)
				ResolveRequiredComponents (5ms)
		FinalizeReload (0ms)
			ReleaseScriptCaches (0ms)
			RebuildScriptCaches (0ms)
			SetupLoadedEditorAssemblies (530ms)
				LogAssemblyErrors (0ms)
				InitializePlatformSupportModulesInManaged (10ms)
				SetLoadedEditorAssemblies (5ms)
				RefreshPlugins (0ms)
				BeforeProcessingInitializeOnLoad (83ms)
				ProcessInitializeOnLoadAttributes (392ms)
				ProcessInitializeOnLoadMethodAttributes (31ms)
				AfterProcessingInitializeOnLoad (9ms)
				EditorAssembliesLoaded (0ms)
			ExecutionOrderSort2 (0ms)
			AwakeInstancesAfterBackupRestoration (12ms)
Refreshing native plugins compatible for Editor in 4.46 ms, found 3 plugins.
Preloading 0 native plugins for Editor in 0.00 ms.
Unloading 3119 Unused Serialized files (Serialized files now loaded: 0)
Unloading 20 unused Assets / (30.6 KB). Loaded Objects now: 3924.
Memory consumption went from 113.1 MB to 113.1 MB.
Total: 4.454500 ms (FindLiveObjects: 0.410400 ms CreateObjectMapping: 0.315400 ms MarkObjects: 3.652300 ms  DeleteObjects: 0.075000 ms)

Prepare: number of updated asset objects reloaded= 0
AssetImportParameters requested are different than current active one (requested -> active):
  custom:container-demuxer-ogg: 62fdf1f143b41e24485cea50d1cbac27 -> 
  custom:video-codec-MediaFoundation-h265: 746d11721c4dcdbdad8f713fa42b33f4 -> 
  custom:video-decoder-ogg-theora: a1e56fd34408186e4bbccfd4996cb3dc -> 
  custom:framework-win-MediaFoundation: 216162199b28c13a410421893ffa2e32 -> 
  custom:container-demuxer-webm: 4f35f7cbe854078d1ac9338744f61a02 -> 
  custom:container-muxer-webm: aa71ff27fc2769a1b78a27578f13a17b -> 
  custom:video-decoder-webm-vp8: 9c59270c3fd7afecdb556c50c9e8de78 -> 
  custom:AudioImporter_EditorPlatform: d09bf68614088b80899f8185d706f6e7 -> 
  custom:video-encoder-webm-vp8: eb34c28f22e8b96e1ab97ce403110664 -> 
  custom:audio-decoder-ogg-vorbis: bf7c407c2cedff20999df2af8eb42d56 -> 
  custom:audio-encoder-webm-vorbis: bf7c407c2cedff20999df2af8eb42d56 -> 
========================================================================
Received Import Request.
  Time since last request: 575.647434 seconds.
  path: Assets/Prefabs/bala.prefab
  artifactKey: Guid(0295a8eba3e21574b9385de076b64668) Importer(815301076,1909f56bfc062723c751e8b465ee728b)
Start importing Assets/Prefabs/bala.prefab using Guid(0295a8eba3e21574b9385de076b64668) Importer(815301076,1909f56bfc062723c751e8b465ee728b)  -> (artifact id: 'ef3c33989ae1f099d36daa156e805c79') in 0.116142 seconds
Number of updated asset objects reloaded before import = 0
Number of asset objects unloaded after import = 9
========================================================================
Received Import Request.
  Time since last request: 13.404068 seconds.
  path: Assets/Prefabs/bala.prefab
  artifactKey: Guid(0295a8eba3e21574b9385de076b64668) Importer(815301076,1909f56bfc062723c751e8b465ee728b)
Start importing Assets/Prefabs/bala.prefab using Guid(0295a8eba3e21574b9385de076b64668) Importer(815301076,1909f56bfc062723c751e8b465ee728b)  -> (artifact id: 'fb04e61f1e8f8135a5cc1058fb9d17ea') in 0.010356 seconds
Number of updated asset objects reloaded before import = 0
Number of asset objects unloaded after import = 9
========================================================================
Received Import Request.
  Time since last request: 77.264689 seconds.
  path: Assets/Prefabs/bala.prefab
  artifactKey: Guid(0295a8eba3e21574b9385de076b64668) Importer(815301076,1909f56bfc062723c751e8b465ee728b)
Start importing Assets/Prefabs/bala.prefab using Guid(0295a8eba3e21574b9385de076b64668) Importer(815301076,1909f56bfc062723c751e8b465ee728b)  -> (artifact id: 'de935845041a0b1c3f6109f5fbfed2bd') in 0.013046 seconds
Number of updated asset objects reloaded before import = 0
Number of asset objects unloaded after import = 10
========================================================================
Received Import Request.
  Time since last request: 7.098311 seconds.
  path: Assets/Prefabs/bala_doble (1).prefab
  artifactKey: Guid(2dbe57ccc5dec4542a6666b93a24bbfc) Importer(815301076,1909f56bfc062723c751e8b465ee728b)
Start importing Assets/Prefabs/bala_doble (1).prefab using Guid(2dbe57ccc5dec4542a6666b93a24bbfc) Importer(815301076,1909f56bfc062723c751e8b465ee728b)  -> (artifact id: '6160d4762720c2ad2c1e815df4698cf8') in 0.022918 seconds
Number of updated asset objects reloaded before import = 0
Number of asset objects unloaded after import = 11
========================================================================
Received Import Request.
  Time since last request: 11.577390 seconds.
  path: Assets/Prefabs/bala.prefab
  artifactKey: Guid(0295a8eba3e21574b9385de076b64668) Importer(815301076,1909f56bfc062723c751e8b465ee728b)
Start importing Assets/Prefabs/bala.prefab using Guid(0295a8eba3e21574b9385de076b64668) Importer(815301076,1909f56bfc062723c751e8b465ee728b)  -> (artifact id: '95a9b1a91b4a26f357bc4333e25907ab') in 0.010006 seconds
Number of updated asset objects reloaded before import = 0
Number of asset objects unloaded after import = 10
========================================================================
Received Import Request.
  Time since last request: 10.587080 seconds.
  path: Assets/Prefabs/bala.prefab
  artifactKey: Guid(0295a8eba3e21574b9385de076b64668) Importer(815301076,1909f56bfc062723c751e8b465ee728b)
Start importing Assets/Prefabs/bala.prefab using Guid(0295a8eba3e21574b9385de076b64668) Importer(815301076,1909f56bfc062723c751e8b465ee728b)  -> (artifact id: '3681b76b9bb6d0c1963a2ada71ca94a7') in 0.011964 seconds
Number of updated asset objects reloaded before import = 0
Number of asset objects unloaded after import = 10
========================================================================
Received Prepare
Begin MonoManager ReloadAssembly
Symbol file LoadedFromMemory doesn't match image C:\Users\aleza\My project (1)\Library\PackageCache\com.unity.visualscripting@1.8.0\Editor\VisualScripting.Core\Dependencies\YamlDotNet\Unity.VisualScripting.YamlDotNet.dll
Symbol file LoadedFromMemory doesn't match image C:\Users\aleza\My project (1)\Library\PackageCache\com.unity.visualscripting@1.8.0\Editor\VisualScripting.Core\Dependencies\DotNetZip\Unity.VisualScripting.IonicZip.dll
- Loaded All Assemblies, in  0.772 seconds
Refreshing native plugins compatible for Editor in 2.91 ms, found 3 plugins.
Native extension for WindowsStandalone target not found
Mono: successfully reloaded assembly
- Finished resetting the current domain, in  1.147 seconds
Domain Reload Profiling:
	ReloadAssembly (250ms)
		BeginReloadAssembly (166ms)
			ExecutionOrderSort (0ms)
			DisableScriptedObjects (6ms)
			BackupInstance (0ms)
			ReleaseScriptingObjects (0ms)
			CreateAndSetChildDomain (48ms)
		LoadAllAssembliesAndSetupDomain (519ms)
			LoadAssemblies (267ms)
			RebuildTransferFunctionScriptingTraits (0ms)
			SetupTypeCache (322ms)
				TypeCache.Initialize (317ms)
					TypeCache.ScanAssembly (310ms)
				ResolveRequiredComponents (5ms)
		FinalizeReload (0ms)
			ReleaseScriptCaches (0ms)
			RebuildScriptCaches (0ms)
			SetupLoadedEditorAssemblies (547ms)
				LogAssemblyErrors (0ms)
				InitializePlatformSupportModulesInManaged (9ms)
				SetLoadedEditorAssemblies (5ms)
				RefreshPlugins (0ms)
				BeforeProcessingInitializeOnLoad (83ms)
				ProcessInitializeOnLoadAttributes (410ms)
				ProcessInitializeOnLoadMethodAttributes (31ms)
				AfterProcessingInitializeOnLoad (10ms)
				EditorAssembliesLoaded (0ms)
			ExecutionOrderSort2 (0ms)
			AwakeInstancesAfterBackupRestoration (13ms)
Refreshing native plugins compatible for Editor in 5.26 ms, found 3 plugins.
Preloading 0 native plugins for Editor in 0.00 ms.
Unloading 3118 Unused Serialized files (Serialized files now loaded: 0)
Unloading 20 unused Assets / (30.6 KB). Loaded Objects now: 3927.
Memory consumption went from 112.8 MB to 112.8 MB.
Total: 5.233000 ms (FindLiveObjects: 0.557700 ms CreateObjectMapping: 0.413800 ms MarkObjects: 4.155600 ms  DeleteObjects: 0.104400 ms)

Prepare: number of updated asset objects reloaded= 0
AssetImportParameters requested are different than current active one (requested -> active):
  custom:container-demuxer-ogg: 62fdf1f143b41e24485cea50d1cbac27 -> 
  custom:video-codec-MediaFoundation-h265: 746d11721c4dcdbdad8f713fa42b33f4 -> 
  custom:video-decoder-ogg-theora: a1e56fd34408186e4bbccfd4996cb3dc -> 
  custom:framework-win-MediaFoundation: 216162199b28c13a410421893ffa2e32 -> 
  custom:container-demuxer-webm: 4f35f7cbe854078d1ac9338744f61a02 -> 
  custom:container-muxer-webm: aa71ff27fc2769a1b78a27578f13a17b -> 
  custom:video-decoder-webm-vp8: 9c59270c3fd7afecdb556c50c9e8de78 -> 
  custom:AudioImporter_EditorPlatform: d09bf68614088b80899f8185d706f6e7 -> 
  custom:video-encoder-webm-vp8: eb34c28f22e8b96e1ab97ce403110664 -> 
  custom:audio-decoder-ogg-vorbis: bf7c407c2cedff20999df2af8eb42d56 -> 
  custom:audio-encoder-webm-vorbis: bf7c407c2cedff20999df2af8eb42d56 -> 
========================================================================
Received Import Request.
  Time since last request: 71.886424 seconds.
  path: Assets/Prefabs/bala_doble (1).prefab
  artifactKey: Guid(2dbe57ccc5dec4542a6666b93a24bbfc) Importer(815301076,1909f56bfc062723c751e8b465ee728b)
Start importing Assets/Prefabs/bala_doble (1).prefab using Guid(2dbe57ccc5dec4542a6666b93a24bbfc) Importer(815301076,1909f56bfc062723c751e8b465ee728b)  -> (artifact id: '546ba0bd8880941c4a9e18e70ee640db') in 0.089057 seconds
Number of updated asset objects reloaded before import = 0
Number of asset objects unloaded after import = 11
========================================================================
Received Import Request.
  Time since last request: 0.269804 seconds.
  path: Assets/Prefabs/bala_doble (1).prefab
  artifactKey: Guid(2dbe57ccc5dec4542a6666b93a24bbfc) Importer(815301076,1909f56bfc062723c751e8b465ee728b)
Start importing Assets/Prefabs/bala_doble (1).prefab using Guid(2dbe57ccc5dec4542a6666b93a24bbfc) Importer(815301076,1909f56bfc062723c751e8b465ee728b)  -> (artifact id: '2bec19902b00f8ae9710f6f68d5a4a3e') in 0.021254 seconds
Number of updated asset objects reloaded before import = 0
Number of asset objects unloaded after import = 11
========================================================================
Received Prepare
Begin MonoManager ReloadAssembly
Symbol file LoadedFromMemory doesn't match image C:\Users\aleza\My project (1)\Library\PackageCache\com.unity.visualscripting@1.8.0\Editor\VisualScripting.Core\Dependencies\YamlDotNet\Unity.VisualScripting.YamlDotNet.dll
Symbol file LoadedFromMemory doesn't match image C:\Users\aleza\My project (1)\Library\PackageCache\com.unity.visualscripting@1.8.0\Editor\VisualScripting.Core\Dependencies\DotNetZip\Unity.VisualScripting.IonicZip.dll
- Loaded All Assemblies, in  0.783 seconds
Refreshing native plugins compatible for Editor in 3.45 ms, found 3 plugins.
Native extension for WindowsStandalone target not found
Mono: successfully reloaded assembly
- Finished resetting the current domain, in  1.168 seconds
Domain Reload Profiling:
	ReloadAssembly (249ms)
		BeginReloadAssembly (162ms)
			ExecutionOrderSort (0ms)
			DisableScriptedObjects (6ms)
			BackupInstance (0ms)
			ReleaseScriptingObjects (0ms)
			CreateAndSetChildDomain (43ms)
		LoadAllAssembliesAndSetupDomain (530ms)
			LoadAssemblies (280ms)
			RebuildTransferFunctionScriptingTraits (0ms)
			SetupTypeCache (326ms)
				TypeCache.Initialize (320ms)
					TypeCache.ScanAssembly (313ms)
				ResolveRequiredComponents (6ms)
		FinalizeReload (0ms)
			ReleaseScriptCaches (0ms)
			RebuildScriptCaches (0ms)
			SetupLoadedEditorAssemblies (549ms)
				LogAssemblyErrors (0ms)
				InitializePlatformSupportModulesInManaged (8ms)
				SetLoadedEditorAssemblies (8ms)
				RefreshPlugins (0ms)
				BeforeProcessingInitializeOnLoad (81ms)
				ProcessInitializeOnLoadAttributes (408ms)
				ProcessInitializeOnLoadMethodAttributes (33ms)
				AfterProcessingInitializeOnLoad (10ms)
				EditorAssembliesLoaded (0ms)
			ExecutionOrderSort2 (0ms)
			AwakeInstancesAfterBackupRestoration (12ms)
Refreshing native plugins compatible for Editor in 4.77 ms, found 3 plugins.
Preloading 0 native plugins for Editor in 0.00 ms.
Unloading 3118 Unused Serialized files (Serialized files now loaded: 0)
Unloading 20 unused Assets / (30.6 KB). Loaded Objects now: 3930.
Memory consumption went from 112.9 MB to 112.8 MB.
Total: 5.633900 ms (FindLiveObjects: 0.431300 ms CreateObjectMapping: 0.335900 ms MarkObjects: 4.774400 ms  DeleteObjects: 0.091200 ms)

Prepare: number of updated asset objects reloaded= 0
AssetImportParameters requested are different than current active one (requested -> active):
  custom:container-demuxer-ogg: 62fdf1f143b41e24485cea50d1cbac27 -> 
  custom:video-codec-MediaFoundation-h265: 746d11721c4dcdbdad8f713fa42b33f4 -> 
  custom:video-decoder-ogg-theora: a1e56fd34408186e4bbccfd4996cb3dc -> 
  custom:framework-win-MediaFoundation: 216162199b28c13a410421893ffa2e32 -> 
  custom:container-demuxer-webm: 4f35f7cbe854078d1ac9338744f61a02 -> 
  custom:container-muxer-webm: aa71ff27fc2769a1b78a27578f13a17b -> 
  custom:video-decoder-webm-vp8: 9c59270c3fd7afecdb556c50c9e8de78 -> 
  custom:AudioImporter_EditorPlatform: d09bf68614088b80899f8185d706f6e7 -> 
  custom:video-encoder-webm-vp8: eb34c28f22e8b96e1ab97ce403110664 -> 
  custom:audio-decoder-ogg-vorbis: bf7c407c2cedff20999df2af8eb42d56 -> 
  custom:audio-encoder-webm-vorbis: bf7c407c2cedff20999df2af8eb42d56 -> 
========================================================================
Received Prepare
Begin MonoManager ReloadAssembly
Symbol file LoadedFromMemory doesn't match image C:\Users\aleza\My project (1)\Library\PackageCache\com.unity.visualscripting@1.8.0\Editor\VisualScripting.Core\Dependencies\YamlDotNet\Unity.VisualScripting.YamlDotNet.dll
Symbol file LoadedFromMemory doesn't match image C:\Users\aleza\My project (1)\Library\PackageCache\com.unity.visualscripting@1.8.0\Editor\VisualScripting.Core\Dependencies\DotNetZip\Unity.VisualScripting.IonicZip.dll
- Loaded All Assemblies, in  0.838 seconds
Refreshing native plugins compatible for Editor in 4.17 ms, found 3 plugins.
Native extension for WindowsStandalone target not found
Mono: successfully reloaded assembly
- Finished resetting the current domain, in  1.116 seconds
Domain Reload Profiling:
	ReloadAssembly (257ms)
		BeginReloadAssembly (170ms)
			ExecutionOrderSort (0ms)
			DisableScriptedObjects (5ms)
			BackupInstance (0ms)
			ReleaseScriptingObjects (0ms)
			CreateAndSetChildDomain (45ms)
		LoadAllAssembliesAndSetupDomain (579ms)
			LoadAssemblies (292ms)
			RebuildTransferFunctionScriptingTraits (0ms)
			SetupTypeCache (359ms)
				TypeCache.Initialize (352ms)
					TypeCache.ScanAssembly (341ms)
				ResolveRequiredComponents (8ms)
		FinalizeReload (0ms)
			ReleaseScriptCaches (0ms)
			RebuildScriptCaches (0ms)
			SetupLoadedEditorAssemblies (467ms)
				LogAssemblyErrors (0ms)
				InitializePlatformSupportModulesInManaged (8ms)
				SetLoadedEditorAssemblies (5ms)
				RefreshPlugins (0ms)
				BeforeProcessingInitializeOnLoad (64ms)
				ProcessInitializeOnLoadAttributes (352ms)
				ProcessInitializeOnLoadMethodAttributes (28ms)
				AfterProcessingInitializeOnLoad (9ms)
				EditorAssembliesLoaded (0ms)
			ExecutionOrderSort2 (0ms)
			AwakeInstancesAfterBackupRestoration (11ms)
Refreshing native plugins compatible for Editor in 3.31 ms, found 3 plugins.
Preloading 0 native plugins for Editor in 0.00 ms.
Unloading 3119 Unused Serialized files (Serialized files now loaded: 0)
Unloading 20 unused Assets / (30.6 KB). Loaded Objects now: 3933.
Memory consumption went from 113.1 MB to 113.1 MB.
Total: 3.696100 ms (FindLiveObjects: 0.367100 ms CreateObjectMapping: 0.232500 ms MarkObjects: 3.044100 ms  DeleteObjects: 0.051400 ms)

Prepare: number of updated asset objects reloaded= 0
AssetImportParameters requested are different than current active one (requested -> active):
  custom:container-demuxer-ogg: 62fdf1f143b41e24485cea50d1cbac27 -> 
  custom:video-codec-MediaFoundation-h265: 746d11721c4dcdbdad8f713fa42b33f4 -> 
  custom:video-decoder-ogg-theora: a1e56fd34408186e4bbccfd4996cb3dc -> 
  custom:framework-win-MediaFoundation: 216162199b28c13a410421893ffa2e32 -> 
  custom:container-demuxer-webm: 4f35f7cbe854078d1ac9338744f61a02 -> 
  custom:container-muxer-webm: aa71ff27fc2769a1b78a27578f13a17b -> 
  custom:video-decoder-webm-vp8: 9c59270c3fd7afecdb556c50c9e8de78 -> 
  custom:AudioImporter_EditorPlatform: d09bf68614088b80899f8185d706f6e7 -> 
  custom:video-encoder-webm-vp8: eb34c28f22e8b96e1ab97ce403110664 -> 
  custom:audio-decoder-ogg-vorbis: bf7c407c2cedff20999df2af8eb42d56 -> 
  custom:audio-encoder-webm-vorbis: bf7c407c2cedff20999df2af8eb42d56 -> 
========================================================================
Received Import Request.
  Time since last request: 65.056727 seconds.
  path: Assets/Prefabs/bala.prefab
  artifactKey: Guid(0295a8eba3e21574b9385de076b64668) Importer(815301076,1909f56bfc062723c751e8b465ee728b)
Start importing Assets/Prefabs/bala.prefab using Guid(0295a8eba3e21574b9385de076b64668) Importer(815301076,1909f56bfc062723c751e8b465ee728b)  -> (artifact id: '4e791e40b8843dcc27baf87cdcd16683') in 0.090346 seconds
Number of updated asset objects reloaded before import = 0
Number of asset objects unloaded after import = 10
========================================================================
Received Prepare
Begin MonoManager ReloadAssembly
Symbol file LoadedFromMemory doesn't match image C:\Users\aleza\My project (1)\Library\PackageCache\com.unity.visualscripting@1.8.0\Editor\VisualScripting.Core\Dependencies\YamlDotNet\Unity.VisualScripting.YamlDotNet.dll
Symbol file LoadedFromMemory doesn't match image C:\Users\aleza\My project (1)\Library\PackageCache\com.unity.visualscripting@1.8.0\Editor\VisualScripting.Core\Dependencies\DotNetZip\Unity.VisualScripting.IonicZip.dll
- Loaded All Assemblies, in  0.813 seconds
Refreshing native plugins compatible for Editor in 3.02 ms, found 3 plugins.
Native extension for WindowsStandalone target not found
Mono: successfully reloaded assembly
- Finished resetting the current domain, in  1.083 seconds
Domain Reload Profiling:
	ReloadAssembly (235ms)
		BeginReloadAssembly (152ms)
			ExecutionOrderSort (0ms)
			DisableScriptedObjects (5ms)
			BackupInstance (0ms)
			ReleaseScriptingObjects (0ms)
			CreateAndSetChildDomain (40ms)
		LoadAllAssembliesAndSetupDomain (575ms)
			LoadAssemblies (316ms)
			RebuildTransferFunctionScriptingTraits (0ms)
			SetupTypeCache (321ms)
				TypeCache.Initialize (316ms)
					TypeCache.ScanAssembly (308ms)
				ResolveRequiredComponents (5ms)
		FinalizeReload (0ms)
			ReleaseScriptCaches (0ms)
			RebuildScriptCaches (0ms)
			SetupLoadedEditorAssemblies (502ms)
				LogAssemblyErrors (0ms)
				InitializePlatformSupportModulesInManaged (9ms)
				SetLoadedEditorAssemblies (5ms)
				RefreshPlugins (0ms)
				BeforeProcessingInitializeOnLoad (88ms)
				ProcessInitializeOnLoadAttributes (362ms)
				ProcessInitializeOnLoadMethodAttributes (27ms)
				AfterProcessingInitializeOnLoad (10ms)
				EditorAssembliesLoaded (0ms)
			ExecutionOrderSort2 (0ms)
			AwakeInstancesAfterBackupRestoration (15ms)
Refreshing native plugins compatible for Editor in 4.79 ms, found 3 plugins.
Preloading 0 native plugins for Editor in 0.00 ms.
Unloading 3118 Unused Serialized files (Serialized files now loaded: 0)
Unloading 20 unused Assets / (30.6 KB). Loaded Objects now: 3936.
Memory consumption went from 112.9 MB to 112.8 MB.
Total: 6.288400 ms (FindLiveObjects: 0.786200 ms CreateObjectMapping: 0.537000 ms MarkObjects: 4.870400 ms  DeleteObjects: 0.092900 ms)

Prepare: number of updated asset objects reloaded= 0
AssetImportParameters requested are different than current active one (requested -> active):
  custom:container-demuxer-ogg: 62fdf1f143b41e24485cea50d1cbac27 -> 
  custom:video-codec-MediaFoundation-h265: 746d11721c4dcdbdad8f713fa42b33f4 -> 
  custom:video-decoder-ogg-theora: a1e56fd34408186e4bbccfd4996cb3dc -> 
  custom:framework-win-MediaFoundation: 216162199b28c13a410421893ffa2e32 -> 
  custom:container-demuxer-webm: 4f35f7cbe854078d1ac9338744f61a02 -> 
  custom:container-muxer-webm: aa71ff27fc2769a1b78a27578f13a17b -> 
  custom:video-decoder-webm-vp8: 9c59270c3fd7afecdb556c50c9e8de78 -> 
  custom:AudioImporter_EditorPlatform: d09bf68614088b80899f8185d706f6e7 -> 
  custom:video-encoder-webm-vp8: eb34c28f22e8b96e1ab97ce403110664 -> 
  custom:audio-decoder-ogg-vorbis: bf7c407c2cedff20999df2af8eb42d56 -> 
  custom:audio-encoder-webm-vorbis: bf7c407c2cedff20999df2af8eb42d56 -> 
========================================================================
Received Prepare
Begin MonoManager ReloadAssembly
Symbol file LoadedFromMemory doesn't match image C:\Users\aleza\My project (1)\Library\PackageCache\com.unity.visualscripting@1.8.0\Editor\VisualScripting.Core\Dependencies\YamlDotNet\Unity.VisualScripting.YamlDotNet.dll
Symbol file LoadedFromMemory doesn't match image C:\Users\aleza\My project (1)\Library\PackageCache\com.unity.visualscripting@1.8.0\Editor\VisualScripting.Core\Dependencies\DotNetZip\Unity.VisualScripting.IonicZip.dll
- Loaded All Assemblies, in  0.961 seconds
Refreshing native plugins compatible for Editor in 3.98 ms, found 3 plugins.
Native extension for WindowsStandalone target not found
Mono: successfully reloaded assembly
- Finished resetting the current domain, in  1.216 seconds
Domain Reload Profiling:
	ReloadAssembly (270ms)
		BeginReloadAssembly (174ms)
			ExecutionOrderSort (0ms)
			DisableScriptedObjects (6ms)
			BackupInstance (0ms)
			ReleaseScriptingObjects (0ms)
			CreateAndSetChildDomain (50ms)
		LoadAllAssembliesAndSetupDomain (686ms)
			LoadAssemblies (399ms)
			RebuildTransferFunctionScriptingTraits (0ms)
			SetupTypeCache (364ms)
				TypeCache.Initialize (355ms)
					TypeCache.ScanAssembly (348ms)
				ResolveRequiredComponents (6ms)
		FinalizeReload (0ms)
			ReleaseScriptCaches (0ms)
			RebuildScriptCaches (0ms)
			SetupLoadedEditorAssemblies (491ms)
				LogAssemblyErrors (0ms)
				InitializePlatformSupportModulesInManaged (8ms)
				SetLoadedEditorAssemblies (5ms)
				RefreshPlugins (0ms)
				BeforeProcessingInitializeOnLoad (75ms)
				ProcessInitializeOnLoadAttributes (369ms)
				ProcessInitializeOnLoadMethodAttributes (24ms)
				AfterProcessingInitializeOnLoad (9ms)
				EditorAssembliesLoaded (0ms)
			ExecutionOrderSort2 (0ms)
			AwakeInstancesAfterBackupRestoration (11ms)
Refreshing native plugins compatible for Editor in 5.30 ms, found 3 plugins.
Preloading 0 native plugins for Editor in 0.00 ms.
Unloading 3119 Unused Serialized files (Serialized files now loaded: 0)
Unloading 20 unused Assets / (30.6 KB). Loaded Objects now: 3939.
Memory consumption went from 113.1 MB to 113.1 MB.
Total: 4.106200 ms (FindLiveObjects: 0.699200 ms CreateObjectMapping: 0.330000 ms MarkObjects: 3.027600 ms  DeleteObjects: 0.048300 ms)

Prepare: number of updated asset objects reloaded= 0
AssetImportParameters requested are different than current active one (requested -> active):
  custom:container-demuxer-ogg: 62fdf1f143b41e24485cea50d1cbac27 -> 
  custom:video-codec-MediaFoundation-h265: 746d11721c4dcdbdad8f713fa42b33f4 -> 
  custom:video-decoder-ogg-theora: a1e56fd34408186e4bbccfd4996cb3dc -> 
  custom:framework-win-MediaFoundation: 216162199b28c13a410421893ffa2e32 -> 
  custom:container-demuxer-webm: 4f35f7cbe854078d1ac9338744f61a02 -> 
  custom:container-muxer-webm: aa71ff27fc2769a1b78a27578f13a17b -> 
  custom:video-decoder-webm-vp8: 9c59270c3fd7afecdb556c50c9e8de78 -> 
  custom:AudioImporter_EditorPlatform: d09bf68614088b80899f8185d706f6e7 -> 
  custom:video-encoder-webm-vp8: eb34c28f22e8b96e1ab97ce403110664 -> 
  custom:audio-decoder-ogg-vorbis: bf7c407c2cedff20999df2af8eb42d56 -> 
  custom:audio-encoder-webm-vorbis: bf7c407c2cedff20999df2af8eb42d56 -> 
========================================================================
Received Import Request.
  Time since last request: 231.140180 seconds.
  path: Assets/Prefabs/bala_doble (1).prefab
  artifactKey: Guid(2dbe57ccc5dec4542a6666b93a24bbfc) Importer(815301076,1909f56bfc062723c751e8b465ee728b)
Start importing Assets/Prefabs/bala_doble (1).prefab using Guid(2dbe57ccc5dec4542a6666b93a24bbfc) Importer(815301076,1909f56bfc062723c751e8b465ee728b)  -> (artifact id: 'c92b313e62e3bcc095fe39ec1e91ed8a') in 0.106365 seconds
Number of updated asset objects reloaded before import = 0
Number of asset objects unloaded after import = 11
========================================================================
Received Prepare
Begin MonoManager ReloadAssembly
Symbol file LoadedFromMemory doesn't match image C:\Users\aleza\My project (1)\Library\PackageCache\com.unity.visualscripting@1.8.0\Editor\VisualScripting.Core\Dependencies\YamlDotNet\Unity.VisualScripting.YamlDotNet.dll
Symbol file LoadedFromMemory doesn't match image C:\Users\aleza\My project (1)\Library\PackageCache\com.unity.visualscripting@1.8.0\Editor\VisualScripting.Core\Dependencies\DotNetZip\Unity.VisualScripting.IonicZip.dll
- Loaded All Assemblies, in  0.771 seconds
Refreshing native plugins compatible for Editor in 2.98 ms, found 3 plugins.
Native extension for WindowsStandalone target not found
Mono: successfully reloaded assembly
- Finished resetting the current domain, in  1.163 seconds
Domain Reload Profiling:
	ReloadAssembly (244ms)
		BeginReloadAssembly (157ms)
			ExecutionOrderSort (0ms)
			DisableScriptedObjects (5ms)
			BackupInstance (0ms)
			ReleaseScriptingObjects (0ms)
			CreateAndSetChildDomain (44ms)
		LoadAllAssembliesAndSetupDomain (524ms)
			LoadAssemblies (274ms)
			RebuildTransferFunctionScriptingTraits (0ms)
			SetupTypeCache (318ms)
				TypeCache.Initialize (314ms)
					TypeCache.ScanAssembly (307ms)
				ResolveRequiredComponents (4ms)
		FinalizeReload (0ms)
			ReleaseScriptCaches (0ms)
			RebuildScriptCaches (0ms)
			SetupLoadedEditorAssemblies (519ms)
				LogAssemblyErrors (0ms)
				InitializePlatformSupportModulesInManaged (8ms)
				SetLoadedEditorAssemblies (5ms)
				RefreshPlugins (0ms)
				BeforeProcessingInitializeOnLoad (84ms)
				ProcessInitializeOnLoadAttributes (384ms)
				ProcessInitializeOnLoadMethodAttributes (29ms)
				AfterProcessingInitializeOnLoad (9ms)
				EditorAssembliesLoaded (0ms)
			ExecutionOrderSort2 (0ms)
			AwakeInstancesAfterBackupRestoration (12ms)
Refreshing native plugins compatible for Editor in 6.12 ms, found 3 plugins.
Preloading 0 native plugins for Editor in 0.00 ms.
Unloading 3118 Unused Serialized files (Serialized files now loaded: 0)
Unloading 20 unused Assets / (30.6 KB). Loaded Objects now: 3942.
Memory consumption went from 112.9 MB to 112.8 MB.
Total: 7.161800 ms (FindLiveObjects: 1.236700 ms CreateObjectMapping: 0.457200 ms MarkObjects: 5.361000 ms  DeleteObjects: 0.104200 ms)

Prepare: number of updated asset objects reloaded= 0
AssetImportParameters requested are different than current active one (requested -> active):
  custom:container-demuxer-ogg: 62fdf1f143b41e24485cea50d1cbac27 -> 
  custom:video-codec-MediaFoundation-h265: 746d11721c4dcdbdad8f713fa42b33f4 -> 
  custom:video-decoder-ogg-theora: a1e56fd34408186e4bbccfd4996cb3dc -> 
  custom:framework-win-MediaFoundation: 216162199b28c13a410421893ffa2e32 -> 
  custom:container-demuxer-webm: 4f35f7cbe854078d1ac9338744f61a02 -> 
  custom:container-muxer-webm: aa71ff27fc2769a1b78a27578f13a17b -> 
  custom:video-decoder-webm-vp8: 9c59270c3fd7afecdb556c50c9e8de78 -> 
  custom:AudioImporter_EditorPlatform: d09bf68614088b80899f8185d706f6e7 -> 
  custom:video-encoder-webm-vp8: eb34c28f22e8b96e1ab97ce403110664 -> 
  custom:audio-decoder-ogg-vorbis: bf7c407c2cedff20999df2af8eb42d56 -> 
  custom:audio-encoder-webm-vorbis: bf7c407c2cedff20999df2af8eb42d56 -> 
========================================================================
Received Prepare
Begin MonoManager ReloadAssembly
Symbol file LoadedFromMemory doesn't match image C:\Users\aleza\My project (1)\Library\PackageCache\com.unity.visualscripting@1.8.0\Editor\VisualScripting.Core\Dependencies\YamlDotNet\Unity.VisualScripting.YamlDotNet.dll
Symbol file LoadedFromMemory doesn't match image C:\Users\aleza\My project (1)\Library\PackageCache\com.unity.visualscripting@1.8.0\Editor\VisualScripting.Core\Dependencies\DotNetZip\Unity.VisualScripting.IonicZip.dll
- Loaded All Assemblies, in  0.875 seconds
Refreshing native plugins compatible for Editor in 4.47 ms, found 3 plugins.
Native extension for WindowsStandalone target not found
Mono: successfully reloaded assembly
- Finished resetting the current domain, in  1.202 seconds
Domain Reload Profiling:
	ReloadAssembly (246ms)
		BeginReloadAssembly (162ms)
			ExecutionOrderSort (0ms)
			DisableScriptedObjects (6ms)
			BackupInstance (0ms)
			ReleaseScriptingObjects (0ms)
			CreateAndSetChildDomain (45ms)
		LoadAllAssembliesAndSetupDomain (628ms)
			LoadAssemblies (301ms)
			RebuildTransferFunctionScriptingTraits (0ms)
			SetupTypeCache (401ms)
				TypeCache.Initialize (394ms)
					TypeCache.ScanAssembly (384ms)
				ResolveRequiredComponents (7ms)
		FinalizeReload (0ms)
			ReleaseScriptCaches (0ms)
			RebuildScriptCaches (0ms)
			SetupLoadedEditorAssemblies (549ms)
				LogAssemblyErrors (0ms)
				InitializePlatformSupportModulesInManaged (9ms)
				SetLoadedEditorAssemblies (3ms)
				RefreshPlugins (0ms)
				BeforeProcessingInitializeOnLoad (85ms)
				ProcessInitializeOnLoadAttributes (410ms)
				ProcessInitializeOnLoadMethodAttributes (33ms)
				AfterProcessingInitializeOnLoad (9ms)
				EditorAssembliesLoaded (0ms)
			ExecutionOrderSort2 (0ms)
			AwakeInstancesAfterBackupRestoration (13ms)
Refreshing native plugins compatible for Editor in 4.68 ms, found 3 plugins.
Preloading 0 native plugins for Editor in 0.00 ms.
Unloading 3119 Unused Serialized files (Serialized files now loaded: 0)
Unloading 20 unused Assets / (30.5 KB). Loaded Objects now: 3945.
Memory consumption went from 113.1 MB to 113.1 MB.
Total: 6.890900 ms (FindLiveObjects: 1.631700 ms CreateObjectMapping: 0.631900 ms MarkObjects: 4.503100 ms  DeleteObjects: 0.121100 ms)

Prepare: number of updated asset objects reloaded= 0
AssetImportParameters requested are different than current active one (requested -> active):
  custom:container-demuxer-ogg: 62fdf1f143b41e24485cea50d1cbac27 -> 
  custom:video-codec-MediaFoundation-h265: 746d11721c4dcdbdad8f713fa42b33f4 -> 
  custom:video-decoder-ogg-theora: a1e56fd34408186e4bbccfd4996cb3dc -> 
  custom:framework-win-MediaFoundation: 216162199b28c13a410421893ffa2e32 -> 
  custom:container-demuxer-webm: 4f35f7cbe854078d1ac9338744f61a02 -> 
  custom:container-muxer-webm: aa71ff27fc2769a1b78a27578f13a17b -> 
  custom:video-decoder-webm-vp8: 9c59270c3fd7afecdb556c50c9e8de78 -> 
  custom:AudioImporter_EditorPlatform: d09bf68614088b80899f8185d706f6e7 -> 
  custom:video-encoder-webm-vp8: eb34c28f22e8b96e1ab97ce403110664 -> 
  custom:audio-decoder-ogg-vorbis: bf7c407c2cedff20999df2af8eb42d56 -> 
  custom:audio-encoder-webm-vorbis: bf7c407c2cedff20999df2af8eb42d56 -> 
========================================================================
Received Import Request.
  Time since last request: 711.618490 seconds.
  path: Assets/Materials/enemy.mat
  artifactKey: Guid(7f731d4a9ae252b468fb4b97223f6100) Importer(815301076,1909f56bfc062723c751e8b465ee728b)
Start importing Assets/Materials/enemy.mat using Guid(7f731d4a9ae252b468fb4b97223f6100) Importer(815301076,1909f56bfc062723c751e8b465ee728b)  -> (artifact id: '4e91c890bb4061524f171b3ef35ef127') in 0.114374 seconds
Number of updated asset objects reloaded before import = 0
Number of asset objects unloaded after import = 1
========================================================================
Received Import Request.
  Time since last request: 416.164108 seconds.
  path: Assets/Materials/New Material.mat
  artifactKey: Guid(e6348a28c7f04824d830d095f19baa12) Importer(815301076,1909f56bfc062723c751e8b465ee728b)
Start importing Assets/Materials/New Material.mat using Guid(e6348a28c7f04824d830d095f19baa12) Importer(815301076,1909f56bfc062723c751e8b465ee728b)  -> (artifact id: '6b53d85d1d2bf01695debc4fe4e03f03') in 0.022477 seconds
Number of updated asset objects reloaded before import = 0
Number of asset objects unloaded after import = 1
========================================================================
Received Prepare
Begin MonoManager ReloadAssembly
Symbol file LoadedFromMemory doesn't match image C:\Users\aleza\My project (1)\Library\PackageCache\com.unity.visualscripting@1.8.0\Editor\VisualScripting.Core\Dependencies\YamlDotNet\Unity.VisualScripting.YamlDotNet.dll
Symbol file LoadedFromMemory doesn't match image C:\Users\aleza\My project (1)\Library\PackageCache\com.unity.visualscripting@1.8.0\Editor\VisualScripting.Core\Dependencies\DotNetZip\Unity.VisualScripting.IonicZip.dll
- Loaded All Assemblies, in  1.093 seconds
Refreshing native plugins compatible for Editor in 3.34 ms, found 3 plugins.
Native extension for WindowsStandalone target not found
Mono: successfully reloaded assembly
- Finished resetting the current domain, in  1.372 seconds
Domain Reload Profiling:
	ReloadAssembly (313ms)
		BeginReloadAssembly (208ms)
			ExecutionOrderSort (0ms)
			DisableScriptedObjects (7ms)
			BackupInstance (0ms)
			ReleaseScriptingObjects (0ms)
			CreateAndSetChildDomain (80ms)
		LoadAllAssembliesAndSetupDomain (776ms)
			LoadAssemblies (374ms)
			RebuildTransferFunctionScriptingTraits (0ms)
			SetupTypeCache (476ms)
				TypeCache.Initialize (467ms)
					TypeCache.ScanAssembly (456ms)
				ResolveRequiredComponents (4ms)
		FinalizeReload (0ms)
			ReleaseScriptCaches (0ms)
			RebuildScriptCaches (0ms)
			SetupLoadedEditorAssemblies (426ms)
				LogAssemblyErrors (0ms)
				InitializePlatformSupportModulesInManaged (6ms)
				SetLoadedEditorAssemblies (3ms)
				RefreshPlugins (0ms)
				BeforeProcessingInitializeOnLoad (58ms)
				ProcessInitializeOnLoadAttributes (324ms)
				ProcessInitializeOnLoadMethodAttributes (28ms)
				AfterProcessingInitializeOnLoad (8ms)
				EditorAssembliesLoaded (0ms)
			ExecutionOrderSort2 (0ms)
			AwakeInstancesAfterBackupRestoration (9ms)
Refreshing native plugins compatible for Editor in 3.71 ms, found 3 plugins.
Preloading 0 native plugins for Editor in 0.00 ms.
Unloading 3118 Unused Serialized files (Serialized files now loaded: 0)
Unloading 20 unused Assets / (30.6 KB). Loaded Objects now: 3948.
Memory consumption went from 112.9 MB to 112.8 MB.
Total: 3.364900 ms (FindLiveObjects: 0.301600 ms CreateObjectMapping: 0.218600 ms MarkObjects: 2.798300 ms  DeleteObjects: 0.045700 ms)

Prepare: number of updated asset objects reloaded= 0
AssetImportParameters requested are different than current active one (requested -> active):
  custom:container-demuxer-ogg: 62fdf1f143b41e24485cea50d1cbac27 -> 
  custom:video-codec-MediaFoundation-h265: 746d11721c4dcdbdad8f713fa42b33f4 -> 
  custom:video-decoder-ogg-theora: a1e56fd34408186e4bbccfd4996cb3dc -> 
  custom:framework-win-MediaFoundation: 216162199b28c13a410421893ffa2e32 -> 
  custom:container-demuxer-webm: 4f35f7cbe854078d1ac9338744f61a02 -> 
  custom:container-muxer-webm: aa71ff27fc2769a1b78a27578f13a17b -> 
  custom:video-decoder-webm-vp8: 9c59270c3fd7afecdb556c50c9e8de78 -> 
  custom:AudioImporter_EditorPlatform: d09bf68614088b80899f8185d706f6e7 -> 
  custom:video-encoder-webm-vp8: eb34c28f22e8b96e1ab97ce403110664 -> 
  custom:audio-decoder-ogg-vorbis: bf7c407c2cedff20999df2af8eb42d56 -> 
  custom:audio-encoder-webm-vorbis: bf7c407c2cedff20999df2af8eb42d56 -> 
========================================================================
Received Prepare
Begin MonoManager ReloadAssembly
Symbol file LoadedFromMemory doesn't match image C:\Users\aleza\My project (1)\Library\PackageCache\com.unity.visualscripting@1.8.0\Editor\VisualScripting.Core\Dependencies\YamlDotNet\Unity.VisualScripting.YamlDotNet.dll
Symbol file LoadedFromMemory doesn't match image C:\Users\aleza\My project (1)\Library\PackageCache\com.unity.visualscripting@1.8.0\Editor\VisualScripting.Core\Dependencies\DotNetZip\Unity.VisualScripting.IonicZip.dll
- Loaded All Assemblies, in  0.793 seconds
Refreshing native plugins compatible for Editor in 2.91 ms, found 3 plugins.
Native extension for WindowsStandalone target not found
Mono: successfully reloaded assembly
- Finished resetting the current domain, in  1.125 seconds
Domain Reload Profiling:
	ReloadAssembly (254ms)
		BeginReloadAssembly (166ms)
			ExecutionOrderSort (0ms)
			DisableScriptedObjects (6ms)
			BackupInstance (0ms)
			ReleaseScriptingObjects (0ms)
			CreateAndSetChildDomain (44ms)
		LoadAllAssembliesAndSetupDomain (536ms)
			LoadAssemblies (291ms)
			RebuildTransferFunctionScriptingTraits (0ms)
			SetupTypeCache (323ms)
				TypeCache.Initialize (319ms)
					TypeCache.ScanAssembly (313ms)
				ResolveRequiredComponents (4ms)
		FinalizeReload (0ms)
			ReleaseScriptCaches (0ms)
			RebuildScriptCaches (0ms)
			SetupLoadedEditorAssemblies (531ms)
				LogAssemblyErrors (0ms)
				InitializePlatformSupportModulesInManaged (8ms)
				SetLoadedEditorAssemblies (4ms)
				RefreshPlugins (0ms)
				BeforeProcessingInitializeOnLoad (89ms)
				ProcessInitializeOnLoadAttributes (391ms)
				ProcessInitializeOnLoadMethodAttributes (29ms)
				AfterProcessingInitializeOnLoad (9ms)
				EditorAssembliesLoaded (0ms)
			ExecutionOrderSort2 (0ms)
			AwakeInstancesAfterBackupRestoration (13ms)
Refreshing native plugins compatible for Editor in 5.28 ms, found 3 plugins.
Preloading 0 native plugins for Editor in 0.00 ms.
Unloading 3119 Unused Serialized files (Serialized files now loaded: 0)
Unloading 20 unused Assets / (30.5 KB). Loaded Objects now: 3951.
Memory consumption went from 113.1 MB to 113.1 MB.
Total: 4.912400 ms (FindLiveObjects: 0.470600 ms CreateObjectMapping: 0.276800 ms MarkObjects: 4.042200 ms  DeleteObjects: 0.121300 ms)

Prepare: number of updated asset objects reloaded= 0
AssetImportParameters requested are different than current active one (requested -> active):
  custom:container-demuxer-ogg: 62fdf1f143b41e24485cea50d1cbac27 -> 
  custom:video-codec-MediaFoundation-h265: 746d11721c4dcdbdad8f713fa42b33f4 -> 
  custom:video-decoder-ogg-theora: a1e56fd34408186e4bbccfd4996cb3dc -> 
  custom:framework-win-MediaFoundation: 216162199b28c13a410421893ffa2e32 -> 
  custom:container-demuxer-webm: 4f35f7cbe854078d1ac9338744f61a02 -> 
  custom:container-muxer-webm: aa71ff27fc2769a1b78a27578f13a17b -> 
  custom:video-decoder-webm-vp8: 9c59270c3fd7afecdb556c50c9e8de78 -> 
  custom:AudioImporter_EditorPlatform: d09bf68614088b80899f8185d706f6e7 -> 
  custom:video-encoder-webm-vp8: eb34c28f22e8b96e1ab97ce403110664 -> 
  custom:audio-decoder-ogg-vorbis: bf7c407c2cedff20999df2af8eb42d56 -> 
  custom:audio-encoder-webm-vorbis: bf7c407c2cedff20999df2af8eb42d56 -> 
========================================================================
Received Prepare
Begin MonoManager ReloadAssembly
Symbol file LoadedFromMemory doesn't match image C:\Users\aleza\My project (1)\Library\PackageCache\com.unity.visualscripting@1.8.0\Editor\VisualScripting.Core\Dependencies\YamlDotNet\Unity.VisualScripting.YamlDotNet.dll
Symbol file LoadedFromMemory doesn't match image C:\Users\aleza\My project (1)\Library\PackageCache\com.unity.visualscripting@1.8.0\Editor\VisualScripting.Core\Dependencies\DotNetZip\Unity.VisualScripting.IonicZip.dll
- Loaded All Assemblies, in  0.781 seconds
Refreshing native plugins compatible for Editor in 3.17 ms, found 3 plugins.
Native extension for WindowsStandalone target not found
Mono: successfully reloaded assembly
- Finished resetting the current domain, in  1.107 seconds
Domain Reload Profiling:
	ReloadAssembly (247ms)
		BeginReloadAssembly (155ms)
			ExecutionOrderSort (0ms)
			DisableScriptedObjects (6ms)
			BackupInstance (0ms)
			ReleaseScriptingObjects (0ms)
			CreateAndSetChildDomain (45ms)
		LoadAllAssembliesAndSetupDomain (532ms)
			LoadAssemblies (272ms)
			RebuildTransferFunctionScriptingTraits (0ms)
			SetupTypeCache (325ms)
				TypeCache.Initialize (321ms)
					TypeCache.ScanAssembly (314ms)
				ResolveRequiredComponents (4ms)
		FinalizeReload (0ms)
			ReleaseScriptCaches (0ms)
			RebuildScriptCaches (0ms)
			SetupLoadedEditorAssemblies (529ms)
				LogAssemblyErrors (0ms)
				InitializePlatformSupportModulesInManaged (9ms)
				SetLoadedEditorAssemblies (5ms)
				RefreshPlugins (0ms)
				BeforeProcessingInitializeOnLoad (80ms)
				ProcessInitializeOnLoadAttributes (392ms)
				ProcessInitializeOnLoadMethodAttributes (31ms)
				AfterProcessingInitializeOnLoad (11ms)
				EditorAssembliesLoaded (0ms)
			ExecutionOrderSort2 (0ms)
			AwakeInstancesAfterBackupRestoration (13ms)
Refreshing native plugins compatible for Editor in 5.00 ms, found 3 plugins.
Preloading 0 native plugins for Editor in 0.00 ms.
Unloading 3119 Unused Serialized files (Serialized files now loaded: 0)
Unloading 20 unused Assets / (30.5 KB). Loaded Objects now: 3954.
Memory consumption went from 113.1 MB to 113.1 MB.
Total: 6.535400 ms (FindLiveObjects: 0.612600 ms CreateObjectMapping: 0.466600 ms MarkObjects: 5.343600 ms  DeleteObjects: 0.111300 ms)

Prepare: number of updated asset objects reloaded= 0
AssetImportParameters requested are different than current active one (requested -> active):
  custom:container-demuxer-ogg: 62fdf1f143b41e24485cea50d1cbac27 -> 
  custom:video-codec-MediaFoundation-h265: 746d11721c4dcdbdad8f713fa42b33f4 -> 
  custom:video-decoder-ogg-theora: a1e56fd34408186e4bbccfd4996cb3dc -> 
  custom:framework-win-MediaFoundation: 216162199b28c13a410421893ffa2e32 -> 
  custom:container-demuxer-webm: 4f35f7cbe854078d1ac9338744f61a02 -> 
  custom:container-muxer-webm: aa71ff27fc2769a1b78a27578f13a17b -> 
  custom:video-decoder-webm-vp8: 9c59270c3fd7afecdb556c50c9e8de78 -> 
  custom:AudioImporter_EditorPlatform: d09bf68614088b80899f8185d706f6e7 -> 
  custom:video-encoder-webm-vp8: eb34c28f22e8b96e1ab97ce403110664 -> 
  custom:audio-decoder-ogg-vorbis: bf7c407c2cedff20999df2af8eb42d56 -> 
  custom:audio-encoder-webm-vorbis: bf7c407c2cedff20999df2af8eb42d56 -> 
========================================================================
Received Prepare
Begin MonoManager ReloadAssembly
Symbol file LoadedFromMemory doesn't match image C:\Users\aleza\My project (1)\Library\PackageCache\com.unity.visualscripting@1.8.0\Editor\VisualScripting.Core\Dependencies\YamlDotNet\Unity.VisualScripting.YamlDotNet.dll
Symbol file LoadedFromMemory doesn't match image C:\Users\aleza\My project (1)\Library\PackageCache\com.unity.visualscripting@1.8.0\Editor\VisualScripting.Core\Dependencies\DotNetZip\Unity.VisualScripting.IonicZip.dll
- Loaded All Assemblies, in  0.782 seconds
Refreshing native plugins compatible for Editor in 3.70 ms, found 3 plugins.
Native extension for WindowsStandalone target not found
Mono: successfully reloaded assembly
- Finished resetting the current domain, in  1.230 seconds
Domain Reload Profiling:
	ReloadAssembly (241ms)
		BeginReloadAssembly (164ms)
			ExecutionOrderSort (0ms)
			DisableScriptedObjects (6ms)
			BackupInstance (0ms)
			ReleaseScriptingObjects (0ms)
			CreateAndSetChildDomain (43ms)
		LoadAllAssembliesAndSetupDomain (539ms)
			LoadAssemblies (299ms)
			RebuildTransferFunctionScriptingTraits (0ms)
			SetupTypeCache (315ms)
				TypeCache.Initialize (311ms)
					TypeCache.ScanAssembly (304ms)
				ResolveRequiredComponents (4ms)
		FinalizeReload (0ms)
			ReleaseScriptCaches (0ms)
			RebuildScriptCaches (0ms)
			SetupLoadedEditorAssemblies (569ms)
				LogAssemblyErrors (0ms)
				InitializePlatformSupportModulesInManaged (8ms)
				SetLoadedEditorAssemblies (5ms)
				RefreshPlugins (0ms)
				BeforeProcessingInitializeOnLoad (90ms)
				ProcessInitializeOnLoadAttributes (426ms)
				ProcessInitializeOnLoadMethodAttributes (31ms)
				AfterProcessingInitializeOnLoad (10ms)
				EditorAssembliesLoaded (0ms)
			ExecutionOrderSort2 (0ms)
			AwakeInstancesAfterBackupRestoration (13ms)
Refreshing native plugins compatible for Editor in 5.45 ms, found 3 plugins.
Preloading 0 native plugins for Editor in 0.00 ms.
Unloading 3119 Unused Serialized files (Serialized files now loaded: 0)
Unloading 20 unused Assets / (30.5 KB). Loaded Objects now: 3957.
Memory consumption went from 113.1 MB to 113.1 MB.
Total: 6.763800 ms (FindLiveObjects: 0.574700 ms CreateObjectMapping: 0.392500 ms MarkObjects: 5.704700 ms  DeleteObjects: 0.090500 ms)

Prepare: number of updated asset objects reloaded= 0
AssetImportParameters requested are different than current active one (requested -> active):
  custom:container-demuxer-ogg: 62fdf1f143b41e24485cea50d1cbac27 -> 
  custom:video-codec-MediaFoundation-h265: 746d11721c4dcdbdad8f713fa42b33f4 -> 
  custom:video-decoder-ogg-theora: a1e56fd34408186e4bbccfd4996cb3dc -> 
  custom:framework-win-MediaFoundation: 216162199b28c13a410421893ffa2e32 -> 
  custom:container-demuxer-webm: 4f35f7cbe854078d1ac9338744f61a02 -> 
  custom:container-muxer-webm: aa71ff27fc2769a1b78a27578f13a17b -> 
  custom:video-decoder-webm-vp8: 9c59270c3fd7afecdb556c50c9e8de78 -> 
  custom:AudioImporter_EditorPlatform: d09bf68614088b80899f8185d706f6e7 -> 
  custom:video-encoder-webm-vp8: eb34c28f22e8b96e1ab97ce403110664 -> 
  custom:audio-decoder-ogg-vorbis: bf7c407c2cedff20999df2af8eb42d56 -> 
  custom:audio-encoder-webm-vorbis: bf7c407c2cedff20999df2af8eb42d56 -> 
========================================================================
Received Prepare
Begin MonoManager ReloadAssembly
Symbol file LoadedFromMemory doesn't match image C:\Users\aleza\My project (1)\Library\PackageCache\com.unity.visualscripting@1.8.0\Editor\VisualScripting.Core\Dependencies\YamlDotNet\Unity.VisualScripting.YamlDotNet.dll
Symbol file LoadedFromMemory doesn't match image C:\Users\aleza\My project (1)\Library\PackageCache\com.unity.visualscripting@1.8.0\Editor\VisualScripting.Core\Dependencies\DotNetZip\Unity.VisualScripting.IonicZip.dll
- Loaded All Assemblies, in  0.801 seconds
Refreshing native plugins compatible for Editor in 4.23 ms, found 3 plugins.
Native extension for WindowsStandalone target not found
Mono: successfully reloaded assembly
- Finished resetting the current domain, in  1.200 seconds
Domain Reload Profiling:
	ReloadAssembly (232ms)
		BeginReloadAssembly (154ms)
			ExecutionOrderSort (0ms)
			DisableScriptedObjects (6ms)
			BackupInstance (0ms)
			ReleaseScriptingObjects (0ms)
			CreateAndSetChildDomain (43ms)
		LoadAllAssembliesAndSetupDomain (567ms)
			LoadAssemblies (294ms)
			RebuildTransferFunctionScriptingTraits (0ms)
			SetupTypeCache (337ms)
				TypeCache.Initialize (331ms)
					TypeCache.ScanAssembly (324ms)
				ResolveRequiredComponents (6ms)
		FinalizeReload (0ms)
			ReleaseScriptCaches (0ms)
			RebuildScriptCaches (0ms)
			SetupLoadedEditorAssemblies (548ms)
				LogAssemblyErrors (0ms)
				InitializePlatformSupportModulesInManaged (10ms)
				SetLoadedEditorAssemblies (5ms)
				RefreshPlugins (0ms)
				BeforeProcessingInitializeOnLoad (84ms)
				ProcessInitializeOnLoadAttributes (410ms)
				ProcessInitializeOnLoadMethodAttributes (30ms)
				AfterProcessingInitializeOnLoad (9ms)
				EditorAssembliesLoaded (0ms)
			ExecutionOrderSort2 (0ms)
			AwakeInstancesAfterBackupRestoration (13ms)
Refreshing native plugins compatible for Editor in 5.89 ms, found 3 plugins.
Preloading 0 native plugins for Editor in 0.00 ms.
Unloading 3119 Unused Serialized files (Serialized files now loaded: 0)
Unloading 20 unused Assets / (30.6 KB). Loaded Objects now: 3960.
Memory consumption went from 113.1 MB to 113.1 MB.
Total: 5.853400 ms (FindLiveObjects: 0.508900 ms CreateObjectMapping: 0.455600 ms MarkObjects: 4.795400 ms  DeleteObjects: 0.092000 ms)

Prepare: number of updated asset objects reloaded= 0
AssetImportParameters requested are different than current active one (requested -> active):
  custom:container-demuxer-ogg: 62fdf1f143b41e24485cea50d1cbac27 -> 
  custom:video-codec-MediaFoundation-h265: 746d11721c4dcdbdad8f713fa42b33f4 -> 
  custom:video-decoder-ogg-theora: a1e56fd34408186e4bbccfd4996cb3dc -> 
  custom:framework-win-MediaFoundation: 216162199b28c13a410421893ffa2e32 -> 
  custom:container-demuxer-webm: 4f35f7cbe854078d1ac9338744f61a02 -> 
  custom:container-muxer-webm: aa71ff27fc2769a1b78a27578f13a17b -> 
  custom:video-decoder-webm-vp8: 9c59270c3fd7afecdb556c50c9e8de78 -> 
  custom:AudioImporter_EditorPlatform: d09bf68614088b80899f8185d706f6e7 -> 
  custom:video-encoder-webm-vp8: eb34c28f22e8b96e1ab97ce403110664 -> 
  custom:audio-decoder-ogg-vorbis: bf7c407c2cedff20999df2af8eb42d56 -> 
  custom:audio-encoder-webm-vorbis: bf7c407c2cedff20999df2af8eb42d56 -> 
========================================================================
Received Prepare
Begin MonoManager ReloadAssembly
Symbol file LoadedFromMemory doesn't match image C:\Users\aleza\My project (1)\Library\PackageCache\com.unity.visualscripting@1.8.0\Editor\VisualScripting.Core\Dependencies\YamlDotNet\Unity.VisualScripting.YamlDotNet.dll
Symbol file LoadedFromMemory doesn't match image C:\Users\aleza\My project (1)\Library\PackageCache\com.unity.visualscripting@1.8.0\Editor\VisualScripting.Core\Dependencies\DotNetZip\Unity.VisualScripting.IonicZip.dll
- Loaded All Assemblies, in  0.758 seconds
Refreshing native plugins compatible for Editor in 2.90 ms, found 3 plugins.
Native extension for WindowsStandalone target not found
Mono: successfully reloaded assembly
- Finished resetting the current domain, in  1.138 seconds
Domain Reload Profiling:
	ReloadAssembly (232ms)
		BeginReloadAssembly (155ms)
			ExecutionOrderSort (0ms)
			DisableScriptedObjects (6ms)
			BackupInstance (0ms)
			ReleaseScriptingObjects (0ms)
			CreateAndSetChildDomain (42ms)
		LoadAllAssembliesAndSetupDomain (524ms)
			LoadAssemblies (282ms)
			RebuildTransferFunctionScriptingTraits (0ms)
			SetupTypeCache (310ms)
				TypeCache.Initialize (306ms)
					TypeCache.ScanAssembly (299ms)
				ResolveRequiredComponents (4ms)
		FinalizeReload (0ms)
			ReleaseScriptCaches (0ms)
			RebuildScriptCaches (0ms)
			SetupLoadedEditorAssemblies (545ms)
				LogAssemblyErrors (0ms)
				InitializePlatformSupportModulesInManaged (9ms)
				SetLoadedEditorAssemblies (4ms)
				RefreshPlugins (0ms)
				BeforeProcessingInitializeOnLoad (85ms)
				ProcessInitializeOnLoadAttributes (409ms)
				ProcessInitializeOnLoadMethodAttributes (28ms)
				AfterProcessingInitializeOnLoad (10ms)
				EditorAssembliesLoaded (0ms)
			ExecutionOrderSort2 (0ms)
			AwakeInstancesAfterBackupRestoration (14ms)
Refreshing native plugins compatible for Editor in 4.97 ms, found 3 plugins.
Preloading 0 native plugins for Editor in 0.00 ms.
Unloading 3119 Unused Serialized files (Serialized files now loaded: 0)
Unloading 20 unused Assets / (30.5 KB). Loaded Objects now: 3963.
Memory consumption went from 113.1 MB to 113.1 MB.
Total: 4.943600 ms (FindLiveObjects: 0.519800 ms CreateObjectMapping: 0.389300 ms MarkObjects: 3.927000 ms  DeleteObjects: 0.105100 ms)

Prepare: number of updated asset objects reloaded= 0
AssetImportParameters requested are different than current active one (requested -> active):
  custom:container-demuxer-ogg: 62fdf1f143b41e24485cea50d1cbac27 -> 
  custom:video-codec-MediaFoundation-h265: 746d11721c4dcdbdad8f713fa42b33f4 -> 
  custom:video-decoder-ogg-theora: a1e56fd34408186e4bbccfd4996cb3dc -> 
  custom:framework-win-MediaFoundation: 216162199b28c13a410421893ffa2e32 -> 
  custom:container-demuxer-webm: 4f35f7cbe854078d1ac9338744f61a02 -> 
  custom:container-muxer-webm: aa71ff27fc2769a1b78a27578f13a17b -> 
  custom:video-decoder-webm-vp8: 9c59270c3fd7afecdb556c50c9e8de78 -> 
  custom:AudioImporter_EditorPlatform: d09bf68614088b80899f8185d706f6e7 -> 
  custom:video-encoder-webm-vp8: eb34c28f22e8b96e1ab97ce403110664 -> 
  custom:audio-decoder-ogg-vorbis: bf7c407c2cedff20999df2af8eb42d56 -> 
  custom:audio-encoder-webm-vorbis: bf7c407c2cedff20999df2af8eb42d56 -> 
========================================================================
Received Prepare
Begin MonoManager ReloadAssembly
Symbol file LoadedFromMemory doesn't match image C:\Users\aleza\My project (1)\Library\PackageCache\com.unity.visualscripting@1.8.0\Editor\VisualScripting.Core\Dependencies\YamlDotNet\Unity.VisualScripting.YamlDotNet.dll
Symbol file LoadedFromMemory doesn't match image C:\Users\aleza\My project (1)\Library\PackageCache\com.unity.visualscripting@1.8.0\Editor\VisualScripting.Core\Dependencies\DotNetZip\Unity.VisualScripting.IonicZip.dll
- Loaded All Assemblies, in  0.857 seconds
Refreshing native plugins compatible for Editor in 4.50 ms, found 3 plugins.
Native extension for WindowsStandalone target not found
Mono: successfully reloaded assembly
- Finished resetting the current domain, in  1.225 seconds
Domain Reload Profiling:
	ReloadAssembly (249ms)
		BeginReloadAssembly (164ms)
			ExecutionOrderSort (0ms)
			DisableScriptedObjects (10ms)
			BackupInstance (0ms)
			ReleaseScriptingObjects (0ms)
			CreateAndSetChildDomain (42ms)
		LoadAllAssembliesAndSetupDomain (606ms)
			LoadAssemblies (302ms)
			RebuildTransferFunctionScriptingTraits (0ms)
			SetupTypeCache (373ms)
				TypeCache.Initialize (369ms)
					TypeCache.ScanAssembly (362ms)
				ResolveRequiredComponents (5ms)
		FinalizeReload (0ms)
			ReleaseScriptCaches (0ms)
			RebuildScriptCaches (0ms)
			SetupLoadedEditorAssemblies (528ms)
				LogAssemblyErrors (0ms)
				InitializePlatformSupportModulesInManaged (8ms)
				SetLoadedEditorAssemblies (5ms)
				RefreshPlugins (0ms)
				BeforeProcessingInitializeOnLoad (79ms)
				ProcessInitializeOnLoadAttributes (398ms)
				ProcessInitializeOnLoadMethodAttributes (28ms)
				AfterProcessingInitializeOnLoad (9ms)
				EditorAssembliesLoaded (0ms)
			ExecutionOrderSort2 (0ms)
			AwakeInstancesAfterBackupRestoration (14ms)
Refreshing native plugins compatible for Editor in 5.22 ms, found 3 plugins.
Preloading 0 native plugins for Editor in 0.00 ms.
Unloading 3119 Unused Serialized files (Serialized files now loaded: 0)
Unloading 20 unused Assets / (30.5 KB). Loaded Objects now: 3966.
Memory consumption went from 113.1 MB to 113.1 MB.
Total: 3.713700 ms (FindLiveObjects: 0.573900 ms CreateObjectMapping: 0.372000 ms MarkObjects: 2.723000 ms  DeleteObjects: 0.043800 ms)

Prepare: number of updated asset objects reloaded= 0
AssetImportParameters requested are different than current active one (requested -> active):
  custom:container-demuxer-ogg: 62fdf1f143b41e24485cea50d1cbac27 -> 
  custom:video-codec-MediaFoundation-h265: 746d11721c4dcdbdad8f713fa42b33f4 -> 
  custom:video-decoder-ogg-theora: a1e56fd34408186e4bbccfd4996cb3dc -> 
  custom:framework-win-MediaFoundation: 216162199b28c13a410421893ffa2e32 -> 
  custom:container-demuxer-webm: 4f35f7cbe854078d1ac9338744f61a02 -> 
  custom:container-muxer-webm: aa71ff27fc2769a1b78a27578f13a17b -> 
  custom:video-decoder-webm-vp8: 9c59270c3fd7afecdb556c50c9e8de78 -> 
  custom:AudioImporter_EditorPlatform: d09bf68614088b80899f8185d706f6e7 -> 
  custom:video-encoder-webm-vp8: eb34c28f22e8b96e1ab97ce403110664 -> 
  custom:audio-decoder-ogg-vorbis: bf7c407c2cedff20999df2af8eb42d56 -> 
  custom:audio-encoder-webm-vorbis: bf7c407c2cedff20999df2af8eb42d56 -> 
========================================================================
Received Prepare
Begin MonoManager ReloadAssembly
Symbol file LoadedFromMemory doesn't match image C:\Users\aleza\My project (1)\Library\PackageCache\com.unity.visualscripting@1.8.0\Editor\VisualScripting.Core\Dependencies\YamlDotNet\Unity.VisualScripting.YamlDotNet.dll
Symbol file LoadedFromMemory doesn't match image C:\Users\aleza\My project (1)\Library\PackageCache\com.unity.visualscripting@1.8.0\Editor\VisualScripting.Core\Dependencies\DotNetZip\Unity.VisualScripting.IonicZip.dll
- Loaded All Assemblies, in  0.805 seconds
Refreshing native plugins compatible for Editor in 2.89 ms, found 3 plugins.
Native extension for WindowsStandalone target not found
Mono: successfully reloaded assembly
- Finished resetting the current domain, in  1.123 seconds
Domain Reload Profiling:
	ReloadAssembly (238ms)
		BeginReloadAssembly (151ms)
			ExecutionOrderSort (0ms)
			DisableScriptedObjects (6ms)
			BackupInstance (0ms)
			ReleaseScriptingObjects (0ms)
			CreateAndSetChildDomain (39ms)
		LoadAllAssembliesAndSetupDomain (564ms)
			LoadAssemblies (284ms)
			RebuildTransferFunctionScriptingTraits (0ms)
			SetupTypeCache (346ms)
				TypeCache.Initialize (342ms)
					TypeCache.ScanAssembly (335ms)
				ResolveRequiredComponents (4ms)
		FinalizeReload (0ms)
			ReleaseScriptCaches (0ms)
			RebuildScriptCaches (0ms)
			SetupLoadedEditorAssemblies (535ms)
				LogAssemblyErrors (0ms)
				InitializePlatformSupportModulesInManaged (10ms)
				SetLoadedEditorAssemblies (4ms)
				RefreshPlugins (0ms)
				BeforeProcessingInitializeOnLoad (84ms)
				ProcessInitializeOnLoadAttributes (397ms)
				ProcessInitializeOnLoadMethodAttributes (31ms)
				AfterProcessingInitializeOnLoad (9ms)
				EditorAssembliesLoaded (0ms)
			ExecutionOrderSort2 (0ms)
			AwakeInstancesAfterBackupRestoration (12ms)
Refreshing native plugins compatible for Editor in 4.78 ms, found 3 plugins.
Preloading 0 native plugins for Editor in 0.00 ms.
Unloading 3119 Unused Serialized files (Serialized files now loaded: 0)
Unloading 20 unused Assets / (30.5 KB). Loaded Objects now: 3969.
Memory consumption went from 113.1 MB to 113.1 MB.
Total: 4.331000 ms (FindLiveObjects: 0.389800 ms CreateObjectMapping: 0.422700 ms MarkObjects: 3.469700 ms  DeleteObjects: 0.047500 ms)

Prepare: number of updated asset objects reloaded= 0
AssetImportParameters requested are different than current active one (requested -> active):
  custom:container-demuxer-ogg: 62fdf1f143b41e24485cea50d1cbac27 -> 
  custom:video-codec-MediaFoundation-h265: 746d11721c4dcdbdad8f713fa42b33f4 -> 
  custom:video-decoder-ogg-theora: a1e56fd34408186e4bbccfd4996cb3dc -> 
  custom:framework-win-MediaFoundation: 216162199b28c13a410421893ffa2e32 -> 
  custom:container-demuxer-webm: 4f35f7cbe854078d1ac9338744f61a02 -> 
  custom:container-muxer-webm: aa71ff27fc2769a1b78a27578f13a17b -> 
  custom:video-decoder-webm-vp8: 9c59270c3fd7afecdb556c50c9e8de78 -> 
  custom:AudioImporter_EditorPlatform: d09bf68614088b80899f8185d706f6e7 -> 
  custom:video-encoder-webm-vp8: eb34c28f22e8b96e1ab97ce403110664 -> 
  custom:audio-decoder-ogg-vorbis: bf7c407c2cedff20999df2af8eb42d56 -> 
  custom:audio-encoder-webm-vorbis: bf7c407c2cedff20999df2af8eb42d56 -> 
========================================================================
Received Prepare
Begin MonoManager ReloadAssembly
Symbol file LoadedFromMemory doesn't match image C:\Users\aleza\My project (1)\Library\PackageCache\com.unity.visualscripting@1.8.0\Editor\VisualScripting.Core\Dependencies\YamlDotNet\Unity.VisualScripting.YamlDotNet.dll
Symbol file LoadedFromMemory doesn't match image C:\Users\aleza\My project (1)\Library\PackageCache\com.unity.visualscripting@1.8.0\Editor\VisualScripting.Core\Dependencies\DotNetZip\Unity.VisualScripting.IonicZip.dll
- Loaded All Assemblies, in  0.980 seconds
Refreshing native plugins compatible for Editor in 4.38 ms, found 3 plugins.
Native extension for WindowsStandalone target not found
Mono: successfully reloaded assembly
- Finished resetting the current domain, in  0.973 seconds
Domain Reload Profiling:
	ReloadAssembly (289ms)
		BeginReloadAssembly (176ms)
			ExecutionOrderSort (0ms)
			DisableScriptedObjects (6ms)
			BackupInstance (0ms)
			ReleaseScriptingObjects (0ms)
			CreateAndSetChildDomain (50ms)
		LoadAllAssembliesAndSetupDomain (687ms)
			LoadAssemblies (326ms)
			RebuildTransferFunctionScriptingTraits (0ms)
			SetupTypeCache (433ms)
				TypeCache.Initialize (423ms)
					TypeCache.ScanAssembly (416ms)
				ResolveRequiredComponents (6ms)
		FinalizeReload (0ms)
			ReleaseScriptCaches (0ms)
			RebuildScriptCaches (0ms)
			SetupLoadedEditorAssemblies (467ms)
				LogAssemblyErrors (0ms)
				InitializePlatformSupportModulesInManaged (6ms)
				SetLoadedEditorAssemblies (3ms)
				RefreshPlugins (0ms)
				BeforeProcessingInitializeOnLoad (82ms)
				ProcessInitializeOnLoadAttributes (345ms)
				ProcessInitializeOnLoadMethodAttributes (24ms)
				AfterProcessingInitializeOnLoad (7ms)
				EditorAssembliesLoaded (0ms)
			ExecutionOrderSort2 (0ms)
			AwakeInstancesAfterBackupRestoration (8ms)
Refreshing native plugins compatible for Editor in 2.64 ms, found 3 plugins.
Preloading 0 native plugins for Editor in 0.00 ms.
Unloading 3119 Unused Serialized files (Serialized files now loaded: 0)
Unloading 20 unused Assets / (30.6 KB). Loaded Objects now: 3972.
Memory consumption went from 113.1 MB to 113.1 MB.
Total: 2.832200 ms (FindLiveObjects: 0.317300 ms CreateObjectMapping: 0.207500 ms MarkObjects: 2.267200 ms  DeleteObjects: 0.038300 ms)

Prepare: number of updated asset objects reloaded= 0
AssetImportParameters requested are different than current active one (requested -> active):
  custom:container-demuxer-ogg: 62fdf1f143b41e24485cea50d1cbac27 -> 
  custom:video-codec-MediaFoundation-h265: 746d11721c4dcdbdad8f713fa42b33f4 -> 
  custom:video-decoder-ogg-theora: a1e56fd34408186e4bbccfd4996cb3dc -> 
  custom:framework-win-MediaFoundation: 216162199b28c13a410421893ffa2e32 -> 
  custom:container-demuxer-webm: 4f35f7cbe854078d1ac9338744f61a02 -> 
  custom:container-muxer-webm: aa71ff27fc2769a1b78a27578f13a17b -> 
  custom:video-decoder-webm-vp8: 9c59270c3fd7afecdb556c50c9e8de78 -> 
  custom:AudioImporter_EditorPlatform: d09bf68614088b80899f8185d706f6e7 -> 
  custom:video-encoder-webm-vp8: eb34c28f22e8b96e1ab97ce403110664 -> 
  custom:audio-decoder-ogg-vorbis: bf7c407c2cedff20999df2af8eb42d56 -> 
  custom:audio-encoder-webm-vorbis: bf7c407c2cedff20999df2af8eb42d56 -> 
========================================================================
Received Prepare
Begin MonoManager ReloadAssembly
Symbol file LoadedFromMemory doesn't match image C:\Users\aleza\My project (1)\Library\PackageCache\com.unity.visualscripting@1.8.0\Editor\VisualScripting.Core\Dependencies\YamlDotNet\Unity.VisualScripting.YamlDotNet.dll
Symbol file LoadedFromMemory doesn't match image C:\Users\aleza\My project (1)\Library\PackageCache\com.unity.visualscripting@1.8.0\Editor\VisualScripting.Core\Dependencies\DotNetZip\Unity.VisualScripting.IonicZip.dll
- Loaded All Assemblies, in  0.818 seconds
Refreshing native plugins compatible for Editor in 4.03 ms, found 3 plugins.
Native extension for WindowsStandalone target not found
Mono: successfully reloaded assembly
- Finished resetting the current domain, in  1.248 seconds
Domain Reload Profiling:
	ReloadAssembly (279ms)
		BeginReloadAssembly (188ms)
			ExecutionOrderSort (0ms)
			DisableScriptedObjects (8ms)
			BackupInstance (0ms)
			ReleaseScriptingObjects (0ms)
			CreateAndSetChildDomain (39ms)
		LoadAllAssembliesAndSetupDomain (536ms)
			LoadAssemblies (310ms)
			RebuildTransferFunctionScriptingTraits (0ms)
			SetupTypeCache (321ms)
				TypeCache.Initialize (317ms)
					TypeCache.ScanAssembly (311ms)
				ResolveRequiredComponents (4ms)
		FinalizeReload (0ms)
			ReleaseScriptCaches (0ms)
			RebuildScriptCaches (0ms)
			SetupLoadedEditorAssemblies (621ms)
				LogAssemblyErrors (0ms)
				InitializePlatformSupportModulesInManaged (10ms)
				SetLoadedEditorAssemblies (5ms)
				RefreshPlugins (0ms)
				BeforeProcessingInitializeOnLoad (124ms)
				ProcessInitializeOnLoadAttributes (440ms)
				ProcessInitializeOnLoadMethodAttributes (32ms)
				AfterProcessingInitializeOnLoad (11ms)
				EditorAssembliesLoaded (0ms)
			ExecutionOrderSort2 (0ms)
			AwakeInstancesAfterBackupRestoration (12ms)
Refreshing native plugins compatible for Editor in 6.59 ms, found 3 plugins.
Preloading 0 native plugins for Editor in 0.00 ms.
Unloading 3119 Unused Serialized files (Serialized files now loaded: 0)
Unloading 20 unused Assets / (30.6 KB). Loaded Objects now: 3975.
Memory consumption went from 113.2 MB to 113.1 MB.
Total: 5.927000 ms (FindLiveObjects: 0.481400 ms CreateObjectMapping: 0.415900 ms MarkObjects: 4.978400 ms  DeleteObjects: 0.050000 ms)

Prepare: number of updated asset objects reloaded= 0
AssetImportParameters requested are different than current active one (requested -> active):
  custom:container-demuxer-ogg: 62fdf1f143b41e24485cea50d1cbac27 -> 
  custom:video-codec-MediaFoundation-h265: 746d11721c4dcdbdad8f713fa42b33f4 -> 
  custom:video-decoder-ogg-theora: a1e56fd34408186e4bbccfd4996cb3dc -> 
  custom:framework-win-MediaFoundation: 216162199b28c13a410421893ffa2e32 -> 
  custom:container-demuxer-webm: 4f35f7cbe854078d1ac9338744f61a02 -> 
  custom:container-muxer-webm: aa71ff27fc2769a1b78a27578f13a17b -> 
  custom:video-decoder-webm-vp8: 9c59270c3fd7afecdb556c50c9e8de78 -> 
  custom:AudioImporter_EditorPlatform: d09bf68614088b80899f8185d706f6e7 -> 
  custom:video-encoder-webm-vp8: eb34c28f22e8b96e1ab97ce403110664 -> 
  custom:audio-decoder-ogg-vorbis: bf7c407c2cedff20999df2af8eb42d56 -> 
  custom:audio-encoder-webm-vorbis: bf7c407c2cedff20999df2af8eb42d56 -> 
========================================================================
Received Prepare
Begin MonoManager ReloadAssembly
Symbol file LoadedFromMemory doesn't match image C:\Users\aleza\My project (1)\Library\PackageCache\com.unity.visualscripting@1.8.0\Editor\VisualScripting.Core\Dependencies\YamlDotNet\Unity.VisualScripting.YamlDotNet.dll
Symbol file LoadedFromMemory doesn't match image C:\Users\aleza\My project (1)\Library\PackageCache\com.unity.visualscripting@1.8.0\Editor\VisualScripting.Core\Dependencies\DotNetZip\Unity.VisualScripting.IonicZip.dll
- Loaded All Assemblies, in  1.003 seconds
Refreshing native plugins compatible for Editor in 4.20 ms, found 3 plugins.
Native extension for WindowsStandalone target not found
Mono: successfully reloaded assembly
- Finished resetting the current domain, in  0.907 seconds
Domain Reload Profiling:
	ReloadAssembly (300ms)
		BeginReloadAssembly (189ms)
			ExecutionOrderSort (0ms)
			DisableScriptedObjects (10ms)
			BackupInstance (0ms)
			ReleaseScriptingObjects (0ms)
			CreateAndSetChildDomain (47ms)
		LoadAllAssembliesAndSetupDomain (700ms)
			LoadAssemblies (325ms)
			RebuildTransferFunctionScriptingTraits (0ms)
			SetupTypeCache (455ms)
				TypeCache.Initialize (444ms)
					TypeCache.ScanAssembly (437ms)
				ResolveRequiredComponents (8ms)
		FinalizeReload (0ms)
			ReleaseScriptCaches (0ms)
			RebuildScriptCaches (0ms)
			SetupLoadedEditorAssemblies (398ms)
				LogAssemblyErrors (0ms)
				InitializePlatformSupportModulesInManaged (5ms)
				SetLoadedEditorAssemblies (3ms)
				RefreshPlugins (0ms)
				BeforeProcessingInitializeOnLoad (60ms)
				ProcessInitializeOnLoadAttributes (301ms)
				ProcessInitializeOnLoadMethodAttributes (24ms)
				AfterProcessingInitializeOnLoad (6ms)
				EditorAssembliesLoaded (0ms)
			ExecutionOrderSort2 (0ms)
			AwakeInstancesAfterBackupRestoration (8ms)
Refreshing native plugins compatible for Editor in 2.69 ms, found 3 plugins.
Preloading 0 native plugins for Editor in 0.00 ms.
Unloading 3119 Unused Serialized files (Serialized files now loaded: 0)
Unloading 20 unused Assets / (30.6 KB). Loaded Objects now: 3978.
Memory consumption went from 113.2 MB to 113.1 MB.
Total: 3.331400 ms (FindLiveObjects: 0.328100 ms CreateObjectMapping: 0.238000 ms MarkObjects: 2.702700 ms  DeleteObjects: 0.061800 ms)

Prepare: number of updated asset objects reloaded= 0
AssetImportParameters requested are different than current active one (requested -> active):
  custom:container-demuxer-ogg: 62fdf1f143b41e24485cea50d1cbac27 -> 
  custom:video-codec-MediaFoundation-h265: 746d11721c4dcdbdad8f713fa42b33f4 -> 
  custom:video-decoder-ogg-theora: a1e56fd34408186e4bbccfd4996cb3dc -> 
  custom:framework-win-MediaFoundation: 216162199b28c13a410421893ffa2e32 -> 
  custom:container-demuxer-webm: 4f35f7cbe854078d1ac9338744f61a02 -> 
  custom:container-muxer-webm: aa71ff27fc2769a1b78a27578f13a17b -> 
  custom:video-decoder-webm-vp8: 9c59270c3fd7afecdb556c50c9e8de78 -> 
  custom:AudioImporter_EditorPlatform: d09bf68614088b80899f8185d706f6e7 -> 
  custom:video-encoder-webm-vp8: eb34c28f22e8b96e1ab97ce403110664 -> 
  custom:audio-decoder-ogg-vorbis: bf7c407c2cedff20999df2af8eb42d56 -> 
  custom:audio-encoder-webm-vorbis: bf7c407c2cedff20999df2af8eb42d56 -> 
========================================================================
Received Prepare
Begin MonoManager ReloadAssembly
Symbol file LoadedFromMemory doesn't match image C:\Users\aleza\My project (1)\Library\PackageCache\com.unity.visualscripting@1.8.0\Editor\VisualScripting.Core\Dependencies\YamlDotNet\Unity.VisualScripting.YamlDotNet.dll
Symbol file LoadedFromMemory doesn't match image C:\Users\aleza\My project (1)\Library\PackageCache\com.unity.visualscripting@1.8.0\Editor\VisualScripting.Core\Dependencies\DotNetZip\Unity.VisualScripting.IonicZip.dll
- Loaded All Assemblies, in  0.905 seconds
Refreshing native plugins compatible for Editor in 4.33 ms, found 3 plugins.
Native extension for WindowsStandalone target not found
Mono: successfully reloaded assembly
- Finished resetting the current domain, in  1.407 seconds
Domain Reload Profiling:
	ReloadAssembly (266ms)
		BeginReloadAssembly (171ms)
			ExecutionOrderSort (0ms)
			DisableScriptedObjects (6ms)
			BackupInstance (0ms)
			ReleaseScriptingObjects (0ms)
			CreateAndSetChildDomain (42ms)
		LoadAllAssembliesAndSetupDomain (635ms)
			LoadAssemblies (321ms)
			RebuildTransferFunctionScriptingTraits (0ms)
			SetupTypeCache (396ms)
				TypeCache.Initialize (389ms)
					TypeCache.ScanAssembly (380ms)
				ResolveRequiredComponents (7ms)
		FinalizeReload (0ms)
			ReleaseScriptCaches (0ms)
			RebuildScriptCaches (0ms)
			SetupLoadedEditorAssemblies (617ms)
				LogAssemblyErrors (0ms)
				InitializePlatformSupportModulesInManaged (9ms)
				SetLoadedEditorAssemblies (4ms)
				RefreshPlugins (0ms)
				BeforeProcessingInitializeOnLoad (96ms)
				ProcessInitializeOnLoadAttributes (466ms)
				ProcessInitializeOnLoadMethodAttributes (33ms)
				AfterProcessingInitializeOnLoad (10ms)
				EditorAssembliesLoaded (0ms)
			ExecutionOrderSort2 (0ms)
			AwakeInstancesAfterBackupRestoration (12ms)
Refreshing native plugins compatible for Editor in 4.34 ms, found 3 plugins.
Preloading 0 native plugins for Editor in 0.00 ms.
Unloading 3119 Unused Serialized files (Serialized files now loaded: 0)
Unloading 20 unused Assets / (30.5 KB). Loaded Objects now: 3981.
Memory consumption went from 113.2 MB to 113.1 MB.
Total: 4.938800 ms (FindLiveObjects: 0.747200 ms CreateObjectMapping: 0.506000 ms MarkObjects: 3.601100 ms  DeleteObjects: 0.082200 ms)

Prepare: number of updated asset objects reloaded= 0
AssetImportParameters requested are different than current active one (requested -> active):
  custom:container-demuxer-ogg: 62fdf1f143b41e24485cea50d1cbac27 -> 
  custom:video-codec-MediaFoundation-h265: 746d11721c4dcdbdad8f713fa42b33f4 -> 
  custom:video-decoder-ogg-theora: a1e56fd34408186e4bbccfd4996cb3dc -> 
  custom:framework-win-MediaFoundation: 216162199b28c13a410421893ffa2e32 -> 
  custom:container-demuxer-webm: 4f35f7cbe854078d1ac9338744f61a02 -> 
  custom:container-muxer-webm: aa71ff27fc2769a1b78a27578f13a17b -> 
  custom:video-decoder-webm-vp8: 9c59270c3fd7afecdb556c50c9e8de78 -> 
  custom:AudioImporter_EditorPlatform: d09bf68614088b80899f8185d706f6e7 -> 
  custom:video-encoder-webm-vp8: eb34c28f22e8b96e1ab97ce403110664 -> 
  custom:audio-decoder-ogg-vorbis: bf7c407c2cedff20999df2af8eb42d56 -> 
  custom:audio-encoder-webm-vorbis: bf7c407c2cedff20999df2af8eb42d56 -> 
========================================================================
Received Prepare
Begin MonoManager ReloadAssembly
Symbol file LoadedFromMemory doesn't match image C:\Users\aleza\My project (1)\Library\PackageCache\com.unity.visualscripting@1.8.0\Editor\VisualScripting.Core\Dependencies\YamlDotNet\Unity.VisualScripting.YamlDotNet.dll
Symbol file LoadedFromMemory doesn't match image C:\Users\aleza\My project (1)\Library\PackageCache\com.unity.visualscripting@1.8.0\Editor\VisualScripting.Core\Dependencies\DotNetZip\Unity.VisualScripting.IonicZip.dll
- Loaded All Assemblies, in  0.835 seconds
Refreshing native plugins compatible for Editor in 4.43 ms, found 3 plugins.
Native extension for WindowsStandalone target not found
Mono: successfully reloaded assembly
- Finished resetting the current domain, in  0.963 seconds
Domain Reload Profiling:
	ReloadAssembly (269ms)
		BeginReloadAssembly (178ms)
			ExecutionOrderSort (0ms)
			DisableScriptedObjects (7ms)
			BackupInstance (0ms)
			ReleaseScriptingObjects (0ms)
			CreateAndSetChildDomain (46ms)
		LoadAllAssembliesAndSetupDomain (562ms)
			LoadAssemblies (312ms)
			RebuildTransferFunctionScriptingTraits (0ms)
			SetupTypeCache (332ms)
				TypeCache.Initialize (326ms)
					TypeCache.ScanAssembly (320ms)
				ResolveRequiredComponents (4ms)
		FinalizeReload (0ms)
			ReleaseScriptCaches (0ms)
			RebuildScriptCaches (0ms)
			SetupLoadedEditorAssemblies (455ms)
				LogAssemblyErrors (0ms)
				InitializePlatformSupportModulesInManaged (7ms)
				SetLoadedEditorAssemblies (4ms)
				RefreshPlugins (0ms)
				BeforeProcessingInitializeOnLoad (83ms)
				ProcessInitializeOnLoadAttributes (336ms)
				ProcessInitializeOnLoadMethodAttributes (18ms)
				AfterProcessingInitializeOnLoad (6ms)
				EditorAssembliesLoaded (0ms)
			ExecutionOrderSort2 (0ms)
			AwakeInstancesAfterBackupRestoration (8ms)
Refreshing native plugins compatible for Editor in 2.90 ms, found 3 plugins.
Preloading 0 native plugins for Editor in 0.00 ms.
Unloading 3119 Unused Serialized files (Serialized files now loaded: 0)
Unloading 20 unused Assets / (30.5 KB). Loaded Objects now: 3984.
Memory consumption went from 113.2 MB to 113.1 MB.
Total: 3.816900 ms (FindLiveObjects: 0.334200 ms CreateObjectMapping: 0.265700 ms MarkObjects: 3.168700 ms  DeleteObjects: 0.047500 ms)

Prepare: number of updated asset objects reloaded= 0
AssetImportParameters requested are different than current active one (requested -> active):
  custom:container-demuxer-ogg: 62fdf1f143b41e24485cea50d1cbac27 -> 
  custom:video-codec-MediaFoundation-h265: 746d11721c4dcdbdad8f713fa42b33f4 -> 
  custom:video-decoder-ogg-theora: a1e56fd34408186e4bbccfd4996cb3dc -> 
  custom:framework-win-MediaFoundation: 216162199b28c13a410421893ffa2e32 -> 
  custom:container-demuxer-webm: 4f35f7cbe854078d1ac9338744f61a02 -> 
  custom:container-muxer-webm: aa71ff27fc2769a1b78a27578f13a17b -> 
  custom:video-decoder-webm-vp8: 9c59270c3fd7afecdb556c50c9e8de78 -> 
  custom:AudioImporter_EditorPlatform: d09bf68614088b80899f8185d706f6e7 -> 
  custom:video-encoder-webm-vp8: eb34c28f22e8b96e1ab97ce403110664 -> 
  custom:audio-decoder-ogg-vorbis: bf7c407c2cedff20999df2af8eb42d56 -> 
  custom:audio-encoder-webm-vorbis: bf7c407c2cedff20999df2af8eb42d56 -> 
========================================================================
Received Prepare
Begin MonoManager ReloadAssembly
Symbol file LoadedFromMemory doesn't match image C:\Users\aleza\My project (1)\Library\PackageCache\com.unity.visualscripting@1.8.0\Editor\VisualScripting.Core\Dependencies\YamlDotNet\Unity.VisualScripting.YamlDotNet.dll
Symbol file LoadedFromMemory doesn't match image C:\Users\aleza\My project (1)\Library\PackageCache\com.unity.visualscripting@1.8.0\Editor\VisualScripting.Core\Dependencies\DotNetZip\Unity.VisualScripting.IonicZip.dll
- Loaded All Assemblies, in  0.821 seconds
Refreshing native plugins compatible for Editor in 4.15 ms, found 3 plugins.
Native extension for WindowsStandalone target not found
Mono: successfully reloaded assembly
- Finished resetting the current domain, in  0.825 seconds
Domain Reload Profiling:
	ReloadAssembly (279ms)
		BeginReloadAssembly (191ms)
			ExecutionOrderSort (0ms)
			DisableScriptedObjects (9ms)
			BackupInstance (0ms)
			ReleaseScriptingObjects (0ms)
			CreateAndSetChildDomain (48ms)
		LoadAllAssembliesAndSetupDomain (540ms)
			LoadAssemblies (296ms)
			RebuildTransferFunctionScriptingTraits (0ms)
			SetupTypeCache (328ms)
				TypeCache.Initialize (320ms)
					TypeCache.ScanAssembly (312ms)
				ResolveRequiredComponents (6ms)
		FinalizeReload (0ms)
			ReleaseScriptCaches (0ms)
			RebuildScriptCaches (0ms)
			SetupLoadedEditorAssemblies (356ms)
				LogAssemblyErrors (0ms)
				InitializePlatformSupportModulesInManaged (5ms)
				SetLoadedEditorAssemblies (4ms)
				RefreshPlugins (0ms)
				BeforeProcessingInitializeOnLoad (61ms)
				ProcessInitializeOnLoadAttributes (262ms)
				ProcessInitializeOnLoadMethodAttributes (18ms)
				AfterProcessingInitializeOnLoad (6ms)
				EditorAssembliesLoaded (0ms)
			ExecutionOrderSort2 (0ms)
			AwakeInstancesAfterBackupRestoration (10ms)
Refreshing native plugins compatible for Editor in 2.94 ms, found 3 plugins.
Preloading 0 native plugins for Editor in 0.00 ms.
Unloading 3119 Unused Serialized files (Serialized files now loaded: 0)
Unloading 20 unused Assets / (30.5 KB). Loaded Objects now: 3987.
Memory consumption went from 113.2 MB to 113.1 MB.
Total: 2.792700 ms (FindLiveObjects: 0.290000 ms CreateObjectMapping: 0.228700 ms MarkObjects: 2.235500 ms  DeleteObjects: 0.037700 ms)

Prepare: number of updated asset objects reloaded= 0
AssetImportParameters requested are different than current active one (requested -> active):
  custom:container-demuxer-ogg: 62fdf1f143b41e24485cea50d1cbac27 -> 
  custom:video-codec-MediaFoundation-h265: 746d11721c4dcdbdad8f713fa42b33f4 -> 
  custom:video-decoder-ogg-theora: a1e56fd34408186e4bbccfd4996cb3dc -> 
  custom:framework-win-MediaFoundation: 216162199b28c13a410421893ffa2e32 -> 
  custom:container-demuxer-webm: 4f35f7cbe854078d1ac9338744f61a02 -> 
  custom:container-muxer-webm: aa71ff27fc2769a1b78a27578f13a17b -> 
  custom:video-decoder-webm-vp8: 9c59270c3fd7afecdb556c50c9e8de78 -> 
  custom:AudioImporter_EditorPlatform: d09bf68614088b80899f8185d706f6e7 -> 
  custom:video-encoder-webm-vp8: eb34c28f22e8b96e1ab97ce403110664 -> 
  custom:audio-decoder-ogg-vorbis: bf7c407c2cedff20999df2af8eb42d56 -> 
  custom:audio-encoder-webm-vorbis: bf7c407c2cedff20999df2af8eb42d56 -> 
========================================================================
Received Prepare
Begin MonoManager ReloadAssembly
Symbol file LoadedFromMemory doesn't match image C:\Users\aleza\My project (1)\Library\PackageCache\com.unity.visualscripting@1.8.0\Editor\VisualScripting.Core\Dependencies\YamlDotNet\Unity.VisualScripting.YamlDotNet.dll
Symbol file LoadedFromMemory doesn't match image C:\Users\aleza\My project (1)\Library\PackageCache\com.unity.visualscripting@1.8.0\Editor\VisualScripting.Core\Dependencies\DotNetZip\Unity.VisualScripting.IonicZip.dll
- Loaded All Assemblies, in  0.982 seconds
Refreshing native plugins compatible for Editor in 2.69 ms, found 3 plugins.
Native extension for WindowsStandalone target not found
Mono: successfully reloaded assembly
- Finished resetting the current domain, in  0.936 seconds
Domain Reload Profiling:
	ReloadAssembly (319ms)
		BeginReloadAssembly (201ms)
			ExecutionOrderSort (0ms)
			DisableScriptedObjects (9ms)
			BackupInstance (0ms)
			ReleaseScriptingObjects (0ms)
			CreateAndSetChildDomain (48ms)
		LoadAllAssembliesAndSetupDomain (659ms)
			LoadAssemblies (354ms)
			RebuildTransferFunctionScriptingTraits (0ms)
			SetupTypeCache (407ms)
				TypeCache.Initialize (400ms)
					TypeCache.ScanAssembly (394ms)
				ResolveRequiredComponents (4ms)
		FinalizeReload (0ms)
			ReleaseScriptCaches (0ms)
			RebuildScriptCaches (0ms)
			SetupLoadedEditorAssemblies (436ms)
				LogAssemblyErrors (0ms)
				InitializePlatformSupportModulesInManaged (8ms)
				SetLoadedEditorAssemblies (3ms)
				RefreshPlugins (0ms)
				BeforeProcessingInitializeOnLoad (73ms)
				ProcessInitializeOnLoadAttributes (324ms)
				ProcessInitializeOnLoadMethodAttributes (21ms)
				AfterProcessingInitializeOnLoad (6ms)
				EditorAssembliesLoaded (0ms)
			ExecutionOrderSort2 (0ms)
			AwakeInstancesAfterBackupRestoration (8ms)
Refreshing native plugins compatible for Editor in 3.07 ms, found 3 plugins.
Preloading 0 native plugins for Editor in 0.00 ms.
Unloading 3119 Unused Serialized files (Serialized files now loaded: 0)
Unloading 20 unused Assets / (30.6 KB). Loaded Objects now: 3990.
Memory consumption went from 113.2 MB to 113.1 MB.
Total: 3.329200 ms (FindLiveObjects: 0.381100 ms CreateObjectMapping: 0.252800 ms MarkObjects: 2.645200 ms  DeleteObjects: 0.049200 ms)

Prepare: number of updated asset objects reloaded= 0
AssetImportParameters requested are different than current active one (requested -> active):
  custom:container-demuxer-ogg: 62fdf1f143b41e24485cea50d1cbac27 -> 
  custom:video-codec-MediaFoundation-h265: 746d11721c4dcdbdad8f713fa42b33f4 -> 
  custom:video-decoder-ogg-theora: a1e56fd34408186e4bbccfd4996cb3dc -> 
  custom:framework-win-MediaFoundation: 216162199b28c13a410421893ffa2e32 -> 
  custom:container-demuxer-webm: 4f35f7cbe854078d1ac9338744f61a02 -> 
  custom:container-muxer-webm: aa71ff27fc2769a1b78a27578f13a17b -> 
  custom:video-decoder-webm-vp8: 9c59270c3fd7afecdb556c50c9e8de78 -> 
  custom:AudioImporter_EditorPlatform: d09bf68614088b80899f8185d706f6e7 -> 
  custom:video-encoder-webm-vp8: eb34c28f22e8b96e1ab97ce403110664 -> 
  custom:audio-decoder-ogg-vorbis: bf7c407c2cedff20999df2af8eb42d56 -> 
  custom:audio-encoder-webm-vorbis: bf7c407c2cedff20999df2af8eb42d56 -> 
========================================================================
Received Prepare
Begin MonoManager ReloadAssembly
Symbol file LoadedFromMemory doesn't match image C:\Users\aleza\My project (1)\Library\PackageCache\com.unity.visualscripting@1.8.0\Editor\VisualScripting.Core\Dependencies\YamlDotNet\Unity.VisualScripting.YamlDotNet.dll
Symbol file LoadedFromMemory doesn't match image C:\Users\aleza\My project (1)\Library\PackageCache\com.unity.visualscripting@1.8.0\Editor\VisualScripting.Core\Dependencies\DotNetZip\Unity.VisualScripting.IonicZip.dll
- Loaded All Assemblies, in  0.823 seconds
Refreshing native plugins compatible for Editor in 4.18 ms, found 3 plugins.
Native extension for WindowsStandalone target not found
Mono: successfully reloaded assembly
- Finished resetting the current domain, in  1.190 seconds
Domain Reload Profiling:
	ReloadAssembly (240ms)
		BeginReloadAssembly (160ms)
			ExecutionOrderSort (0ms)
			DisableScriptedObjects (6ms)
			BackupInstance (0ms)
			ReleaseScriptingObjects (0ms)
			CreateAndSetChildDomain (44ms)
		LoadAllAssembliesAndSetupDomain (582ms)
			LoadAssemblies (279ms)
			RebuildTransferFunctionScriptingTraits (0ms)
			SetupTypeCache (367ms)
				TypeCache.Initialize (360ms)
					TypeCache.ScanAssembly (352ms)
				ResolveRequiredComponents (7ms)
		FinalizeReload (0ms)
			ReleaseScriptCaches (0ms)
			RebuildScriptCaches (0ms)
			SetupLoadedEditorAssemblies (540ms)
				LogAssemblyErrors (0ms)
				InitializePlatformSupportModulesInManaged (10ms)
				SetLoadedEditorAssemblies (5ms)
				RefreshPlugins (0ms)
				BeforeProcessingInitializeOnLoad (83ms)
				ProcessInitializeOnLoadAttributes (402ms)
				ProcessInitializeOnLoadMethodAttributes (30ms)
				AfterProcessingInitializeOnLoad (9ms)
				EditorAssembliesLoaded (0ms)
			ExecutionOrderSort2 (0ms)
			AwakeInstancesAfterBackupRestoration (11ms)
Refreshing native plugins compatible for Editor in 4.18 ms, found 3 plugins.
Preloading 0 native plugins for Editor in 0.00 ms.
Unloading 3119 Unused Serialized files (Serialized files now loaded: 0)
Unloading 20 unused Assets / (30.6 KB). Loaded Objects now: 3993.
Memory consumption went from 113.2 MB to 113.1 MB.
Total: 5.976400 ms (FindLiveObjects: 0.486900 ms CreateObjectMapping: 0.461600 ms MarkObjects: 4.717100 ms  DeleteObjects: 0.309700 ms)

Prepare: number of updated asset objects reloaded= 0
AssetImportParameters requested are different than current active one (requested -> active):
  custom:container-demuxer-ogg: 62fdf1f143b41e24485cea50d1cbac27 -> 
  custom:video-codec-MediaFoundation-h265: 746d11721c4dcdbdad8f713fa42b33f4 -> 
  custom:video-decoder-ogg-theora: a1e56fd34408186e4bbccfd4996cb3dc -> 
  custom:framework-win-MediaFoundation: 216162199b28c13a410421893ffa2e32 -> 
  custom:container-demuxer-webm: 4f35f7cbe854078d1ac9338744f61a02 -> 
  custom:container-muxer-webm: aa71ff27fc2769a1b78a27578f13a17b -> 
  custom:video-decoder-webm-vp8: 9c59270c3fd7afecdb556c50c9e8de78 -> 
  custom:AudioImporter_EditorPlatform: d09bf68614088b80899f8185d706f6e7 -> 
  custom:video-encoder-webm-vp8: eb34c28f22e8b96e1ab97ce403110664 -> 
  custom:audio-decoder-ogg-vorbis: bf7c407c2cedff20999df2af8eb42d56 -> 
  custom:audio-encoder-webm-vorbis: bf7c407c2cedff20999df2af8eb42d56 -> 
========================================================================
Received Prepare
Begin MonoManager ReloadAssembly
Symbol file LoadedFromMemory doesn't match image C:\Users\aleza\My project (1)\Library\PackageCache\com.unity.visualscripting@1.8.0\Editor\VisualScripting.Core\Dependencies\YamlDotNet\Unity.VisualScripting.YamlDotNet.dll
Symbol file LoadedFromMemory doesn't match image C:\Users\aleza\My project (1)\Library\PackageCache\com.unity.visualscripting@1.8.0\Editor\VisualScripting.Core\Dependencies\DotNetZip\Unity.VisualScripting.IonicZip.dll
- Loaded All Assemblies, in  0.782 seconds
Refreshing native plugins compatible for Editor in 4.06 ms, found 3 plugins.
Native extension for WindowsStandalone target not found
Mono: successfully reloaded assembly
- Finished resetting the current domain, in  0.811 seconds
Domain Reload Profiling:
	ReloadAssembly (268ms)
		BeginReloadAssembly (177ms)
			ExecutionOrderSort (0ms)
			DisableScriptedObjects (5ms)
			BackupInstance (0ms)
			ReleaseScriptingObjects (0ms)
			CreateAndSetChildDomain (50ms)
		LoadAllAssembliesAndSetupDomain (512ms)
			LoadAssemblies (292ms)
			RebuildTransferFunctionScriptingTraits (0ms)
			SetupTypeCache (299ms)
				TypeCache.Initialize (290ms)
					TypeCache.ScanAssembly (284ms)
				ResolveRequiredComponents (6ms)
		FinalizeReload (0ms)
			ReleaseScriptCaches (0ms)
			RebuildScriptCaches (0ms)
			SetupLoadedEditorAssemblies (364ms)
				LogAssemblyErrors (0ms)
				InitializePlatformSupportModulesInManaged (5ms)
				SetLoadedEditorAssemblies (3ms)
				RefreshPlugins (0ms)
				BeforeProcessingInitializeOnLoad (64ms)
				ProcessInitializeOnLoadAttributes (266ms)
				ProcessInitializeOnLoadMethodAttributes (19ms)
				AfterProcessingInitializeOnLoad (6ms)
				EditorAssembliesLoaded (0ms)
			ExecutionOrderSort2 (0ms)
			AwakeInstancesAfterBackupRestoration (8ms)
Refreshing native plugins compatible for Editor in 4.82 ms, found 3 plugins.
Preloading 0 native plugins for Editor in 0.00 ms.
Unloading 3119 Unused Serialized files (Serialized files now loaded: 0)
Unloading 20 unused Assets / (30.6 KB). Loaded Objects now: 3996.
Memory consumption went from 113.2 MB to 113.1 MB.
Total: 5.708400 ms (FindLiveObjects: 0.462700 ms CreateObjectMapping: 0.300100 ms MarkObjects: 4.874000 ms  DeleteObjects: 0.070100 ms)

Prepare: number of updated asset objects reloaded= 0
AssetImportParameters requested are different than current active one (requested -> active):
  custom:container-demuxer-ogg: 62fdf1f143b41e24485cea50d1cbac27 -> 
  custom:video-codec-MediaFoundation-h265: 746d11721c4dcdbdad8f713fa42b33f4 -> 
  custom:video-decoder-ogg-theora: a1e56fd34408186e4bbccfd4996cb3dc -> 
  custom:framework-win-MediaFoundation: 216162199b28c13a410421893ffa2e32 -> 
  custom:container-demuxer-webm: 4f35f7cbe854078d1ac9338744f61a02 -> 
  custom:container-muxer-webm: aa71ff27fc2769a1b78a27578f13a17b -> 
  custom:video-decoder-webm-vp8: 9c59270c3fd7afecdb556c50c9e8de78 -> 
  custom:AudioImporter_EditorPlatform: d09bf68614088b80899f8185d706f6e7 -> 
  custom:video-encoder-webm-vp8: eb34c28f22e8b96e1ab97ce403110664 -> 
  custom:audio-decoder-ogg-vorbis: bf7c407c2cedff20999df2af8eb42d56 -> 
  custom:audio-encoder-webm-vorbis: bf7c407c2cedff20999df2af8eb42d56 -> 
========================================================================
Received Prepare
Begin MonoManager ReloadAssembly
Symbol file LoadedFromMemory doesn't match image C:\Users\aleza\My project (1)\Library\PackageCache\com.unity.visualscripting@1.8.0\Editor\VisualScripting.Core\Dependencies\YamlDotNet\Unity.VisualScripting.YamlDotNet.dll
Symbol file LoadedFromMemory doesn't match image C:\Users\aleza\My project (1)\Library\PackageCache\com.unity.visualscripting@1.8.0\Editor\VisualScripting.Core\Dependencies\DotNetZip\Unity.VisualScripting.IonicZip.dll
- Loaded All Assemblies, in  0.771 seconds
Refreshing native plugins compatible for Editor in 3.00 ms, found 3 plugins.
Native extension for WindowsStandalone target not found
Mono: successfully reloaded assembly
- Finished resetting the current domain, in  1.176 seconds
Domain Reload Profiling:
	ReloadAssembly (232ms)
		BeginReloadAssembly (155ms)
			ExecutionOrderSort (0ms)
			DisableScriptedObjects (6ms)
			BackupInstance (0ms)
			ReleaseScriptingObjects (0ms)
			CreateAndSetChildDomain (43ms)
		LoadAllAssembliesAndSetupDomain (537ms)
			LoadAssemblies (263ms)
			RebuildTransferFunctionScriptingTraits (0ms)
			SetupTypeCache (338ms)
				TypeCache.Initialize (334ms)
					TypeCache.ScanAssembly (326ms)
				ResolveRequiredComponents (4ms)
		FinalizeReload (0ms)
			ReleaseScriptCaches (0ms)
			RebuildScriptCaches (0ms)
			SetupLoadedEditorAssemblies (544ms)
				LogAssemblyErrors (0ms)
				InitializePlatformSupportModulesInManaged (9ms)
				SetLoadedEditorAssemblies (5ms)
				RefreshPlugins (0ms)
				BeforeProcessingInitializeOnLoad (82ms)
				ProcessInitializeOnLoadAttributes (405ms)
				ProcessInitializeOnLoadMethodAttributes (34ms)
				AfterProcessingInitializeOnLoad (9ms)
				EditorAssembliesLoaded (0ms)
			ExecutionOrderSort2 (0ms)
			AwakeInstancesAfterBackupRestoration (14ms)
Refreshing native plugins compatible for Editor in 4.60 ms, found 3 plugins.
Preloading 0 native plugins for Editor in 0.00 ms.
Unloading 3119 Unused Serialized files (Serialized files now loaded: 0)
Unloading 20 unused Assets / (30.6 KB). Loaded Objects now: 3999.
Memory consumption went from 113.2 MB to 113.1 MB.
Total: 4.642300 ms (FindLiveObjects: 0.579500 ms CreateObjectMapping: 0.294900 ms MarkObjects: 3.652800 ms  DeleteObjects: 0.113400 ms)

Prepare: number of updated asset objects reloaded= 0
AssetImportParameters requested are different than current active one (requested -> active):
  custom:container-demuxer-ogg: 62fdf1f143b41e24485cea50d1cbac27 -> 
  custom:video-codec-MediaFoundation-h265: 746d11721c4dcdbdad8f713fa42b33f4 -> 
  custom:video-decoder-ogg-theora: a1e56fd34408186e4bbccfd4996cb3dc -> 
  custom:framework-win-MediaFoundation: 216162199b28c13a410421893ffa2e32 -> 
  custom:container-demuxer-webm: 4f35f7cbe854078d1ac9338744f61a02 -> 
  custom:container-muxer-webm: aa71ff27fc2769a1b78a27578f13a17b -> 
  custom:video-decoder-webm-vp8: 9c59270c3fd7afecdb556c50c9e8de78 -> 
  custom:AudioImporter_EditorPlatform: d09bf68614088b80899f8185d706f6e7 -> 
  custom:video-encoder-webm-vp8: eb34c28f22e8b96e1ab97ce403110664 -> 
  custom:audio-decoder-ogg-vorbis: bf7c407c2cedff20999df2af8eb42d56 -> 
  custom:audio-encoder-webm-vorbis: bf7c407c2cedff20999df2af8eb42d56 -> 
========================================================================
Received Prepare
Begin MonoManager ReloadAssembly
Symbol file LoadedFromMemory doesn't match image C:\Users\aleza\My project (1)\Library\PackageCache\com.unity.visualscripting@1.8.0\Editor\VisualScripting.Core\Dependencies\YamlDotNet\Unity.VisualScripting.YamlDotNet.dll
Symbol file LoadedFromMemory doesn't match image C:\Users\aleza\My project (1)\Library\PackageCache\com.unity.visualscripting@1.8.0\Editor\VisualScripting.Core\Dependencies\DotNetZip\Unity.VisualScripting.IonicZip.dll
- Loaded All Assemblies, in  1.019 seconds
Refreshing native plugins compatible for Editor in 4.94 ms, found 3 plugins.
Native extension for WindowsStandalone target not found
Mono: successfully reloaded assembly
- Finished resetting the current domain, in  1.219 seconds
Domain Reload Profiling:
	ReloadAssembly (298ms)
		BeginReloadAssembly (189ms)
			ExecutionOrderSort (0ms)
			DisableScriptedObjects (9ms)
			BackupInstance (0ms)
			ReleaseScriptingObjects (0ms)
			CreateAndSetChildDomain (44ms)
		LoadAllAssembliesAndSetupDomain (717ms)
			LoadAssemblies (312ms)
			RebuildTransferFunctionScriptingTraits (0ms)
			SetupTypeCache (483ms)
				TypeCache.Initialize (472ms)
					TypeCache.ScanAssembly (461ms)
				ResolveRequiredComponents (7ms)
		FinalizeReload (0ms)
			ReleaseScriptCaches (0ms)
			RebuildScriptCaches (0ms)
			SetupLoadedEditorAssemblies (547ms)
				LogAssemblyErrors (0ms)
				InitializePlatformSupportModulesInManaged (8ms)
				SetLoadedEditorAssemblies (5ms)
				RefreshPlugins (0ms)
				BeforeProcessingInitializeOnLoad (86ms)
				ProcessInitializeOnLoadAttributes (406ms)
				ProcessInitializeOnLoadMethodAttributes (32ms)
				AfterProcessingInitializeOnLoad (9ms)
				EditorAssembliesLoaded (0ms)
			ExecutionOrderSort2 (1ms)
			AwakeInstancesAfterBackupRestoration (11ms)
Refreshing native plugins compatible for Editor in 2.76 ms, found 3 plugins.
Preloading 0 native plugins for Editor in 0.00 ms.
Unloading 3119 Unused Serialized files (Serialized files now loaded: 0)
Unloading 20 unused Assets / (30.6 KB). Loaded Objects now: 4002.
Memory consumption went from 113.2 MB to 113.1 MB.
Total: 2.757500 ms (FindLiveObjects: 0.343800 ms CreateObjectMapping: 0.254200 ms MarkObjects: 2.122700 ms  DeleteObjects: 0.036000 ms)

Prepare: number of updated asset objects reloaded= 0
AssetImportParameters requested are different than current active one (requested -> active):
  custom:container-demuxer-ogg: 62fdf1f143b41e24485cea50d1cbac27 -> 
  custom:video-codec-MediaFoundation-h265: 746d11721c4dcdbdad8f713fa42b33f4 -> 
  custom:video-decoder-ogg-theora: a1e56fd34408186e4bbccfd4996cb3dc -> 
  custom:framework-win-MediaFoundation: 216162199b28c13a410421893ffa2e32 -> 
  custom:container-demuxer-webm: 4f35f7cbe854078d1ac9338744f61a02 -> 
  custom:container-muxer-webm: aa71ff27fc2769a1b78a27578f13a17b -> 
  custom:video-decoder-webm-vp8: 9c59270c3fd7afecdb556c50c9e8de78 -> 
  custom:AudioImporter_EditorPlatform: d09bf68614088b80899f8185d706f6e7 -> 
  custom:video-encoder-webm-vp8: eb34c28f22e8b96e1ab97ce403110664 -> 
  custom:audio-decoder-ogg-vorbis: bf7c407c2cedff20999df2af8eb42d56 -> 
  custom:audio-encoder-webm-vorbis: bf7c407c2cedff20999df2af8eb42d56 -> 
========================================================================
Received Prepare
Begin MonoManager ReloadAssembly
Symbol file LoadedFromMemory doesn't match image C:\Users\aleza\My project (1)\Library\PackageCache\com.unity.visualscripting@1.8.0\Editor\VisualScripting.Core\Dependencies\YamlDotNet\Unity.VisualScripting.YamlDotNet.dll
Symbol file LoadedFromMemory doesn't match image C:\Users\aleza\My project (1)\Library\PackageCache\com.unity.visualscripting@1.8.0\Editor\VisualScripting.Core\Dependencies\DotNetZip\Unity.VisualScripting.IonicZip.dll
- Loaded All Assemblies, in  0.900 seconds
Refreshing native plugins compatible for Editor in 3.64 ms, found 3 plugins.
Native extension for WindowsStandalone target not found
Mono: successfully reloaded assembly
- Finished resetting the current domain, in  1.216 seconds
Domain Reload Profiling:
	ReloadAssembly (264ms)
		BeginReloadAssembly (167ms)
			ExecutionOrderSort (0ms)
			DisableScriptedObjects (7ms)
			BackupInstance (0ms)
			ReleaseScriptingObjects (0ms)
			CreateAndSetChildDomain (45ms)
		LoadAllAssembliesAndSetupDomain (632ms)
			LoadAssemblies (312ms)
			RebuildTransferFunctionScriptingTraits (0ms)
			SetupTypeCache (393ms)
				TypeCache.Initialize (381ms)
					TypeCache.ScanAssembly (372ms)
				ResolveRequiredComponents (8ms)
		FinalizeReload (0ms)
			ReleaseScriptCaches (0ms)
			RebuildScriptCaches (0ms)
			SetupLoadedEditorAssemblies (515ms)
				LogAssemblyErrors (0ms)
				InitializePlatformSupportModulesInManaged (8ms)
				SetLoadedEditorAssemblies (4ms)
				RefreshPlugins (0ms)
				BeforeProcessingInitializeOnLoad (71ms)
				ProcessInitializeOnLoadAttributes (388ms)
				ProcessInitializeOnLoadMethodAttributes (32ms)
				AfterProcessingInitializeOnLoad (11ms)
				EditorAssembliesLoaded (0ms)
			ExecutionOrderSort2 (0ms)
			AwakeInstancesAfterBackupRestoration (14ms)
Refreshing native plugins compatible for Editor in 5.66 ms, found 3 plugins.
Preloading 0 native plugins for Editor in 0.00 ms.
Unloading 3119 Unused Serialized files (Serialized files now loaded: 0)
Unloading 20 unused Assets / (30.6 KB). Loaded Objects now: 4005.
Memory consumption went from 113.2 MB to 113.1 MB.
Total: 4.873000 ms (FindLiveObjects: 1.237400 ms CreateObjectMapping: 0.336900 ms MarkObjects: 3.249500 ms  DeleteObjects: 0.047200 ms)

Prepare: number of updated asset objects reloaded= 0
AssetImportParameters requested are different than current active one (requested -> active):
  custom:container-demuxer-ogg: 62fdf1f143b41e24485cea50d1cbac27 -> 
  custom:video-codec-MediaFoundation-h265: 746d11721c4dcdbdad8f713fa42b33f4 -> 
  custom:video-decoder-ogg-theora: a1e56fd34408186e4bbccfd4996cb3dc -> 
  custom:framework-win-MediaFoundation: 216162199b28c13a410421893ffa2e32 -> 
  custom:container-demuxer-webm: 4f35f7cbe854078d1ac9338744f61a02 -> 
  custom:container-muxer-webm: aa71ff27fc2769a1b78a27578f13a17b -> 
  custom:video-decoder-webm-vp8: 9c59270c3fd7afecdb556c50c9e8de78 -> 
  custom:AudioImporter_EditorPlatform: d09bf68614088b80899f8185d706f6e7 -> 
  custom:video-encoder-webm-vp8: eb34c28f22e8b96e1ab97ce403110664 -> 
  custom:audio-decoder-ogg-vorbis: bf7c407c2cedff20999df2af8eb42d56 -> 
  custom:audio-encoder-webm-vorbis: bf7c407c2cedff20999df2af8eb42d56 -> 
========================================================================
Received Prepare
Begin MonoManager ReloadAssembly
Symbol file LoadedFromMemory doesn't match image C:\Users\aleza\My project (1)\Library\PackageCache\com.unity.visualscripting@1.8.0\Editor\VisualScripting.Core\Dependencies\YamlDotNet\Unity.VisualScripting.YamlDotNet.dll
Symbol file LoadedFromMemory doesn't match image C:\Users\aleza\My project (1)\Library\PackageCache\com.unity.visualscripting@1.8.0\Editor\VisualScripting.Core\Dependencies\DotNetZip\Unity.VisualScripting.IonicZip.dll
- Loaded All Assemblies, in  0.884 seconds
Refreshing native plugins compatible for Editor in 3.98 ms, found 3 plugins.
Native extension for WindowsStandalone target not found
Mono: successfully reloaded assembly
- Finished resetting the current domain, in  1.319 seconds
Domain Reload Profiling:
	ReloadAssembly (265ms)
		BeginReloadAssembly (173ms)
			ExecutionOrderSort (0ms)
			DisableScriptedObjects (6ms)
			BackupInstance (0ms)
			ReleaseScriptingObjects (0ms)
			CreateAndSetChildDomain (52ms)
		LoadAllAssembliesAndSetupDomain (616ms)
			LoadAssemblies (296ms)
			RebuildTransferFunctionScriptingTraits (0ms)
			SetupTypeCache (392ms)
				TypeCache.Initialize (385ms)
					TypeCache.ScanAssembly (377ms)
				ResolveRequiredComponents (7ms)
		FinalizeReload (0ms)
			ReleaseScriptCaches (0ms)
			RebuildScriptCaches (0ms)
			SetupLoadedEditorAssemblies (631ms)
				LogAssemblyErrors (0ms)
				InitializePlatformSupportModulesInManaged (9ms)
				SetLoadedEditorAssemblies (7ms)
				RefreshPlugins (0ms)
				BeforeProcessingInitializeOnLoad (97ms)
				ProcessInitializeOnLoadAttributes (472ms)
				ProcessInitializeOnLoadMethodAttributes (37ms)
				AfterProcessingInitializeOnLoad (9ms)
				EditorAssembliesLoaded (0ms)
			ExecutionOrderSort2 (0ms)
			AwakeInstancesAfterBackupRestoration (13ms)
Refreshing native plugins compatible for Editor in 4.90 ms, found 3 plugins.
Preloading 0 native plugins for Editor in 0.00 ms.
Unloading 3119 Unused Serialized files (Serialized files now loaded: 0)
Unloading 20 unused Assets / (30.6 KB). Loaded Objects now: 4008.
Memory consumption went from 113.2 MB to 113.1 MB.
Total: 7.469400 ms (FindLiveObjects: 0.636100 ms CreateObjectMapping: 0.308300 ms MarkObjects: 6.364400 ms  DeleteObjects: 0.158900 ms)

Prepare: number of updated asset objects reloaded= 0
AssetImportParameters requested are different than current active one (requested -> active):
  custom:container-demuxer-ogg: 62fdf1f143b41e24485cea50d1cbac27 -> 
  custom:video-codec-MediaFoundation-h265: 746d11721c4dcdbdad8f713fa42b33f4 -> 
  custom:video-decoder-ogg-theora: a1e56fd34408186e4bbccfd4996cb3dc -> 
  custom:framework-win-MediaFoundation: 216162199b28c13a410421893ffa2e32 -> 
  custom:container-demuxer-webm: 4f35f7cbe854078d1ac9338744f61a02 -> 
  custom:container-muxer-webm: aa71ff27fc2769a1b78a27578f13a17b -> 
  custom:video-decoder-webm-vp8: 9c59270c3fd7afecdb556c50c9e8de78 -> 
  custom:AudioImporter_EditorPlatform: d09bf68614088b80899f8185d706f6e7 -> 
  custom:video-encoder-webm-vp8: eb34c28f22e8b96e1ab97ce403110664 -> 
  custom:audio-decoder-ogg-vorbis: bf7c407c2cedff20999df2af8eb42d56 -> 
  custom:audio-encoder-webm-vorbis: bf7c407c2cedff20999df2af8eb42d56 -> 
